あ			啊；哎呀〈感〉
ああ			啊（感叹）〈感〉
あいかわらず	[あいかわらず]		照旧；依旧〈副〉
あいさつする			打招呼；寒暄〈动3〉
あいにく			不凑巧；偏偏〈副〉
あいまい			模糊；含糊〈ナ形〉
あかちゃん			婴儿〈名〉
あかんぼう			婴儿〈名〉
あきれる			震惊；无语〈动2〉
あくどい			（颜色）过分艳丽；（手段）恶毒〈イ形〉
あくび			哈欠〈名〉
あげる	[あげる]		给（我方之外的人）；举起；提高〈动2〉
あさって			后天〈名〉
あざ笑う	[あざわらう]		【あざわらう】嘲笑〈动1〉
あした	[あした]		明天〈名〉
あそこ	[あそこ]		那里（远称）〈代〉
あたりまえ	[あたりまえ]		理所当然；平常〈ナ形〉
あちこち			到处；各处〈名〉
あちら			那边；那位（远称）〈代〉
あちらこちら			到处；四处〈名〉
あっ			啊！哎呀！〈感〉
あっさり	[あっさり]		清淡；干脆；轻易〈副〉
あっち			那边（あちら的随意说法）〈代〉
あてはまる			适用；符合〈动1〉
あてはめる			套用；使合适〈动2〉
あと	[あと]		之后；剩下；痕迹（跡）〈名〉
あなた	[あなた]		你（多用于妻子称丈夫或对陌生人）〈代〉
あの	[あの]		那个〈连体〉
あびる			浇；淋；冲；晒（太阳）〈动2〉
あふれる	[あふれる]		溢出；（信息）充满〈动2〉
あぶる			烤；烘；（火）逼近〈动1〉
あべこべ			相反；颠倒〈ナ形〉
あまり	[あまり]		太……（接否定）；（不）怎么〈副〉
あやふや			含糊；不明确〈ナ形〉
あら			哎呀（女性感叹词）〈感〉
あらすじ			梗概；情节概要〈名〉
あらゆる			所有；一切〈连体〉
あられ			霰；小冰雹；（米果）〈名〉
ありがとう			谢谢〈感〉
ありのまま	[ありのまま]		如实；原原本本〈名〉
ある	[ある]		有；在（非生命物）〈动1〉
あるいは			或者；也许〈接〉
あれ	[あれ]		那个（远指）〈代〉
あれこれ			这个那个；种种（=あれこれ）〈名〉
あわただしい			匆忙的；慌乱的〈イ形〉
あわてる	[あわてる]		慌张；惊慌〈动2〉
あんな			那样的〈连体〉
あんなに	[あんなに]		那么；那样地〈副〉
あんまり			太……（接否定）；过于〈副〉
いい			好（=いい）〈イ形〉
いいえ	[いいえ]		不；不是〈感〉
いい加減	[いいかげん]		【いいかげん】马马虎虎；适当；（接否定）不再〈ナ形〉
いえ	[いえ]		家；房子（同「家」）〈名〉
いかが	[いかが]		如何（=いかが）〈副〉
いかに	[いかに]		如何；多么（=いかに）〈副〉
いかにも	[いかにも]		的确；果然（=いかにも）〈副〉
いきなり	[いきなり]		突然；冷不防〈副〉
いく	[いく]		去（行く的随意说法）〈动1〉
いくつ			几个；几岁〈数〉
いくら	[いくら]		多少钱；多少〈名〉
いけない			不行；不可以；（〜てはいけない：不许）〈惯〉
いざ			一旦；事到临头〈副〉
いじめる			欺负；虐待〈动2〉
いじる	[いじる]		摆弄；玩弄〈动1〉
いす	[いす]		椅子〈名〉
いずれ	[いずれ]		反正；不久；哪个〈副〉
いたずら			恶作剧；（俗）好色〈名〉
いただきます	[いただきます]		我开动了（饭前用语）〈感〉
いただく	[いただく]		领受（もらう的自谦）；吃、喝（食べる的自谦）〈动1〉
いち	[いち]		市场；集市〈名〉
いちいち			一一；逐个〈副〉
いちばん	[いちばん]		第一；最〈副〉
いっそ			宁可；索性〈副〉
いっぱい	[いっぱい]		满；充满；很多；（一杯、一碗的）量〈名〉
いつ	[いつ]		什么时候〈代〉
いつか	[いつか]		迟早；哪天〈副〉
いつでも			无论何时〈副〉
いつのまにか	[いつのまにか]		不知不觉〈副〉
いつまでも	[いつまでも]		永远；始终〈副〉
いつも	[いつも]		总是；平时〈副〉
いやいや	[いやいや]		不情愿地；摇头拒绝〈副〉
いやに			特别；过分地〈副〉
いやらしい	[いやらしい]		讨厌的；下流的〈イ形〉
いよいよ	[いよいよ]		终于；越发〈副〉
いらいら			烦躁；着急〈副〉
いらっしゃい			欢迎（光临）〈感〉
いらっしゃる	[いらっしゃる]		在；来；去（いる、来る、行く的尊敬语）〈动1〉
いろいろ	[いろいろ]		各种各样〈ナ形〉
いわゆる			所谓的〈连体〉
うかがう			拜访；请教；窥视（伺う，自谦）〈动1〉
うがい			漱口〈名〉
うそ	[うそ]		谎言；不对；开玩笑〈名〉
うそつき	[うそつき]		说谎（的人）〈名〉
うち	[うち]		家；（范围）之内；之中〈名〉
うっかり			不留神；稀里糊涂〈副〉
うどん			乌冬面；面条〈名〉
うなる			呻吟；（兽）吼；感叹〈动1〉
うまい	[うまい]		好吃的；高明的；顺利的〈イ形〉
うるさい	[うるさい]		吵闹的；烦人的〈イ形〉
うれしい	[うれしい]		高兴的；喜悦的〈イ形〉
うろうろ			徘徊；慌乱不安〈副〉
うん			嗯（是的，口语）〈感〉
うんざり			厌烦；腻〈副〉
うんと			非常；（差距）大大地〈副〉
えい			鳐（鱼）〈名〉
ええ			嗯；是的〈感〉
ええと			呃；那个（犹豫时）〈感〉
おいしい	[おいしい]		好吃的；美味的〈イ形〉
おいでになる			（敬语）来；去；在〈动1〉
おおい	[おおい]		喂！（大声呼叫）〈感〉
おおざっぱ			粗略；马虎〈ナ形〉
おかげ	[おかげ]		托…的福；得益于〈名〉
おかげさまで			托您的福〈副〉
おかしい	[おかしい]		奇怪的；可笑的〈イ形〉
おかず			下饭菜；菜肴〈名〉
おくさん			夫人；太太〈名〉
おさきに			先（走）；我先告辞〈副〉
おしゃべり			闲聊；爱说话（的人）〈名〉
おしゃれ			时髦；爱打扮（的人）〈ナ形〉
おじいさん	[おじいさん]		爷爷；外公；老爷爷〈名〉
おじゃまします			打扰了（进门前）〈感〉
おそらく	[おそらく]		恐怕；大概；多半〈副〉
おだいじに			请保重身体〈感〉
おっかない			可怕的；吓人的〈イ形〉
おっしゃる			说（言う的尊敬语）〈动1〉
おつり			找的零钱〈名〉
おととい			前天〈名〉
おととし			前年〈名〉
おとなしい	[おとなしい]		温顺；老实〈イ形〉
おどおど			提心吊胆；惊慌不安〈副〉
おどかす			吓唬；威胁〈动1〉
おなか	[おなか]		肚子；腹部〈名〉
おねがいします	[おねがいします]		拜托了；麻烦您了〈感〉
おはよう			早上好〈感〉
おばあさん	[おばあさん]		祖母；外婆；老奶奶〈名〉
おまえ			你（粗俗，用于同辈以下）〈代〉
おまけ	[おまけ]		添头；饶头；附加赠品〈名〉
おまたせしました			让您久等了〈感〉
おまちください			请稍等〈感〉
おまちどおさま			让您久等了〈感〉
おまわりさん			警察先生〈名〉
おむつ	[おむつ]		尿布〈名〉
おめでたい			可喜可贺；（人）天真〈イ形〉
おめでとう			恭喜；祝贺〈感〉
おもしろい	[おもしろい]		有趣的；有意思的〈イ形〉
おもちゃ			玩具〈名〉
おや	[おや]		父母；（感叹）哎呀〈名〉
おやすみ			晚安；休息〈感〉
おやつ			点心；零食〈名〉
およそ			大约；大体上〈副〉
お世辞	[おせじ]		【おせじ】恭维话；客套话〈名〉
お互い	[おたがい]		【おたがい】彼此；互相〈名〉
お代わり	[おかわり]		【おかわり】再来一份；续杯〈名〉
お休み	[おやすみ]		【おやすみ】休息；晚安〈名〉
お使い	[おつかい]		【おつかい】（出去）办事；买东西〈名〉
お供	[おとも]		【おとも】陪同；随从〈名〉
お兄さん	[おにいさん]		【おにいさん】哥哥；大哥〈名〉
お先に	[おさきに]		【おさきに】我先（走）了〈副〉
お参り	[おまいり]		【おまいり】参拜（神社、佛寺）〈名〉
お土産	[おみやげ]		【おみやげ】特产；伴手礼；礼品〈名〉
お大事に	[おだいじに]		【おだいじに】请保重（对病人说）〈感〉
お姉さん	[おねえさん]		【おねえさん】姐姐；大姐〈名〉
お嬢さん	[おじょうさん]		【おじょうさん】（您家的）女儿；千金〈名〉
お宅	[おたく]		【おたく】府上；（您）家〈名〉
お宮	[おみや]		【おみや】神社〈名〉
お帰り	[おかえり]		【おかえり】（您）回来了〈感〉
お弁当	[おべんとう]		【おべんとう】盒饭；便当〈名〉
お手上げ	[おてあげ]		【おてあげ】束手无策；没办法〈名〉
お手伝いさん	[おてつだいさん]		【おてつだいさん】保姆；女佣〈名〉
お手洗い	[おてあらい]		【おてあらい】厕所；洗手间〈名〉
お早う	[おはよう]		【おはよう】早上好〈感〉
お昼	[おひる]		【おひる】午饭；中午〈名〉
お母さん	[おかあさん]		【おかあさん】妈妈；母亲〈名〉
お洒落	[おしゃれ]		【おしゃれ】时髦；爱打扮〈ナ形〉
お父さん	[おとうさん]		【おとうさん】爸爸；父亲〈名〉
お産	[おさん]		【おさん】分娩；生孩子〈名〉
お皿	[おさら]		【おさら】盘子；碟子〈名〉
お礼	[おれい]		【おれい】谢礼；致谢〈名〉
お祖母さん	[おばあさん]		【おばあさん】祖母；奶奶〈名〉
お祖父さん	[おじいさん]		【おじいさん】祖父；爷爷〈名〉
お祝い	[おいわい]		【おいわい】祝贺；贺礼〈名〉
お祭り	[おまつり]		【おまつり】祭典；节日；庙会〈名〉
お腹	[おなか]		【おなか】肚子；腹部〈名〉
お茶	[おちゃ]		【おちゃ】茶；茶叶〈名〉
お菓子	[おかし]		【おかし】点心；糕点；糖果〈名〉
お見舞い	[おみまい]		【おみまい】探望；慰问（病人）〈名〉
お邪魔します	[おじゃまします]		【おじゃまします】打扰了（进门前用语）〈感〉
お酒	[おさけ]		【おさけ】酒；日本酒〈名〉
お金	[おかね]		【おかね】钱；金钱〈名〉
お金持ち	[おかねもち]		【おかねもち】有钱人；富人〈名〉
お願いします	[おねがいします]		【おねがいします】拜托了；请〈感〉
お風呂	[おふろ]		【おふろ】澡堂；浴池；洗澡〈名〉
かかる	[かかる]		花费（时间、金钱）；需要；（电话）打来〈动1〉
かぎ	[かぎ]		钥匙；锁〈名〉
かける	[かける]		打（电话）；挂；戴（眼镜）；坐（椅子）〈动2〉
かしこまりました			遵命；知道了〈感〉
かじる			啃；咬；略知一二〈动1〉
かすか	[かすか]		微弱；隐约；模糊〈ナ形〉
かっこう	[かっこう]		外形；样子；装束〈名〉
かつて	[かつて]		曾经；从前〈副〉
かなり	[かなり]		相当；颇〈副〉
かばん			包；皮包；提包〈名〉
かぶれる	[かぶれる]		起斑疹；受影响；狂热〈动2〉
かまう	[かまう]		介意；照顾；（构词）不要紧〈动1〉
かもしれない			也许；可能〈惯〉
かも知れない	[かもしれない]		【かもしれない】也许；可能〈惯〉
かゆい			痒的〈イ形〉
からかう			戏弄；嘲笑〈动1〉
かるた			歌牌；纸牌游戏〈名〉
かわいい	[かわいい]		可爱的；讨人喜欢的〈イ形〉
かわいがる			疼爱；宠爱〈动1〉
かわいそう			可怜的；值得同情的〈ナ形〉
かわいらしい			可爱的；惹人喜爱的〈イ形〉
がっかり			失望；灰心丧气〈副〉
がっくり			垂头丧气；大失所望〈副〉
がっしり			结实；强壮〈副〉
がっちり			（结构）坚固；（头脑）精明〈副〉
がる			感到（接尾：寒がる）〈接尾〉
きざ	[きざ]		做作；（装）帅〈ナ形〉
きちっと			正好；整齐〈副〉
きちんと	[きちんと]		整整齐齐；准确地；好好地〈副〉
きっかけ			契机；开端〈名〉
きっかり			恰好；恰好地〈副〉
きっちり			正好；紧紧〈副〉
きっと	[きっと]		一定；肯定〈副〉
きっぱり			干脆；断然〈副〉
きつい	[きつい]		紧的；（条件）苛刻；累人〈イ形〉
きれい	[きれい]		漂亮；干净〈ナ形〉
ぎっしり			满满地；挤得满满的〈副〉
くしゃみ			喷嚏〈名〉
くすぐったい	[くすぐったい]		怕痒的；（心理）难为情的〈イ形〉
くたびれる			疲惫；（衣服）穿旧〈动2〉
ください	[ください]		请给我……；请（做）……〈惯〉
くださる			给；赠给（「くれる」的尊敬语）〈动1〉
くだらない			无聊的；无价值的〈イ形〉
くっきり			清晰；分明〈副〉
くっつく			粘住；紧贴〈动1〉
くっつける			使粘上；使靠近〈动2〉
くどい			啰嗦；（味道）腻〈イ形〉
くるむ			包上；裹上〈动1〉
くれぐれも			恳切地；务必〈副〉
くれる	[くれる]		给（我方）〈动2〉
ぐっすり			酣睡；熟睡〈副〉
ぐっと			一口气；（心）一紧〈副〉
ぐらい			左右；大约〈助〉
けがする			受伤〈动3〉
けち			小气；吝啬〈名〉
けれど			但是；然而〈接〉
けれども			但是；然而〈接〉
けんかする			吵架；打架〈动3〉
げっそり			（骤然）消瘦；（心）憔悴〈副〉
こう	[こう]		这样（地）〈副〉
こうして	[こうして]		这样（地）〈副〉
ここ	[ここ]		这里；此处〈代〉
こしらえる			制作；凑（钱）〈动2〉
こだわる			讲究；拘泥〈动1〉
こちら	[こちら]		这边；这位（礼貌用语）〈代〉
こちらこそ			我才（要感谢您）〈感〉
こっそり			偷偷地；悄悄地〈副〉
こっち			这边（こちら的随意说法）〈代〉
こと	[こと]		事情；形式名词「事」〈名〉
ことに	[ことに]		尤其；特别〈副〉
こないだ			前几天；最近（口语）〈名〉
この	[この]		这（的）〈连体〉
このあいだ			前几天；前些日子〈名〉
このごろ			近来；这些天〈名〉
この間	[このあいだ]		【このあいだ】前几天；最近〈名〉
この頃	[このごろ]		【このごろ】近来；最近〈名〉
こぼす			洒出；说漏（嘴）〈动1〉
こぼれる			洒落；（花）凋谢〈动2〉
こらえる			忍耐；忍住〈动2〉
これ	[これ]		这个〈代〉
これから	[これから]		从现在起；今后〈副〉
これら			这些〈代〉
こんな			这样的；这种的〈连体〉
こんなに	[こんなに]		这么；这样地〈副〉
こんにちは			你好（白天问候语）〈感〉
こんばんは			晚上好〈感〉
ごくろうさま			辛苦了〈感〉
ございます	[ございます]		（敬语）有；在〈动1〉
ごちそう			佳肴；盛宴（请客）〈名〉
ごちそうさま			（饭后）多谢款待〈感〉
ごみ			垃圾〈名〉
ごめんください			（进门时）有人吗〈感〉
ごめんなさい			对不起〈感〉
ごらんなさい	[ごらんなさい]		（请）看〈动1〉
ごらんになる			看（見る的尊敬语）〈惯〉
ご存じ	[ごぞんじ]		【ごぞんじ】知道（知っている的尊敬语）〈名〉
ご無沙汰	[ごぶさた]		【ごぶさた】久疏问候〈名〉
ご苦労様	[ごくろうさま]		【ごくろうさま】辛苦了〈感〉
ご馳走	[ごちそう]		【ごちそう】盛宴；请客〈名〉
さあ	[さあ]		来吧；喂；（表示为难）哎呀〈感〉
さきおととい			大前天〈名〉
さぞ	[さぞ]		想必；一定〈副〉
さっき	[さっき]		刚才；方才〈名〉
さっさと			赶快；迅速〈副〉
さっと			迅速地；一下子〈副〉
さっぱり			清爽；（接否定）完全不；干脆〈副〉
さて			（转换话题）那么〈接〉
さほど	[さほど]		（接否定）不那么；并不怎么〈副〉
さようなら			再见〈感〉
さらう	[さらう]		拐走；抢走（=攫う）〈动1〉
さわやか			清爽；（性格）爽朗〈ナ形〉
さん	[さん]		（接尾）先生；小姐〈接尾〉
さ来年	[さらいねん]		【さらいねん】后年〈名〉
さ来月	[さらいげつ]		【さらいげつ】下下个月〈名〉
さ来週	[さらいしゅう]		【さらいしゅう】下下周〈名〉
ざっと			粗略地；大约〈副〉
し	[し]		而且；又（表并列的接续助词）〈助〉
しあさって			大后天〈名〉
しいんと	[しいんと]		静悄悄；鸦雀无声〈副〉
しかし			但是；可是；然而〈接〉
しかも			而且；并且〈接〉
しかる			训斥；责骂〈动1〉
しきりに			频繁地；再三地；热心地〈副〉
しくじる			失败；搞砸〈动1〉
したがって	[したがって]		因此；从而〈接〉
しっかり	[しっかり]		结实；扎实；好好地〈副〉
しっぽ			尾巴〈名〉
しつこい			纠缠不休；（颜色）浓艳〈イ形〉
しなやか	[しなやか]		柔软；柔韧；优美〈ナ形〉
しばしば			屡次；常常〈副〉
しばらく	[しばらく]		一会儿；许久；暂时〈副〉
しびれる			发麻；（因敬佩）为之倾倒〈动2〉
しぶとい			顽强的；不服输的〈イ形〉
しぼむ			枯萎；（气势）衰退〈动1〉
しまい	[しまい]		姐妹（=姉妹）〈名〉
しまう	[しまう]		收拾；（完）了；放进（・てしまう：完了/遗憾）〈动1〉
しまった	[しまった]		糟了！（感到懊悔时）〈感〉
しみじみ			深切地；由衷地〈副〉
しゃがむ			蹲下〈动1〉
しゃっくり			打嗝〈名〉
しゃぶる			吮吸〈动1〉
しゃべる			说话；聊天〈动1〉
しゃれる	[しゃれる]		说俏皮话；打扮得漂亮〈动2〉
しょうゆ			酱油〈名〉
しょっちゅう			经常；总是〈副〉
じっくり			慢慢地；仔细地〈副〉
じっと	[じっと]		一动不动；凝神〈副〉
じゃあ			那么；再见（では的口语）〈感〉
じゃま	[じゃま]		妨碍；打扰〈名〉
じゃんけん			猜拳（石头剪刀布）〈名〉
じゅうたん	[じゅうたん]		地毯〈名〉
すく	[すく]		（人数、数量）变少；（肚子）空〈动1〉
すくなくとも	[すくなくとも]		至少〈副〉
すぐに			立刻；马上〈副〉
すごい	[すごい]		厉害的；惊人的；（口语）非常〈イ形〉
すっかり	[すっかり]		完全地；彻底地〈副〉
すっきり			舒畅；整洁；清晰〈副〉
すっと			猛地；一下子；轻快地〈副〉
すっぱい			酸的〈イ形〉
すてき	[すてき]		漂亮的；极好的；美好的〈ナ形〉
すなわち			也就是；即〈接〉
すばしこい			敏捷；灵活〈イ形〉
すばらしい	[すばらしい]		极好的；精彩的；了不起的〈イ形〉
すまない			对不起（口语）〈惯〉
すみません	[すみません]		对不起；劳驾〈感〉
すり			扒手〈名〉
する	[する]		做；干；使成为〈动3〉
すると			于是；这样一来〈接〉
すれちがう			擦肩而过；（意见）不一致〈动1〉
すれ違う	[すれちがう]		【すれちがう】擦肩而过；（意见）不一致〈动1〉
すんなり			顺利；（身材）苗条〈副〉
ずいぶん	[ずいぶん]		相当；很；非常〈副〉
ずうずうしい			厚脸皮的〈イ形〉
ずっと	[ずっと]		一直；（比……）……得多〈副〉
ずばり			直截了当；一针见血〈副〉
ずぶ濡れ	[ずぶぬれ]		【ずぶぬれ】浑身湿透〈ナ形〉
ずらす			错开；挪动〈动1〉
ずらっと			一排；成排〈副〉
ずるずる			拖拉；（鼻涕）吸溜〈副〉
ずれ			偏移；（意见）分歧〈名〉
ずれる			错位；（意见）有分歧〈动2〉
せっけん			肥皂；香皂〈名〉
せめて	[せめて]		至少；哪怕是〈副〉
ぜひ			一定；务必（与たい、～てください搭配）〈副〉
ぜひとも			无论如何；务必〈副〉
ぜんぜん	[ぜんぜん]		完全（不）；根本（不）〈副〉
そう	[そう]		那样；那样地（そうだ：听说/好像）〈副〉
そういえば			说起来；这么说来〈接〉
そうして			然后；而且〈接〉
そこ	[そこ]		那里〈代〉
そこで			于是；在那里〈接〉
そこら	[そこら]		那附近；左右〈名〉
そして			而且；然后〈接〉
そそっかしい			冒失；轻率〈イ形〉
そちら	[そちら]		那边；您〈代〉
そっくり			全部；（长得）一模一样〈副〉
そっち	[そっち]		那边（そちら的随意说法）〈代〉
そっと	[そっと]		轻轻地；悄悄地〈副〉
そっぽ	[そっぽ]		别处；不理睬（向く）〈名〉
その	[その]		那个；那（中称）〈连体〉
そのうえ			而且；加之〈接〉
そのうち	[そのうち]		不久；过几天〈副〉
そのため			因此；为此〈接〉
そのほか			其他；此外〈名〉
そのまま			原封不动地〈副〉
その上	[そのうえ]		【そのうえ】而且；加之〈接〉
その内	[そのうち]		【そのうち】迟早；过些天〈副〉
そば	[そば]		旁边；附近〈名〉
それ	[それ]		那个〈代〉
それから			然后〈接〉
それぞれ	[それぞれ]		分别；各自〈副〉
それで	[それで]		因此〈接〉
それでは			那么〈接〉
それでも			即便如此〈接〉
それとも			还是（选择）〈接〉
それに	[それに]		而且〈接〉
それほど	[それほど]		那么（程度）〈副〉
それゆえ	[それゆえ]		因此〈接〉
そろそろ	[そろそろ]		渐渐地；快要；该……了〈副〉
そんな			那种的；那样的〈连体〉
そんなに	[そんなに]		那么；那样地〈副〉
ぞんざい			粗暴；草率〈ナ形〉
たいてい			大都；大概；普通〈副〉
たいへん	[たいへん]		非常；很；不得了；严重〈ナ形〉
たくさん	[たくさん]		很多；足够〈副〉
ただ	[ただ]		只是；仅仅；免费〈副〉
たちまち			转眼间；立刻〈副〉
たった	[たった]		只；仅仅〈副〉
たっぷり	[たっぷり]		充足地；满满地〈副〉
たて	[たて]		竖；纵〈名〉
たとえ			即使；哪怕〈副〉
たばこ			烟；香烟；烟草〈名〉
たびたび			屡次；再三〈副〉
たぶん	[たぶん]		大概；恐怕；可能〈副〉
たまに	[たまに]		偶尔〈副〉
たまらない	[たまらない]		受不了；（口语）好得不得了〈惯〉
ためらう			犹豫；踌躇〈动1〉
たやすい	[たやすい]		容易的；不难的〈イ形〉
たんす			衣柜；抽屉柜〈名〉
だいいち	[だいいち]		第一；首先〈副〉
だから			因此；所以〈接〉
だけど			但是；可是〈接〉
だって			可是；因为（口语）〈接〉
だぶだぶ			肥大；晃荡〈副〉
だます			骗；欺骗〈动1〉
だめ	[だめ]		不行；不可以；没用〈ナ形〉
だらけ			满是（泥だらけ：全是泥）〈接尾〉
だらしない			散漫；（人）不争气〈イ形〉
だんだん			渐渐〈副〉
ちぎる			掰碎；撕碎；（云）飘散〈动1〉
ちっとも			（接否定）一点也不〈副〉
ちゃわん			碗；饭碗〈名〉
ちゃん	[ちゃん]		（对亲近之人的昵称后缀）小……；酱〈接尾〉
ちゃんと	[ちゃんと]		好好地；确实；准时地〈副〉
ちやほや			捧；宠爱〈副〉
ちょうだい			请给我（口语）；领取〈名〉
ちょうど	[ちょうど]		正好；恰好〈副〉
ちょくちょく	[ちょくちょく]		时常；往往〈副〉
ちょっと	[ちょっと]		稍微；一会儿；一下〈副〉
ちらっと			一瞥；略看一眼〈副〉
ついで			顺便；机会〈名〉
つき	[つき]		月亮；月份〈名〉
つける	[つける]		打开（电灯等）；点（火）；戴上；涂抹〈动2〉
つまずく			绊倒；（事情）受挫〈动1〉
つまらない			无聊的；没意思的〈イ形〉
つまり	[つまり]		总之；也就是说〈副〉
つもり	[つもり]		打算；意图（～つもりだ）〈名〉
てっきり			（误以为）一定〈副〉
てんで			完全（不）〈副〉
で	[で]		在……（地点）；用……（手段）；因为〈助〉
でかい			大的（口语）〈イ形〉
できる	[できる]		能；会（=出来る）〈动2〉
できるだけ			尽可能；尽量〈副〉
ですから			因此；所以〈接〉
でたらめ			胡说；胡来〈ナ形〉
では	[では]		那么；如果那样〈接〉
でも			但是；可是〈接〉
と	[と]		和；与；一…就…（表条件）；（将棋）と金〈助〉
とうとう			终于；终究；到最后〈副〉
とかく	[とかく]		动不动就；总〈副〉
とこや			理发店〈名〉
ところが			然而；可是〈接〉
ところで			话说；那么（转换话题）〈接〉
とっくに			早就；老早〈副〉
とても	[とても]		非常；很（接否定：怎么也不）〈副〉
とにかく	[とにかく]		总之；不管怎样〈副〉
ともかく	[ともかく]		姑且不论；总之〈副〉
とりあえず	[とりあえず]		姑且；首先〈副〉
とり肉	[とりにく]		【とりにく】鸡肉〈名〉
とんだ			意外的；不得了的〈连体〉
とんでもない	[とんでもない]		岂有此理；哪里的话；意外的〈イ形〉
どう	[どう]		怎样；如何〈副〉
どうか	[どうか]		请；务必（恳求）〈副〉
どうして	[どうして]		为什么（=なぜ）〈副〉
どうしても	[どうしても]		无论如何也（=なんとしても）〈副〉
どうせ	[どうせ]		反正；横竖〈副〉
どうぞ	[どうぞ]		请（用于礼貌地提供或请求）〈副〉
どうぞよろしく			请多关照〈感〉
どうにか	[どうにか]		设法；总算〈副〉
どうも	[どうも]		谢谢；总觉得；实在（道谢或道歉）〈副〉
どうやら	[どうやら]		似乎；总觉得〈副〉
どきどき			（心）怦怦跳〈副〉
どこ	[どこ]		哪里〈代〉
どこか			某处；不知哪里〈代〉
どちら	[どちら]		哪边；哪一位〈代〉
どっち			哪个；哪边（どちら的随意说法）〈代〉
どっと			哄堂（大笑）；（人）蜂拥〈副〉
どなた			哪位（谁的礼貌说法）〈代〉
どなる			大声喊叫〈动1〉
どの	[どの]		哪个（后接名词）〈连体〉
どれ	[どれ]		哪个（三者以上）〈代〉
どんどん	[どんどん]		不断地；顺利地；越……越……〈副〉
どんな	[どんな]		什么样的；怎样的〈连体〉
どんなに			多么；怎样也（即使怎么）〈副〉
なお	[なお]		尚且；还；更；再者〈副〉
なかなか	[なかなか]		相当；颇；（接否定）怎么也不〈副〉
なぐる	[なぐる]		殴打；打〈动1〉
なさる			做（する的尊敬语）〈动1〉
なぜ	[なぜ]		为什么〈副〉
なぜなら			原因是；因为〈接〉
など			等等；诸如此类〈助〉
なにしろ			反正；无论怎么说〈副〉
なにも			（接否定）什么也（不）〈副〉
なめる	[なめる]		舔；尝（=舐める）〈动1〉
なる	[なる]		变成；成为；到了（季节、时刻）〈动1〉
なるたけ	[なるたけ]		尽可能（=なるべく）〈副〉
なるべく			尽量（=なるたけ）〈副〉
なるほど	[なるほど]		原来如此；的确〈副〉
なんか			什么的；之类〈助〉
なんだかんだ			说三道四；这样那样〈副〉
なんとなく	[なんとなく]		总觉得；不知不觉地〈副〉
なんとも			（真）不（怎么样）；毫无办法〈副〉
におい	[におい]		气味；香味〈名〉
にっこり			微微一笑；莞尔〈副〉
にもかかわらず	[にもかかわらず]		尽管…还是〈接〉
ぬれる	[ぬれる]		淋湿；变湿〈动2〉
ね	[ね]		吧；呢；啊（终助词）〈助〉
ねじ			螺丝〈名〉
ねじれる	[ねじれる]		扭曲；歪斜〈动2〉
ねじ回し	[ねじまわし]		【ねじまわし】螺丝刀〈名〉
ねだん			价格〈名〉
ねっしん			热心；热情；入迷〈ナ形〉
のこぎり			锯子〈名〉
のど	[のど]		喉咙；嗓子〈名〉
のろのろ			慢吞吞；迟缓〈副〉
のんびり			悠闲地；无忧无虑地〈副〉
はい	[はい]		是；是的；好〈感〉
はかない	[はかない]		短暂的；虚幻的；无常的〈イ形〉
はきはき			干脆；爽快〈副〉
はく	[はく]		穿（裤、裙、鞋、袜）；戴（帽子除外的穿戴）〈动1〉
はさみ			剪刀〈名〉
はし			筷子〈名〉
はじめまして			初次见面〈感〉
はず			理应；应该（表推测依据）〈名〉
はっきり	[はっきり]		清楚地；明确地〈副〉
はまる	[はまる]		嵌入；正合适；陷入（=嵌まる）〈动1〉
はめる			嵌入；戴上（=嵌める）〈动2〉
ばからしい			荒唐；愚蠢〈イ形〉
ばったり			突然相遇；猛然倒下〈副〉
ばてる			累垮；精疲力竭〈动2〉
ばね			弹簧〈名〉
ばらまく	[ばらまく]		撒；散布；（钱）乱花〈动1〉
ひいては	[ひいては]		进而；不仅…而且〈接〉
ひげ			胡须；胡子〈名〉
ひさしぶり	[ひさしぶり]		久违；隔了好久〈名〉
ひとまず			暂且；先〈副〉
ひとりでに			自然而然；自动地〈副〉
ひどい	[ひどい]		严重的；厉害的；过分的〈イ形〉
ひゃっかじてん			百科全书〈名〉
ひょっと			或许（ひょっとしたら）〈副〉
びっくり			吃惊〈名〉
びっくりする			吃惊；吓一跳〈动3〉
びっしょり			湿透〈副〉
びり			（比赛）最后一名〈名〉
ぴかぴか			闪闪发光〈副〉
ぴったり			紧紧地；正合适；准确地〈副〉
ふざける	[ふざける]		胡闹；开玩笑〈动1〉
ふと	[ふと]		忽然；偶然〈副〉
ふろ			浴池；澡堂；洗澡水〈名〉
ふわふわ			轻飘飘；软绵绵〈副〉
ふんだん			大量；绰绰有余〈ナ形〉
ぶかぶか			肥大；不合身〈副〉
ぶつかる	[ぶつかる]		撞上；（意见）冲突〈动1〉
ぶつける	[ぶつける]		撞上；扔向〈动2〉
ぶつぶつ			嘟哝；疙瘩〈副〉
ぶどう			葡萄〈名〉
ぶらさげる			吊；悬挂〈动2〉
ぶらぶら			闲逛；晃荡〈副〉
ぶら下げる	[ぶらさげる]		【ぶらさげる】吊；拎〈动2〉
へそ			肚脐〈名〉
へる	[へる]		减少；（肚子）饿〈动1〉
ぺこぺこ			（肚子）饿瘪；点头哈腰〈副〉
ぺん			笔〈名〉
ほか	[ほか]		别的；其他；另外〈名〉
ほっと			放心；安心〈副〉
ほとんど	[ほとんど]		大体上；几乎〈副〉
ほど			程度；（比较基准）如……那样〈助〉
ほどく			解开（绳结）〈动1〉
ほぼ	[ほぼ]		大体上；几乎〈副〉
ほめる	[ほめる]		表扬；称赞〈动2〉
ほんとう	[ほんとう]		真的；实在；真理〈名〉
ぼつぼつ			慢慢地；零零星星〈副〉
ぼやく			抱怨；发牢骚〈动1〉
ぼやける			模糊；不清晰〈动2〉
ぼろ			破布；（露出）破绽〈名〉
ぼんやり	[ぼんやり]		模糊；发呆；心不在焉〈副〉
まあ	[まあ]		（劝慰）好了；（迟疑）嗯〈感〉
まあまあ			还行；马马虎虎〈副〉
まごつく			慌张；不知所措〈动1〉
まごまご			不知所措；徘徊〈副〉
まさか	[まさか]		难道；绝不会（吧）〈副〉
まさしく	[まさしく]		正是；的确〈副〉
まさに	[まさに]		正；将要；正当〈副〉
まして	[まして]		何况；更加〈副〉
まじめ	[まじめ]		认真的；正经的〈ナ形〉
ますます	[ますます]		越来越；更加〈副〉
まず	[まず]		首先；最初〈副〉
まずい	[まずい]		难吃的；不好吃的；笨拙的〈イ形〉
また	[また]		再；又；还〈副〉
またぐ			跨；跨过〈动1〉
または			或者〈接〉
まだ	[まだ]		还；尚未；才〈副〉
まちまち	[まちまち]		各不相同；形形色色〈ナ形〉
まっすぐ	[まっすぐ]		笔直；一直；直率〈副〉
まぶしい			耀眼；（前途）辉煌〈イ形〉
まぶた			眼睑；眼皮〈名〉
まるで	[まるで]		完全；简直（像）〈副〉
みじめ			悲惨；凄惨〈ナ形〉
みっともない			不像样；难看〈イ形〉
みんな	[みんな]		大家；全部〈代〉
めちゃくちゃ			乱七八糟；毫无道理〈ナ形〉
めっきり			明显地；显著地〈副〉
めでたい			可喜；可贺〈イ形〉
めまい			眩晕；头晕〈名〉
もう	[もう]		已经；就要；再（もう一度）〈副〉
もうすぐ	[もうすぐ]		马上；不久〈副〉
もう一度	[もういちど]		【もういちど】再一次〈副〉
もし	[もし]		如果；假如〈副〉
もしかしたら	[もしかしたら]		也许；可能〈副〉
もしかすると			或许；可能〈副〉
もしも	[もしも]		万一；如果〈副〉
もたれる			倚靠；（食物）积在胃里〈动2〉
もちろん	[もちろん]		当然；不用说〈副〉
もったいない			可惜；浪费；（过奖）不敢当〈イ形〉
もっと	[もっと]		更；更加；进一步〈副〉
もっとも	[もっとも]		最；（插入语）不过〈副〉
もてなす	[もてなす]		招待；款待〈动1〉
もらう	[もらう]		领受；得到；（请人做）〈动1〉
もろに			迎面；狠狠地〈副〉
やかましい			吵闹；啰嗦；严格〈イ形〉
やがて			不久；终于〈副〉
やたらに			胡乱；随便〈副〉
やっつける			收拾；干掉；迅速解决〈动2〉
やっと	[やっと]		好不容易；终于〈副〉
やっぱり	[やっぱり]		果然；还是〈副〉
やはり			依然；还是；果然〈副〉
やむをえない			不得已；无可奈何〈惯〉
やや			稍微；略微〈副〉
ややこしい			复杂的；麻烦的〈イ形〉
やり遂げる	[やりとげる]		【やりとげる】坚持完成；做到底〈动2〉
やる	[やる]		做；干；给（下级）；送〈动1〉
ゆっくり	[ゆっくり]		慢慢地；从容地〈副〉
ゆっくりと			慢慢地；从容地〈副〉
ゆでる			焯；煮（面、蛋）〈动2〉
ゆとり			余裕；（经济）宽裕〈名〉
よい			好的（=いい）〈イ形〉
よく	[よく]		好好地；经常；很会〈副〉
よこす			寄来；送来〈动1〉
より			（比较）比；（方向）那边〈名〉
よると			根据；据说（によると）〈惯〉
よろしい	[よろしい]		好的；可以的（いい的礼貌语）〈イ形〉
よろしく	[よろしく]		请多关照；好好地〈副〉
りっぱ	[りっぱ]		优秀；气派；堂堂正正〈ナ形〉
わがまま			任性；放肆〈ナ形〉
わざと	[わざと]		故意〈副〉
わざわざ	[わざわざ]		特意〈副〉
わりあいに			比较地；还算〈副〉
アイスクリーム			冰淇淋〈名〉
アイデア			主意；想法〈名〉
アイロン			熨斗〈名〉
アウト			出局；出界；外面〈名〉
アクセサリー			首饰；装饰品〈名〉
アクセル			油门；加速器〈名〉
アクセント			重音；声调〈名〉
アジア			亚洲〈名〉
アップ			上升；（镜头）特写〈名〉
アナウンサー			播音员；主持人〈名〉
アパート			公寓〈名〉
アフリカ			非洲〈名〉
アプローチ			接近；（高尔夫）近距击球〈名〉
アマチュア			业余爱好者〈名〉
アメリカ			美国〈名〉
アラブ			阿拉伯〈名〉
アルカリ			碱〈名〉
アルコール			酒精；（含酒精的）饮料〈名〉
アルバイト			打工；兼职〈名〉
アルバム			相册；影集；专辑〈名〉
アルミ			铝〈名〉
アワー			小时（～アワー）〈接尾〉
アンケート			问卷调查〈名〉
アンコール			再来一个；返场〈名〉
アンテナ			天线〈名〉
イエス			耶稣；是〈感〉
イコール			等于；（A＝B）〈名〉
インキ			墨水〈名〉
インク			墨水〈名〉
インタビュー			采访；访谈〈名〉
インターチェンジ			（高速公路）立体交叉路口〈名〉
インターナショナル			国际的〈ナ形〉
インターフォン			门铃对讲机〈名〉
インテリ			知识分子；文化人〈名〉
インフォメーション			询问处；信息〈名〉
インフレ			通货膨胀〈名〉
ウイスキー			威士忌〈名〉
ウェートレス			女服务员〈名〉
ウエートレス			女服务员〈名〉
ウーマン			女人〈名〉
ウール			羊毛；毛料〈名〉
エアメール			航空邮件〈名〉
エスカレーター			自动扶梯〈名〉
エチケット			礼仪；（随身携带的）烟灰袋〈名〉
エネルギー			能量；能源；精力〈名〉
エプロン			围裙〈名〉
エレガント			优雅的；高雅的〈ナ形〉
エレベーター			电梯；升降机〈名〉
エンジニア			工程师〈名〉
エンジン			发动机；引擎〈名〉
オイル			油；机油〈名〉
オフィス			办公室〈名〉
オリエンテーション			入学（新员工）指导〈名〉
オルガン			风琴〈名〉
オレンジ			橙子；橙色〈名〉
オンライン			在线〈名〉
オーケストラ			管弦乐队〈名〉
オーケー			好；可以〈感〉
オートバイ			摩托车〈名〉
オートマチック			自动的；（汽车）自动挡〈ナ形〉
オートメーション			自动化〈名〉
オーバー			大衣；超过；夸张〈名〉
オープン			开放；（店）开业〈ナ形〉
カクテル			鸡尾酒〈名〉
カセット			盒式磁带〈名〉
カット			剪切；（影）镜头；（头发）剪〈名〉
カップ			杯子；茶杯〈名〉
カテゴリー			范畴；类别〈名〉
カバー			套子；覆盖；补偿〈名〉
カムバック			复出；东山再起〈名〉
カメラ			照相机；摄像机〈名〉
カメラマン			摄影师〈名〉
カラー			颜色；衣领〈名〉
カルテ			病历〈名〉
カレンダー			日历；挂历〈名〉
カレー			咖喱（饭）〈名〉
カロリー			卡路里〈名〉
カンニング			（考试）作弊〈名〉
カー			车（～カー）〈接尾〉
カーテン			窗帘〈名〉
カード			卡片；信用卡；扑克牌〈名〉
カーブ			弯道；曲线〈名〉
カーペット			地毯〈名〉
ガイド			导游；指南〈名〉
ガイドブック			旅行指南〈名〉
ガス			煤气；气体〈名〉
ガソリン			汽油〈名〉
ガソリンスタンド			加油站〈名〉
ガム			口香糖〈名〉
ガラス			玻璃〈名〉
ガレージ			车库〈名〉
キャッチ			抓住；（电视）接收〈名〉
キャプテン			队长；船长〈名〉
キャリア			经历；职业生涯〈名〉
キャンパス			校园〈名〉
キャンプ			野营；露营〈名〉
キロ			公斤；千克；公里（キログラム／キロメートル的略称）〈名〉
ギター			吉他〈名〉
ギャング			匪帮；团伙〈名〉
クイズ			猜谜；问答比赛〈名〉
クラシック			古典（音乐、作品）〈名〉
クラス			班级；阶级〈名〉
クラブ			俱乐部；夜总会〈名〉
クリスマス			圣诞节〈名〉
クリーニング			干洗；洗衣店〈名〉
クリーム			奶油；乳霜〈名〉
クレーン			起重机；吊车〈名〉
クーラー			空调；冷气〈名〉
グラス			玻璃杯〈名〉
グラフ			图表；柱状图〈名〉
グラム			克〈名〉
グランド			运动场；操场〈名〉
グループ			小组；团体〈名〉
グレー			灰色〈名〉
ケーキ			蛋糕；西点〈名〉
ケース			箱子；盒；事例〈名〉
ゲスト			客人；嘉宾〈名〉
ゲーム			游戏；比赛〈名〉
コック			厨师；（水管）龙头〈名〉
コップ			杯子；玻璃杯〈名〉
コピー			复印；复制品〈名〉
コピーする			复印；复制〈动3〉
コマーシャル			（电视）广告〈名〉
コミュニケーション			交流；沟通〈名〉
コメント			评论；注释〈名〉
コレクション			收藏（品）〈名〉
コンクリート			混凝土〈名〉
コンクール			比赛；竞赛会〈名〉
コンサート			音乐会；演奏会〈名〉
コンセント			插座〈名〉
コンタクト			隐形眼镜；接触〈名〉
コンテスト			比赛；竞赛〈名〉
コントラスト			对比；反差〈名〉
コントロール			控制；管理〈名〉
コンパス			圆规；罗盘〈名〉
コンピューター			电脑；计算机〈名〉
コース			路线；（高尔夫）球道；（大学）课程〈名〉
コーチ			教练〈名〉
コート			外套；大衣；（网）球场〈名〉
コード			电线；代码；和弦〈名〉
コーナー			角；角落；（商店）专柜〈名〉
コーヒー			咖啡〈名〉
コーラス			合唱〈名〉
ゴム			橡胶；橡皮〈名〉
ゴール			终点；球门；目标〈名〉
サイクル			周期；循环〈名〉
サイズ			尺寸；大小〈名〉
サイレン			警笛；汽笛〈名〉
サイン			签名；签字；落款〈名〉
サボる			怠工；偷懒〈动1〉
サラダ			沙拉；凉菜〈名〉
サラリーマン			工薪族；上班族〈名〉
サンキュー			谢谢（口语）〈感〉
サンタクロース			圣诞老人〈名〉
サンダル			凉鞋〈名〉
サンドイッチ			三明治〈名〉
サンプル			样品；样本〈名〉
サークル			社团；（圆）圈〈名〉
サービス			服务；（免费）优待〈名〉
システム			系统；体系〈名〉
シック			雅致的；时髦的〈ナ形〉
シナリオ			剧本；（设想）方案〈名〉
シャッター			快门；卷帘门〈名〉
シャツ			衬衫〈名〉
シャワー			淋浴〈名〉
ショック			冲击；震惊〈名〉
ショップ			商店〈名〉
ショー			演出；秀〈名〉
シリーズ			系列〈名〉
シーズン			季节；（商业）旺季〈名〉
シーツ			床单〈名〉
シート			座位；（车）座椅〈名〉
ジェット機	[ジェットき]		【ジェットき】喷气式飞机〈名〉
ジャズ			爵士乐〈名〉
ジャム			果酱〈名〉
ジャンパー			夹克；（电）跨接线〈名〉
ジャンプ			跳；跳跃〈名〉
ジャンボ			巨型；巨大〈ナ形〉
ジャンル			类型；体裁〈名〉
ジャーナリスト			记者；新闻工作者〈名〉
ジュース			果汁；饮料〈名〉
ジーパン			牛仔裤〈名〉
ジーンズ			牛仔裤〈名〉
スイッチ			开关；切换〈名〉
スカート			裙子〈名〉
スカーフ			围巾；纱巾〈名〉
スキー			滑雪〈名〉
スクリーン			银幕；屏幕〈名〉
スクール			学校〈名〉
スケジュール			日程表；计划〈名〉
スケート			滑冰；冰刀鞋〈名〉
スタイル			风格；款式；（体）型〈名〉
スタジオ			工作室；摄影棚〈名〉
スタンド			看台；（灯）座；加油站〈名〉
スター			明星；星〈名〉
スタート			出发；开始〈名〉
スチュワーデス			空姐〈名〉
スチーム			暖气；蒸汽〈名〉
ステレオ			立体声音响；立体声〈名〉
ステーキ			牛排〈名〉
ステージ			舞台〈名〉
ストッキング			长筒袜〈名〉
ストップ			停止；（车）站〈名〉
ストライキ			罢工〈名〉
ストレス			压力；精神紧张〈名〉
ストロボ			闪光灯〈名〉
ストロー			吸管〈名〉
ストーブ			暖气炉；火炉〈名〉
スピーカー			扬声器；演讲者〈名〉
スピーチ			演讲；致辞〈名〉
スピード			速度〈名〉
スプリング			弹簧；春天〈名〉
スプーン			勺子；汤匙〈名〉
スペース			空间；空地〈名〉
スポーツ			体育；运动〈名〉
スポーツカー			跑车〈名〉
スマート			苗条；时髦〈ナ形〉
スライド			幻灯片；滑动〈名〉
スラックス			西裤；休闲裤〈名〉
スリッパ			拖鞋〈名〉
スーツ			西服套装〈名〉
スーツケース			行李箱〈名〉
スープ			汤（西式）〈名〉
ズボン			裤子〈名〉
セクション			部分；部门〈名〉
セックス			性；性交〈名〉
セット			一套；成套；（球赛）一局〈名〉
セメント			水泥〈名〉
セレモニー			庆典；仪式〈名〉
センス			品味；审美〈名〉
センター			中心；（球场的）中锋〈名〉
センチ			厘米〈名〉
セーター			毛衣〈名〉
セール			大减价〈名〉
ゼミ			研讨课；（大学）研究室〈名〉
ゼリー			果冻〈名〉
ゼロ			零〈名〉
ソックス			短袜〈名〉
ソファー			沙发〈名〉
ソフト			软件；软饮料〈名〉
ソロ			独奏；独唱〈名〉
ソース			（调味）汁；（软件）源代码〈名〉
タイア			轮胎〈名〉
タイトル			标题；（比赛）冠军〈名〉
タイピスト			打字员〈名〉
タイプ			类型；打字〈名〉
タイプライター			打字机〈名〉
タイマー			定时器；秒表〈名〉
タイミング			时机〈名〉
タイム			时间；（比赛）暂停〈名〉
タイムリー			及时；（棒球）适时安打〈ナ形〉
タイヤ			轮胎〈名〉
タイル			瓷砖；花砖〈名〉
タオル			毛巾〈名〉
タクシー			出租车〈名〉
タレント			电视艺人；才能〈名〉
タワー			塔；塔楼〈名〉
ダイヤ			钻石；（火车）时刻表〈名〉
ダイヤグラム			（火车）运行图；图表〈名〉
ダイヤモンド			钻石〈名〉
ダイヤル			拨号盘；刻度盘〈名〉
ダウン			向下；（电脑）宕机；（身体）垮〈名〉
ダブる			重复；（考试）重读一年〈动1〉
ダブル			双；（房间）双人〈名〉
ダム			水坝〈名〉
ダンス			跳舞；舞蹈〈名〉
ダンプ			自卸卡车〈名〉
ダース			（量词）打〈量〉
チェックする			检查；核对〈动3〉
チェンジ			交换；更换〈名〉
チップ			小费；（电子）芯片〈名〉
チャイム			门铃；编钟〈名〉
チャンス			机会；良机〈名〉
チャンネル			频道〈名〉
チョーク			粉笔〈名〉
チーズ			奶酪〈名〉
チーム			队；团队〈名〉
チームワーク			团队合作〈名〉
ティッシュペーパー			纸巾〈名〉
テキスト			教科书；课本；原文〈名〉
テスト			考试；测验〈名〉
テニス			网球〈名〉
テニスコート			网球场〈名〉
テレックス			电传〈名〉
テレビ	[テレビ]		电视〈名〉
テント			帐篷〈名〉
テンポ			节奏；速度〈名〉
テーブル			桌子；餐桌〈名〉
テープ			磁带；胶带〈名〉
テープレコーダー			录音机〈名〉
テーマ			主题；题目〈名〉
デコレーション			装饰〈名〉
デザイン			设计；图案〈名〉
デザート			甜点〈名〉
デッサン			素描；（计划）草案〈名〉
デパート			百货商店〈名〉
デモ			游行示威；演示〈名〉
デモンストレーション			示威；演示〈名〉
データ			数据；资料〈名〉
デート			约会〈名〉
トイレ			厕所；卫生间〈名〉
トップ			首位；最高层〈名〉
トラック			卡车；跑道〈名〉
トラブル			麻烦；故障〈名〉
トランジスター			晶体管〈名〉
トランプ			扑克牌〈名〉
トレーニング			训练〈名〉
トン	[とん]		吨〈名〉
トンネル			隧道〈名〉
トーン			音调；色调〈名〉
ドア			门〈名〉
ドライ			干燥；（人情）冷淡〈ナ形〉
ドライクリーニング			干洗〈名〉
ドライバー			螺丝刀；司机〈名〉
ドライブ			开车兜风；驾车旅行〈名〉
ドライブイン			（公路）路旁餐馆〈名〉
ドラマ			电视剧；戏剧〈名〉
ドリル			钻头；（训练）练习题〈名〉
ドレス			连衣裙；礼服〈名〉
ナイター			（棒球）夜场比赛〈名〉
ナイフ			刀；小刀〈名〉
ナイロン			尼龙〈名〉
ナプキン			餐巾；（女性）卫生巾〈名〉
ナンセンス			无意义；荒唐〈ナ形〉
ナンバー			号码〈名〉
ニュアンス			细微差别；语感〈名〉
ニュー			新（前缀）〈接头〉
ニュース			新闻；消息〈名〉
ネガ			（照片）底片〈名〉
ネクタイ			领带〈名〉
ネックレス			项链〈名〉
ノイローゼ			神经衰弱〈名〉
ノック			敲门〈名〉
ノート			笔记本〈名〉
ハイキング			远足；徒步旅行〈名〉
ハンカチ			手帕〈名〉
ハンガー			衣架〈名〉
ハンサム			美男子；英俊的〈ナ形〉
ハンドバッグ			手提包〈名〉
ハンドル			方向盘；把手〈名〉
バイオリン			小提琴〈名〉
バケツ			水桶〈名〉
バス			公共汽车；浴室（バスルーム）〈名〉
バター			黄油〈名〉
バック			后面；背景；倒退〈名〉
バッグ			包；手提包〈名〉
バッジ			徽章；证章〈名〉
バット			球棒〈名〉
バランス			平衡〈名〉
バン			面包车；货车〈名〉
バンド			皮带；（乐）队〈名〉
バー			酒吧；棒〈名〉
パイプ			管子；烟斗；渠道〈名〉
パイロット			飞行员〈名〉
パジャマ			睡衣〈名〉
パス			通过（考试）；传球；月票〈名〉
パスポート			护照〈名〉
パソコン			个人电脑〈名〉
パターン			模式；花样〈名〉
パチンコ			弹珠机；柏青哥〈名〉
パトカー			警车〈名〉
パン	[ぱん]		面包〈名〉
パンク			爆胎；（音乐）朋克〈名〉
パンツ			内裤；短裤〈名〉
パーセント			百分比〈名〉
パーティー			聚会；晚会〈名〉
パート			打零工；部分（part）〈名〉
ヒント			提示；暗示〈名〉
ビジネス			商务；生意〈名〉
ビタミン			维生素〈名〉
ビデオ			录像；录像机〈名〉
ビニール			塑料薄膜〈名〉
ビル			大楼；大厦〈名〉
ビルディング			大楼；大厦〈名〉
ビール			啤酒〈名〉
ビールス			病毒（旧称）〈名〉
ピアノ			钢琴〈名〉
ピクニック			郊游；野餐〈名〉
ピストル			手枪〈名〉
ピン			别针；大头针；销〈名〉
ピンク			粉红色〈名〉
ファイト			斗志；拼搏〈名〉
ファイル			文件夹；档案〈名〉
ファスナー			拉链〈名〉
ファックス			传真；传真机〈名〉
ファン			粉丝；风扇〈名〉
フィルター			滤网；（相机）滤镜〈名〉
フィルム			胶卷；胶片；影片〈名〉
フェリー			渡轮〈名〉
フォーク			叉子；（民）谣（フォークソング）〈名〉
フォーム			姿势；（体育）姿态〈名〉
フライパン			平底煎锅〈名〉
フリー			自由；免费〈ナ形〉
フロント			前台；（汽车）前部〈名〉
ブザー			蜂鸣器；警报器〈名〉
ブラウス			女式衬衫〈名〉
ブラシ			刷子〈名〉
ブルー			蓝色；忧郁〈名〉
ブレーキ			刹车；制动器〈名〉
ブローチ			胸针〈名〉
ブーツ			长筒靴〈名〉
ブーム			热潮；风靡〈名〉
プラス			加；正数；有利〈名〉
プラスチック			塑料〈名〉
プラットホーム			站台〈名〉
プラン			计划；方案〈名〉
プリント			讲义；印刷品〈名〉
プレゼント			礼物；赠送〈名〉
プロ			职业选手；专业（人员）〈名〉
プログラム			程序；节目单〈名〉
プール			游泳池〈名〉
ヘリコプター			直升机〈名〉
ベスト			最好；（西服）背心〈名〉
ベストセラー			畅销书〈名〉
ベッド			床〈名〉
ベテラン			老手；资深人士〈名〉
ベル			电铃；铃〈名〉
ベルト			皮带；腰带；传动带〈名〉
ベンチ			长椅；长凳〈名〉
ベース			基础；（音乐）低音〈名〉
ペア			一对；（乒乓球）双打〈名〉
ペット			宠物〈名〉
ペン			钢笔；笔〈名〉
ペンキ			油漆〈名〉
ペンチ			钳子〈名〉
ページ			页〈名〉
ホテル			宾馆；饭店〈名〉
ホース			软管；水管〈名〉
ホーム			站台；（体育）本垒〈名〉
ホール			大厅；（高尔夫）球洞〈名〉
ボイコット			抵制；罢买〈名〉
ボタン			纽扣；按钮〈名〉
ボルト			伏特；螺栓〈名〉
ボーイ			男服务员；男孩〈名〉
ボート			小船；划艇〈名〉
ボーナス			奖金；红利〈名〉
ボール			球〈名〉
ボールペン			圆珠笔〈名〉
ポイント			要点；积分〈名〉
ポケット			口袋；衣袋〈名〉
ポジション			位置；岗位〈名〉
ポスター			海报；招贴画〈名〉
ポスト			邮筒；信箱；职位〈名〉
ポット			热水壶〈名〉
ポンプ			泵；抽水机〈名〉
ポーズ			姿势；（口语）暂停〈名〉
マイク			麦克风；话筒〈名〉
マイナス			负数；减〈名〉
マスク			口罩；面具〈名〉
マスコミ			大众传媒〈名〉
マスター			店主；（酒馆）老板；硕士；掌握〈名〉
マッサージ			按摩〈名〉
マッチ			火柴；比赛；匹配〈名〉
マフラー			围巾〈名〉
ママ			妈妈；（酒馆）老板娘〈名〉
マラソン			马拉松〈名〉
マンション			（高级）公寓〈名〉
マーク			记号；（考试）打分〈名〉
マーケット			市场〈名〉
ミシン			缝纫机〈名〉
ミス			错误；失误〈名〉
ミスプリント			印刷错误〈名〉
ミセス			夫人；太太〈名〉
ミュージック			音乐〈名〉
ミリ	[ミリ]		毫米；毫（单位）〈名〉
ミルク			牛奶〈名〉
ムード			气氛；情绪〈名〉
メッセージ			留言；讯息〈名〉
メディア			媒体〈名〉
メニュー			菜单〈名〉
メモ			笔记；备忘录〈名〉
メロディー			旋律；曲调〈名〉
メンバー			成员；队员〈名〉
メーカー			制造商；厂商〈名〉
メーター			仪表；（出租车）计价器〈名〉
メートル			米；公尺〈名〉
モダン			现代的；时髦的〈ナ形〉
モデル			模特；模型〈名〉
モニター			显示器；监视〈名〉
モノレール			单轨铁路〈名〉
モーター			马达；发动机〈名〉
モーテル			汽车旅馆〈名〉
ヤング			年轻人〈名〉
ユニフォーム			制服〈名〉
ユニーク			独特；别致〈ナ形〉
ユーモア			幽默〈名〉
ヨット			帆船；游艇〈名〉
ヨーロッパ			欧洲〈名〉
ライス			米饭〈名〉
ライター			打火机；撰稿人〈名〉
ラケット			球拍〈名〉
ラジオ			收音机；广播〈名〉
ラジカセ			收录机（收音机磁带一体机）〈名〉
ラッシュアワー			高峰时间〈名〉
ラベル			标签〈名〉
ランチ			午餐〈名〉
ランニング			跑步；（无袖）运动衫〈名〉
ランプ			灯；油灯〈名〉
リズム			节奏；韵律〈名〉
リットル			升〈名〉
リボン			丝带；缎带〈名〉
リポート			报告〈名〉
ルーズ			散漫；（性格）邋遢〈ナ形〉
ルール			规则；规章〈名〉
レインコート			雨衣〈名〉
レギュラー			正式（队员）；常规〈名〉
レクリェーション			娱乐；消遣〈名〉
レクリエーション			娱乐；消遣〈名〉
レコード			唱片；纪录〈名〉
レジ			收银台；收款机〈名〉
レジャー			休闲；余暇〈名〉
レストラン			餐厅；饭馆〈名〉
レッスン			课；（音乐、舞蹈）课〈名〉
レディー			女士；淑女〈名〉
レバー			操纵杆；（食用）肝〈名〉
レベル			水平；级别〈名〉
レポート			报告；小论文〈名〉
レンジ			（微波）炉；灶〈名〉
レンズ			镜片；透镜〈名〉
レンタカー			租车；租赁汽车〈名〉
レントゲン			X光〈名〉
レース			比赛；蕾丝〈名〉
ロケット			火箭〈名〉
ロッカー			储物柜〈名〉
ロビー			大厅；门厅〈名〉
ロマンチック			浪漫的〈ナ形〉
ロープ			绳索；缆绳〈名〉
ローマじ			罗马字〈名〉
ローマ字	[ローマじ]		【ローマじ】罗马字；拉丁字母〈名〉
ワイシャツ			（男式）衬衫〈名〉
ワイン			葡萄酒〈名〉
ワット			瓦（特）〈名〉
ワンピース			连衣裙〈名〉
ワープロ			文字处理机〈名〉
ヶ月	[かげつ]		【かげつ】（量词）个月（三ヶ月）〈接尾〉
一	[いち]		【いち】一；一个〈数〉
一々	[いちいち]		【いちいち】一一；逐个〈副〉
一つ	[ひとつ]		【ひとつ】一个；一岁〈数〉
一まず	[ひとまず]		【ひとまず】暂且；先〈副〉
一人	[ひとり]		【ひとり】一个人；独自〈名〉
一人一人	[ひとりひとり]		【ひとりひとり】每个人；各自〈名〉
一休み	[ひとやすみ]		【ひとやすみ】歇一会儿〈名〉
一体	[いったい]		【いったい】究竟；（副）到底；整体〈名〉
一切	[いっさい]		【いっさい】（接否定）全然不；一概不〈副〉
一別	[いちべつ]		【いちべつ】一别；告别〈名〉
一同	[いちどう]		【いちどう】大家；全体〈名〉
一向	[いっこう]		【いっこう】（接否定）完全不；丝毫〈副〉
一変	[いっぺん]		【いっぺん】骤变；完全改变〈名〉
一定	[いってい]		【いってい】一定；（规则）固定〈名〉
一家	[いっか]		【いっか】一家；一户〈名〉
一寸	[ちょっと]		【ちょっと】稍微；一会儿〈副〉
一層	[いっそう]		【いっそう】更加；一层〈副〉
一帯	[いったい]		【いったい】一带；区域〈名〉
一度	[いちど]		【いちど】一次；一回；一旦；试着做一次〈名〉
一度に	[いちどに]		【いちどに】同时；一下子〈副〉
一律	[いちりつ]		【いちりつ】一律；同样〈ナ形〉
一心	[いっしん]		【いっしん】一心；同心〈名〉
一応	[いちおう]		【いちおう】姑且；大致〈副〉
一息	[ひといき]		【ひといき】一口气；歇一口气〈名〉
一括	[いっかつ]		【いっかつ】一并；一揽子〈名〉
一挙に	[いっきょに]		【いっきょに】一举；一下子〈副〉
一敗	[いっぱい]		【いっぱい】一败〈名〉
一斉	[いっせい]		【いっせい】一齐；同时〈名〉
一方	[いっぽう]		【いっぽう】一方面；（单行）一方；只〈名〉
一日	[いちにち・ついたち]		【いちにち・ついたち】一天；（每月）一号（ついたち）〈名〉
一旦	[いったん]		【いったん】一旦；暂且〈副〉
一昨年	[おととし]		【おととし】前年〈名〉
一昨日	[おととい]		【おととい】前天〈名〉
一昨昨日	[さきおととい]		【さきおととい】大前天〈名〉
一時	[いちじ]		【いちじ】一时；暂时；（过去的）某个时期；一点钟〈名〉
一月	[ひとつき・いちがつ]		【ひとつき・いちがつ】一个月；一月（いちがつ）〈名〉
一概に	[いちがいに]		【いちがいに】一概（不能）〈副〉
一様	[いちよう]		【いちよう】一样；同样〈ナ形〉
一段と	[いちだんと]		【いちだんと】更加；越发〈副〉
一気	[いっき]		【いっき】一口气（一気に）〈名〉
一流	[いちりゅう]		【いちりゅう】一流；第一流〈名〉
一生	[いっしょう]		【いっしょう】一生；一辈子〈名〉
一生懸命	[いっしょうけんめい]		【いっしょうけんめい】拼命地；努力地〈ナ形〉
一番	[いちばん]		【いちばん】第一；最〈副〉
一目	[いちもく]		【いちもく】一眼；（将棋）一目〈名〉
一瞬	[いっしゅん]		【いっしゅん】一瞬；一刹那〈名〉
一種	[いっしゅ]		【いっしゅ】一种；某种〈名〉
一筋	[ひとすき]		【ひとすき】一心一意；（细）一条〈名〉
一緒	[いっしょ]		【いっしょ】一起；一同〈ナ形〉
一致	[いっち]		【いっち】一致；吻合〈名〉
一般	[いっぱん]		【いっぱん】一般；普遍〈名〉
一見	[いっけん]		【いっけん】乍一看；（初）见面〈名〉
一言	[ひとこと]		【ひとこと】一句话；一句话儿〈名〉
一通り	[ひととおり]		【ひととおり】大概；大体上〈副〉
一連	[いちれん]		【いちれん】一连串；一系列〈名〉
一部	[いちぶ]		【いちぶ】一部；（整体中的）一部分〈名〉
一部分	[いちぶぶん]		【いちぶぶん】一部分〈名〉
一面	[いちめん]		【いちめん】一面；（报纸）头版；（海）一片〈名〉
一頃	[ひところ]		【ひところ】以前有段时期〈名〉
丁々	[とうとう]		【とうとう】丁丁（斧、刀声）〈副〉
丁寧	[ていねい]		【ていねい】有礼貌的；殷勤的；仔细的〈ナ形〉
丁目	[ちょうめ]		【ちょうめ】（地址）丁目；街区〈名〉
七	[しち・なな]		【しち・なな】七；七个〈数〉
七つ	[ななつ]		【ななつ】七个；七岁〈数〉
七日	[なのか]		【なのか】七天；七号〈名〉
万	[まん]		【まん】万；一万〈数〉
万一	[まんいち]		【まんいち】万一〈副〉
万人	[ばんじん]		【ばんじん】万人；众人〈名〉
万年筆	[まんねんひつ]		【まんねんひつ】钢笔〈名〉
万歳	[ばんざい]		【ばんざい】万岁；（欢呼）万岁〈名〉
万能	[ばんのう]		【ばんのう】万能〈名〉
丈	[たけ]		【たけ】身高；（布）长〈名〉
丈夫	[じょうぶ]		【じょうぶ】坚固；结实；（身体）健康〈ナ形〉
三	[さん]		【さん】三；三个〈数〉
三つ	[みっつ]		【みっつ】三个；三岁〈数〉
三味線	[さみせん]		【さみせん】三味线〈名〉
三日	[みっか]		【みっか】三天；三号〈名〉
三日月	[みかづき]		【みかづき】月牙；新月〈名〉
三角	[さんかく]		【さんかく】三角；三角形〈名〉
上	[うえ]		【うえ】上面；上方；（等级、能力）高〈名〉
上がり	[あがり]		【あがり】上；（收益）进；收尾〈名〉
上がる	[あがる]		【あがる】上；（价）涨；进（东京）〈动1〉
上げる	[あげる]		【あげる】举起；抬高；提高；给（上级）〈动2〉
上り	[のぼり]		【のぼり】上行；上坡〈名〉
上る	[のぼる]		【のぼる】上；登（楼梯、坡）；达到（～に上る）；进京〈动1〉
上下	[じょうげ]		【じょうげ】上下；上和下〈名〉
上京	[じょうきょう]		【じょうきょう】进京；上东京〈名〉
上位	[じょうい]		【じょうい】上位；上级〈名〉
上司	[じょうし]		【じょうし】上司〈名〉
上回る	[うわまわる]		【うわまわる】超过〈动1〉
上手	[じょうず]		【じょうず】擅长；高明；能手〈ナ形〉
上旬	[じょうじゅん]		【じょうじゅん】上旬〈名〉
上昇	[じょうしょう]		【じょうしょう】上升〈名〉
上演	[じょうえん]		【じょうえん】上演〈名〉
上着	[うわぎ]		【うわぎ】上衣；外衣〈名〉
上空	[じょうくう]		【じょうくう】上空〈名〉
上等	[じょうとう]		【じょうとう】上等；高级〈ナ形〉
上級	[じょうきゅう]		【じょうきゅう】上级；高级〈名〉
上達	[じょうたつ]		【じょうたつ】进步；长进〈名〉
上陸	[じょうりく]		【じょうりく】登陆〈名〉
下	[した]		【した】下面；下方；（等级）下〈名〉
下がる	[さがる]		【さがる】下降；（价）跌；（人）退下〈动1〉
下げる	[さげる]		【さげる】降低；放下；悬挂〈动2〉
下さる	[くださる]		【くださる】给（くれる的尊敬语）〈动1〉
下す	[くだす]		【くだす】下（命令、结论）；打败；降下〈动1〉
下らない	[くだらない]		【くだらない】无聊；没价值〈イ形〉
下り	[くだり]		【くだり】下行（列车）；下坡〈名〉
下りる	[おりる]		【おりる】下来；下去；（自高处）下〈动2〉
下る	[くだる]		【くだる】下（坡、山）；下行到地方；遵从（裁决）〈动1〉
下位	[かい]		【かい】下位；低位〈名〉
下取り	[したどり]		【したどり】折价贴换〈名〉
下吏	[かり]		【かり】下级官吏〈名〉
下品	[げひん]		【げひん】下流；庸俗〈ナ形〉
下地	[したじ]		【したじ】底子；（准备的）基础〈名〉
下宿	[げしゅく]		【げしゅく】寄宿；包饭的公寓〈名〉
下心	[したごころ]		【したごころ】别有用心；私心〈名〉
下手	[へた]		【へた】不擅长；笨拙；（手法）差〈ナ形〉
下旬	[げじゅん]		【げじゅん】下旬〈名〉
下書き	[したがき]		【したがき】草稿；底稿〈名〉
下水	[げすい]		【げすい】下水；污水〈名〉
下火	[したび]		【したび】（火）渐弱；（流行）衰退〈名〉
下町	[したまち]		【したまち】（都市的）商业手工业者街区；平民区〈名〉
下番	[げばん]		【げばん】下班〈名〉
下痢	[げり]		【げり】腹泻〈名〉
下着	[したぎ]		【したぎ】内衣；贴身衣物〈名〉
下線	[かせん]		【かせん】下划线〈名〉
下調べ	[したしらべ]		【したしらべ】预先调查；预习〈名〉
下車	[げしゃ]		【げしゃ】下车〈名〉
下降	[かこう]		【かこう】下降〈名〉
下駄	[げた]		【げた】木屐〈名〉
不	[ふ]		【ふ】不……（否定接头词）〈接头〉
不便	[ふべん]		【ふべん】不方便〈ナ形〉
不利	[ふり]		【ふり】不利〈ナ形〉
不動産	[ふどうさん]		【ふどうさん】不动产〈名〉
不可	[ふか]		【ふか】不可；不合格〈名〉
不可欠	[ふかけつ]		【ふかけつ】不可缺少〈ナ形〉
不吉	[ふきつ]		【ふきつ】不吉利〈ナ形〉
不味い	[まずい]		【まずい】难吃；（形势）糟〈イ形〉
不在	[ふざい]		【ふざい】不在〈名〉
不安	[ふあん]		【ふあん】不安；担心〈ナ形〉
不審	[ふしん]		【ふしん】可疑；不明白〈ナ形〉
不平	[ふへい]		【ふへい】不平；抱怨〈名〉
不幸	[ふこう]		【ふこう】不幸；倒霉〈ナ形〉
不当	[ふとう]		【ふとう】不当；不合理〈ナ形〉
不思議	[ふしぎ]		【ふしぎ】不可思议；神奇〈ナ形〉
不意	[ふい]		【ふい】突然；意外〈ナ形〉
不振	[ふしん]		【ふしん】（生意）萧条〈名〉
不明	[ふめい]		【ふめい】不明；不清楚〈ナ形〉
不景気	[ふけいき]		【ふけいき】不景气〈ナ形〉
不服	[ふふく]		【ふふく】不服；不满意〈ナ形〉
不正	[ふせい]		【ふせい】不正派；不正当（行为）〈名〉
不況	[ふきょう]		【ふきょう】不景气；经济萧条〈名〉
不満	[ふまん]		【ふまん】不满；不满足〈名〉
不潔	[ふけつ]		【ふけつ】不洁；肮脏〈ナ形〉
不自由	[ふじゆう]		【ふじゆう】不方便；（身体）残疾〈ナ形〉
不良	[ふりょう]		【ふりょう】不良；（品）次〈名〉
不規則	[ふきそく]		【ふきそく】不规则〈ナ形〉
不評	[ふひょう]		【ふひょう】声誉不好〈名〉
不調	[ふちょう]		【ふちょう】（谈判）破裂；（身体）不佳〈名〉
不足	[ふそく]		【ふそく】不足；缺少〈名〉
不通	[ふつう]		【ふつう】不通；（交通）中断〈名〉
不運	[ふうん]		【ふうん】不幸；倒霉〈ナ形〉
不順	[ふじゅん]		【ふじゅん】不顺；（天候）反常〈名〉
与える	[あたえる]		【あたえる】给予；提供；使蒙受〈动2〉
与党	[よとう]		【よとう】执政党〈名〉
且つ	[かつ]		【かつ】且；而且〈接〉
世	[よ]		【よ】世；世上；世代〈名〉
世の中	[よのなか]		【よのなか】世上；社会；时代〈名〉
世代	[せだい]		【せだい】世代；一代人〈名〉
世帯	[せたい]		【せたい】家庭；户〈名〉
世界	[せかい]		【せかい】世界〈名〉
世紀	[せいき]		【せいき】世纪〈名〉
世話	[せわ]		【せわ】照顾；照料；关照〈名〉
世論	[せろん]		【せろん】舆论〈名〉
世辞	[せじ]		【せじ】奉承话；恭维〈名〉
世間	[せけん]		【せけん】世上；社会；世人〈名〉
丘	[おか]		【おか】丘陵；山冈〈名〉
丘陵	[きゅうりょう]		【きゅうりょう】丘陵〈名〉
両側	[りょうがわ]		【りょうがわ】两侧；两边〈名〉
両方	[りょうほう]		【りょうほう】双方；两边〈名〉
両替	[りょうがえ]		【りょうがえ】换钱；兑换〈名〉
両極	[りょうきょく]		【りょうきょく】两极〈名〉
両立	[りょうりつ]		【りょうりつ】两立；兼顾〈名〉
両親	[りょうしん]		【りょうしん】双亲；父母〈名〉
並びに	[ならびに]		【ならびに】和；以及〈接〉
並ぶ	[ならぶ]		【ならぶ】排队；排列；媲美〈动1〉
並べる	[ならべる]		【ならべる】排列；摆；列举〈动2〉
並み	[なみ]		【なみ】普通；（接尾）~并排〈接尾〉
並列	[へいれつ]		【へいれつ】并列〈名〉
並木	[なみき]		【なみき】行道树；林荫树〈名〉
並行	[へいこう]		【へいこう】并行；（与～并行）〈名〉
中	[なか]		【なか】里面；中间；其中〈名〉
中々	[なかなか]		【なかなか】相当；颇；（接否定）怎么也〈副〉
中世	[ちゅうせい]		【ちゅうせい】中世纪〈名〉
中傷	[ちゅうしょう]		【ちゅうしょう】中伤；诽谤〈名〉
中古	[ちゅうこ]		【ちゅうこ】二手；半旧〈名〉
中味	[なかみ]		【なかみ】内容；里面装的东西〈名〉
中和	[ちゅうわ]		【ちゅうわ】中和；抵消〈名〉
中央	[ちゅうおう]		【ちゅうおう】中央；中心〈名〉
中学	[ちゅうがく]		【ちゅうがく】初中；中学〈名〉
中学校	[ちゅうがっこう]		【ちゅうがっこう】初中〈名〉
中年	[ちゅうねん]		【ちゅうねん】中年〈名〉
中心	[ちゅうしん]		【ちゅうしん】中心；核心〈名〉
中性	[ちゅうせい]		【ちゅうせい】中性〈名〉
中指	[なかゆび]		【なかゆび】中指〈名〉
中断	[ちゅうだん]		【ちゅうだん】中断〈名〉
中旬	[ちゅうじゅん]		【ちゅうじゅん】中旬〈名〉
中枢	[ちゅうすう]		【ちゅうすう】中枢；核心〈名〉
中止	[ちゅうし]		【ちゅうし】中止；中断〈名〉
中毒	[ちゅうどく]		【ちゅうどく】中毒〈名〉
中程	[なかほど]		【なかほど】中间〈名〉
中立	[ちゅうりつ]		【ちゅうりつ】中立〈名〉
中継	[ちゅうけい]		【ちゅうけい】中继；（电视）转播〈名〉
中腹	[ちゅうふく]		【ちゅうふく】山腰〈名〉
中身	[なかみ]		【なかみ】内容；（箱子里的）东西〈名〉
中途	[ちゅうと]		【ちゅうと】中途（中途半端）〈名〉
中間	[ちゅうかん]		【ちゅうかん】中间；之间〈名〉
丸	[まる]		【まる】圆；圆形；（船名后缀）丸〈名〉
丸々	[まるまる]		【まるまる】整整；全〈副〉
丸い	[まるい]		【まるい】圆的〈イ形〉
丸ごと	[まるごと]		【まるごと】整个；全部〈副〉
丸っきり	[まるっきり]		【まるっきり】完全；简直〈副〉
丸める	[まるめる]		【まるめる】团起；（人）笼络〈动2〉
主に	[おもに]		【おもに】主要；多半〈副〉
主人公	[しゅじんこう]		【しゅじんこう】主人公；主角〈名〉
主任	[しゅにん]		【しゅにん】主任〈名〉
主体	[しゅたい]		【しゅたい】主体〈名〉
主催	[しゅさい]		【しゅさい】主办〈名〉
主婦	[しゅふ]		【しゅふ】家庭主妇〈名〉
主導	[しゅどう]		【しゅどう】主导〈名〉
主張	[しゅちょう]		【しゅちょう】主张；主张（自己观点）〈名〉
主役	[しゅやく]		【しゅやく】主角；主要角色〈名〉
主権	[しゅけん]		【しゅけん】主权〈名〉
主演	[しゅえん]		【しゅえん】主演〈名〉
主義	[しゅぎ]		【しゅぎ】主义；原则〈名〉
主要	[しゅよう]		【しゅよう】主要的〈ナ形〉
主観	[しゅかん]		【しゅかん】主观〈名〉
主語	[しゅご]		【しゅご】主语〈名〉
主題	[しゅだい]		【しゅだい】主题〈名〉
主食	[しゅしょく]		【しゅしょく】主食〈名〉
丼	[どんぶり]		【どんぶり】盖饭；大碗〈名〉
乃至	[ないし]		【ないし】乃至；或者（书面语）〈接〉
久しい	[ひさしい]		【ひさしい】许久的；（时间）长〈イ形〉
久しぶり	[ひさしぶり]		【ひさしぶり】许久（不见）；隔了许久〈ナ形〉
乏しい	[とぼしい]		【とぼしい】匮乏；（经验）缺乏〈イ形〉
乗せる	[のせる]		【のせる】装载；（车）载（人）；刊登〈动2〉
乗っ取る	[のっとる]		【のっとる】夺取；占领〈动1〉
乗り換え	[のりかえ]		【のりかえ】换乘〈名〉
乗り換える	[のりかえる]		【のりかえる】换乘；改乘〈动2〉
乗り物	[のりもの]		【のりもの】交通工具〈名〉
乗り込む	[のりこむ]		【のりこむ】乘上；（记者）闯进〈动1〉
乗る	[のる]		【のる】乘坐；登上；搭载〈动1〉
乗客	[じょうきゃく]		【じょうきゃく】乘客〈名〉
乗換	[のりかえ]		【のりかえ】换乘〈名〉
乗車	[じょうしゃ]		【じょうしゃ】上车；乘车〈名〉
乙	[おつ]		【おつ】奇特；（天干）乙；（辛苦）乙〈名〉
九	[きゅう・く]		【きゅう・く】九；九个〈数〉
九つ	[ここのつ]		【ここのつ】九个；九岁〈数〉
九日	[ここのか]		【ここのか】九天；九号〈名〉
乱す	[みだす]		【みだす】扰乱；打乱〈动1〉
乱れる	[みだれる]		【みだれる】乱；（秩序）乱；（心）乱〈动2〉
乱暴	[らんぼう]		【らんぼう】粗暴；粗鲁；胡来〈ナ形〉
乳	[ちち]		【ちち】乳；奶〈名〉
乾	[かん]		【かん】干（接头：乾燥）；（易经）天〈名〉
乾かす	[かわかす]		【かわかす】弄干；晒干〈动1〉
乾く	[かわく]		【かわく】变干；干燥〈动1〉
乾杯	[かんぱい]		【かんぱい】干杯〈名〉
乾燥	[かんそう]		【かんそう】干燥〈名〉
乾電池	[かんでんち]		【かんでんち】干电池〈名〉
了	[りょう]		【りょう】了（终了、了解）〈名〉
了承	[りょうしょう]		【りょうしょう】谅解；知悉〈名〉
了解	[りょうかい]		【りょうかい】了解；（无线电）收到〈名〉
予め	[あらかじめ]		【あらかじめ】预先；事先〈副〉
予備	[よび]		【よび】备用；预备〈名〉
予報	[よほう]		【よほう】预报〈名〉
予定	[よてい]		【よてい】预定；计划〈名〉
予想	[よそう]		【よそう】预想；预测〈名〉
予感	[よかん]		【よかん】预感〈名〉
予期	[よき]		【よき】预期；预料〈名〉
予測	[よそく]		【よそく】预测；估计〈名〉
予算	[よさん]		【よさん】预算〈名〉
予約	[よやく]		【よやく】预约；预订〈名〉
予習	[よしゅう]		【よしゅう】预习〈名〉
予言	[よげん]		【よげん】预言〈名〉
予防	[よぼう]		【よぼう】预防〈名〉
争い	[あらそい]		【あらそい】争论；斗争〈名〉
争う	[あらそう]		【あらそう】争论；争夺〈动1〉
事	[こと]		【こと】事情；事（形式名词）〈名〉
事によると	[ことによると]		【ことによると】看情况；或许〈副〉
事件	[じけん]		【じけん】事件；案件〈名〉
事前	[じぜん]		【じぜん】事前〈名〉
事務	[じむ]		【じむ】事务；办公室工作〈名〉
事務所	[じむしょ]		【じむしょ】办公室；事务所〈名〉
事実	[じじつ]		【じじつ】事实；实际〈名〉
事情	[じじょう]		【じじょう】情况；缘由〈名〉
事態	[じたい]		【じたい】事态；局势〈名〉
事故	[じこ]		【じこ】事故；意外〈名〉
事柄	[ことがら]		【ことがら】事情；事项〈名〉
事業	[じぎょう]		【じぎょう】事业；（商业）项目〈名〉
事項	[じこう]		【じこう】事项〈名〉
二	[に]		【に】二；两个〈数〉
二つ	[ふたつ]		【ふたつ】两个；两岁〈数〉
二人	[ふたり]		【ふたり】两个人；一对〈名〉
二十	[はたち]		【はたち】二十岁〈数〉
二十日	[はつか]		【はつか】二十天；二十号〈名〉
二十歳	[はたち]		【はたち】二十岁；成年〈名〉
二日	[ふつか]		【ふつか】两天；二号〈名〉
二階建て	[にかいだて]		【にかいだて】两层（楼房）〈名〉
云々	[うんぬん]		【うんぬん】云云；等等〈副〉
互い	[たがい]		【たがい】互相；彼此〈名〉
五	[ご]		【ご】五；五个〈数〉
五つ	[いつつ]		【いつつ】五个；五岁〈数〉
五十音	[ごじゅうおん]		【ごじゅうおん】五十音图〈名〉
五日	[いつか]		【いつか】五天；五号〈名〉
五月蝿い	[うるさい]		【うるさい】吵（うるさい的汉字写法）〈イ形〉
井戸	[いど]		【いど】水井〈名〉
些事	[さじ]		【さじ】琐事〈名〉
亜科	[あか]		【あか】亚科〈名〉
亡くす	[なくす]		【なくす】失去（亲人）〈动1〉
亡くなる	[なくなる]		【なくなる】逝世；去世（死ぬ的礼貌语）〈动1〉
交える	[まじえる]		【まじえる】掺和；（话）夹杂〈动2〉
交ざる	[まざる]		【まざる】混杂；掺杂〈动1〉
交じる	[まじる]		【まじる】夹杂；掺混〈动1〉
交ぜる	[まぜる]		【まぜる】混合；掺和〈动2〉
交わす	[かわす]		【かわす】交换（言语）；交错〈动1〉
交わる	[まじわる]		【まじわる】交叉；（人）交往〈动1〉
交互	[こうたい]		【こうたい】交替；轮流〈名〉
交付	[こうふ]		【こうふ】交付；发给〈名〉
交差	[こうさ]		【こうさ】交叉〈名〉
交差点	[こうさてん]		【こうさてん】十字路口；交叉点〈名〉
交換	[こうかん]		【こうかん】交换；互换〈名〉
交易	[こうえき]		【こうえき】交易〈名〉
交替	[こうたい]		【こうたい】交替；换班〈名〉
交流	[こうりゅう]		【こうりゅう】交流；交往〈名〉
交渉	[こうしょう]		【こうしょう】交涉；谈判〈名〉
交番	[こうばん]		【こうばん】派出所；岗亭〈名〉
交通	[こうつう]		【こうつう】交通〈名〉
交通機関	[こうつうきかん]		【こうつうきかん】交通工具〈名〉
交際	[こうさい]		【こうさい】交际；交往〈名〉
享受	[きょうじゅ]		【きょうじゅ】享受〈名〉
人	[ひと]		【ひと】人；人类〈名〉
人体	[じんたい]		【じんたい】人体〈名〉
人口	[じんこう]		【じんこう】人口〈名〉
人命	[じんめい]		【じんめい】人命〈名〉
人工	[じんこう]		【じんこう】人工；人造〈名〉
人差指	[ひとさしゆび]		【ひとさしゆび】食指〈名〉
人形	[にんぎょう]		【にんぎょう】玩偶；人偶；娃娃〈名〉
人情	[にんじょう]		【にんじょう】人情〈名〉
人文科学	[じんぶんかがく]		【じんぶんかがく】人文科学；人文学科〈名〉
人材	[じんざい]		【じんざい】人才〈名〉
人柄	[ひとがら]		【ひとがら】人品；（人的）气质〈名〉
人格	[じんかく]		【じんかく】人格；品格〈名〉
人民	[じんみん]		【じんみん】人民〈名〉
人気	[にんき]		【にんき】人气；受欢迎〈名〉
人物	[じんぶつ]		【じんぶつ】人物；人品〈名〉
人生	[じんせい]		【じんせい】人生；人的一生〈名〉
人目	[じんもく]		【じんもく】世人眼光（人目を引く）〈名〉
人種	[じんしゅ]		【じんしゅ】人种；种族〈名〉
人質	[ひとじち]		【ひとじち】人质〈名〉
人込み	[ひとごみ]		【ひとごみ】人群；人山人海〈名〉
人通り	[ひとどおり]		【ひとどおり】来往行人〈名〉
人造	[じんぞう]		【じんぞう】人造〈名〉
人間	[にんげん]		【にんげん】人；人类〈名〉
人類	[じんるい]		【じんるい】人类〈名〉
今	[いま]		【いま】现在；目前；刚才〈名〉
今に	[いまに]		【いまに】不久；早晚〈副〉
今にも	[いまにも]		【いまにも】马上就要；眼看就要〈副〉
今回	[こんかい]		【こんかい】这次；此次〈名〉
今夜	[こんや]		【こんや】今晚〈名〉
今年	[ことし]		【ことし】今年〈名〉
今度	[こんど]		【こんど】下次；这次；近来〈名〉
今後	[こんご]		【こんご】今后；以后〈名〉
今日	[きょう]		【きょう】今天〈名〉
今晩	[こんばん]		【こんばん】今晚；今天晚上〈名〉
今更	[いまさら]		【いまさら】事到如今（已经晚了）〈副〉
今月	[こんげつ]		【こんげつ】本月；这个月〈名〉
今朝	[けさ]		【けさ】今天早上〈名〉
今週	[こんしゅう]		【こんしゅう】本周；这个星期〈名〉
介入	[かいにゅう]		【かいにゅう】介入；干预〈名〉
介抱	[かいほう]		【かいほう】护理；照应〈名〉
介護	[かいご]		【かいご】护理〈名〉
仏	[ほとけ]		【ほとけ】佛；佛像；逝者〈名〉
仏像	[ぶつぞう]		【ぶつぞう】佛像〈名〉
仕える	[つかえる]		【つかえる】侍奉；效力〈动2〉
仕上がり	[しあがり]		【しあがり】完成（的结果）〈名〉
仕上がる	[しあがる]		【しあがる】做好；完成〈动1〉
仕上げ	[しあげ]		【しあげ】收尾；（最后）加工〈名〉
仕上げる	[しあげる]		【しあげる】完成；做完〈动2〉
仕事	[しごと]		【しごと】工作；职业；活儿〈名〉
仕付ける	[しつける]		【しつける】做惯；（针脚）假缝〈动2〉
仕入れる	[しいれる]		【しいれる】进货；采购〈动2〉
仕切る	[しきる]		【しきる】隔开；主持〈动1〉
仕掛け	[しかけ]		【しかけ】装置；（圈）套〈名〉
仕掛ける	[しかける]		【しかける】布置；（战争）发动〈动2〉
仕方	[しかた]		【しかた】办法；方法（仕方がない：没办法）〈名〉
仕様	[しよう]		【しよう】办法；（技术）规格〈名〉
仕立てる	[したてる]		【したてる】缝制；培养〈动2〉
仕組み	[しくみ]		【しくみ】结构；机制〈名〉
仕舞	[しまい]		【しまい】结束；（能剧）最后一出〈名〉
仕舞う	[しまう]		【しまう】收拾；关闭（店）〈动1〉
他	[た]		【た】别的；其他〈名〉
他人	[たにん]		【たにん】别人；外人〈名〉
他動詞	[たどうし]		【たどうし】他动词〈名〉
他意	[たい]		【たい】别的意图；其他用意〈名〉
他方	[たほう]		【たほう】另一方面〈名〉
付き	[つき]		【つき】（接尾）样式；（~付き）附有〈接尾〉
付き合い	[つきあい]		【つきあい】交往；社交；应酬〈名〉
付き合う	[つきあう]		【つきあう】交往；陪伴；打交道〈动1〉
付く	[つく]		【つく】附上；沾上；（灯）亮；跟着〈动1〉
付ける	[つける]		【つける】附上；加上；（日历）记；注意〈动2〉
付け加える	[つけくわえる]		【つけくわえる】补充；附加〈动2〉
付属	[ふぞく]		【ふぞく】附属〈名〉
付近	[ふきん]		【ふきん】附近〈名〉
付録	[ふろく]		【ふろく】附录；（杂志）赠品〈名〉
仙	[せん]		【せん】仙人〈名〉
代	[だい]		【だい】费用；~费〈名〉
代える	[かえる]		【かえる】代替（～に代えて）〈动2〉
代わり	[かわり]		【かわり】代替；代替者；补偿〈名〉
代わる	[かわる]		【かわる】代替；更换〈动1〉
代わる代わる	[かわるがわる]		【かわるがわる】轮流；交替〈副〉
代名詞	[だいめいし]		【だいめいし】代词；（比喻）象征〈名〉
代弁	[だいべん]		【だいべん】代言；代表（他人）表达〈名〉
代理	[だいり]		【だいり】代理；代理人〈名〉
代用	[だいよう]		【だいよう】代用〈名〉
代表	[だいひょう]		【だいひょう】代表；代表（团）〈名〉
代金	[だいきん]		【だいきん】价款；货款〈名〉
以て	[もって]		【もって】以；用（もって）〈接〉
以上	[いじょう]		【いじょう】以上；超过；（说完）就这些〈名〉
以下	[いか]		【いか】以下；低于〈名〉
以内	[いない]		【いない】以内〈名〉
以前	[いぜん]		【いぜん】以前；之前〈名〉
以外	[いがい]		【いがい】以外；除了……之外〈名〉
以後	[いご]		【いご】以后；之后〈名〉
以来	[いらい]		【いらい】以来；自那以后〈名〉
以降	[いこう]		【いこう】以后；以来〈名〉
仮	[か]		【か】临时；假（仮）〈名〉
仮令	[たとえ]		【たとえ】即使；哪怕〈副〉
仮名	[かな]		【かな】假名（かな）；化名〈名〉
仮名遣い	[かなづかい]		【かなづかい】假名用法；假名拼写〈名〉
仮定	[かてい]		【かてい】假定；假设〈名〉
仰ぐ	[あおぐ]		【あおぐ】仰；（师）拜；（头）仰〈动1〉
仰っしゃる	[おっしゃる]		【おっしゃる】说（言う的极尊敬语）〈动1〉
仲	[なか]		【なか】交情；关系（仲がいい）〈名〉
仲人	[ちゅうにん]		【ちゅうにん】媒人〈名〉
仲直り	[なかなおり]		【なかなおり】和好；和解〈名〉
仲良し	[なかよし]		【なかよし】好朋友；交情好〈ナ形〉
仲間	[なかま]		【なかま】同伴；伙伴；同事〈名〉
件	[くだん]		【くだん】事；（上述）件〈名〉
任す	[まかす]		【まかす】委托（任せる）〈动1〉
任せる	[まかせる]		【まかせる】委托；交给；听凭〈动2〉
任務	[にんむ]		【にんむ】任务〈名〉
任命	[にんめい]		【にんめい】任命〈名〉
企業	[きぎょう]		【きぎょう】企业〈名〉
企画	[きかく]		【きかく】企划；规划〈名〉
伐	[ばつ]		【ばつ】砍伐（伐採）〈名〉
休み	[やすみ]		【やすみ】休息；休假；假期〈名〉
休む	[やすむ]		【やすむ】休息；请假；睡觉〈动1〉
休める	[やすめる]		【やすめる】使休息；让…休息〈动2〉
休学	[きゅうがく]		【きゅうがく】休学〈名〉
休息	[きゅうそく]		【きゅうそく】休息〈名〉
休憩	[きゅうけい]		【きゅうけい】休息；歇息〈名〉
休戦	[きゅうせん]		【きゅうせん】休战〈名〉
休暇	[きゅうか]		【きゅうか】休假；假期〈名〉
休業	[きゅうぎょう]		【きゅうぎょう】停业；休业〈名〉
休講	[きゅうこう]		【きゅうこう】停课〈名〉
休養	[きゅうよう]		【きゅうよう】休养〈名〉
会	[かい]		【かい】会；集会；（接尾）～会〈名〉
会う	[あう]		【あう】见面；遇见；碰上〈动1〉
会合	[かいごう]		【かいごう】集会；聚会〈名〉
会員	[かいいん]		【かいいん】会员〈名〉
会場	[かいじょう]		【かいじょう】会场〈名〉
会社	[かいしゃ]		【かいしゃ】公司〈名〉
会見	[かいけん]		【かいけん】会见；（记者）招待会〈名〉
会計	[かいけい]		【かいけい】会计；账目；（饭店）结账〈名〉
会話	[かいわ]		【かいわ】会话；对话〈名〉
会談	[かいだん]		【かいだん】会谈〈名〉
会議	[かいぎ]		【かいぎ】会议〈名〉
会議室	[かいぎしつ]		【かいぎしつ】会议室〈名〉
会館	[かいかん]		【かいかん】会馆；会堂〈名〉
伜	[せがれ]		【せがれ】（自谦）犬子；儿子〈名〉
伝える	[つたえる]		【つたえる】传达；转告；传〈动2〉
伝わる	[つたわる]		【つたわる】传过来；流传；（心情）传达到〈动1〉
伝来	[でんらい]		【でんらい】传来；（物品）传代〈名〉
伝染	[でんせん]		【でんせん】传染〈名〉
伝統	[でんとう]		【でんとう】传统〈名〉
伝言	[でんごん]		【でんごん】口信；留言〈名〉
伝記	[でんき]		【でんき】传记〈名〉
伝説	[でんせつ]		【でんせつ】传说〈名〉
伝達	[でんたつ]		【でんたつ】传达〈名〉
伯母さん	[おばさん]		【おばさん】姑妈；姨妈；伯母；婶婶；阿姨〈名〉
伯父	[おじ]		【おじ】伯父；叔叔；舅舅（对年长男性的称呼）〈名〉
伯父さん	[おじさん]		【おじさん】伯父；叔叔；大叔〈名〉
伴う	[ともなう]		【ともなう】伴随；伴有〈动1〉
伸ばす	[のばす]		【のばす】伸展；伸长；发挥（能力）〈动1〉
伸びる	[のびる]		【のびる】伸长；增长；（成绩）提高〈动2〉
伺う	[うかがう]		【うかがう】拜访；请教；听（自谦语）〈动1〉
似る	[にる]		【にる】像；相似〈动2〉
似合う	[にあう]		【にあう】合适；相配〈动1〉
似通う	[にかよう]		【にかよう】非常相似〈动1〉
但し	[ただし]		【ただし】但；但是（附加条件）〈接〉
位	[くらい]		【くらい】地位；等级；（数量）左右〈名〉
位置	[いち]		【いち】位置；地位〈名〉
低い	[ひくい]		【ひくい】低的；矮的；（声音）小〈イ形〉
低下	[ていか]		【ていか】低下；下降〈名〉
住	[すみ]		【すみ】住；住处〈名〉
住まい	[すまい]		【すまい】住处；居住〈名〉
住む	[すむ]		【すむ】居住；住〈动1〉
住宅	[じゅうたく]		【じゅうたく】住宅；住房〈名〉
住居	[じゅうきょ]		【じゅうきょ】住宅；住所〈名〉
住所	[じゅうしょ]		【じゅうしょ】住址；地址〈名〉
住民	[じゅうみん]		【じゅうみん】居民〈名〉
佐	[さ]		【さ】（接尾）…佐（官职）；辅助〈接尾〉
体	[からだ]		【からだ】身体；躯体〈名〉
体付き	[からだつき]		【からだつき】体型〈名〉
体制	[たいせい]		【たいせい】体制〈名〉
体力	[たいりょく]		【たいりょく】体力〈名〉
体操	[たいそう]		【たいそう】体操〈名〉
体格	[たいかく]		【たいかく】体格〈名〉
体温	[たいおん]		【たいおん】体温〈名〉
体積	[たいせき]		【たいせき】体积〈名〉
体系	[たいけい]		【たいけい】体系〈名〉
体育	[たいいく]		【たいいく】体育〈名〉
体裁	[ていさい]		【ていさい】体面；样子〈名〉
体験	[たいけん]		【たいけん】体验〈名〉
何	[なん・なに]		【なん・なに】什么〈代〉
何々	[なになに]		【なになに】什么什么；某某〈代〉
何か	[なにか]		【なにか】某物；什么〈代〉
何しろ	[なにしろ]		【なにしろ】总之；毕竟（常用于辩解）〈副〉
何だか	[なんだか]		【なんだか】总觉得；不知为何〈副〉
何て	[なんて]		【なんて】多么…；（口语）…什么的〈副〉
何で	[なんで]		【なんで】为什么；凭什么〈副〉
何でも	[なんでも]		【なんでも】什么都；无论什么〈副〉
何と	[なんと]		【なんと】多么；竟然〈副〉
何とか	[なんとか]		【なんとか】设法；想方设法〈副〉
何となく	[なんとなく]		【なんとなく】不由得；总觉得〈副〉
何とも	[なんとも]		【なんとも】（接否定）什么也（不）；真的〈副〉
何なり	[なんなり]		【なんなり】什么都可以（何なりと）〈副〉
何の	[なにの]		【なにの】什么的（何の变）（疑问）〈连体〉
何も	[なにも]		【なにも】（接否定）什么也（不）；并不〈副〉
何より	[なにより]		【なにより】比什么都好；最好〈副〉
何分	[なにぶん]		【なにぶん】不知为何；毕竟；请（书信用语）〈副〉
何卒	[なにとぞ]		【なにとぞ】请（何卒，书面恳求）〈副〉
何故	[なぜ]		【なぜ】为什么〈副〉
何故なら	[なぜなら]		【なぜなら】因为〈接〉
何気ない	[なにげない]		【なにげない】无意间；无心的〈イ形〉
余り	[あまり]		【あまり】剩余；余数；（接否定）不太〈名〉〈副〉
余る	[あまる]		【あまる】剩余；过剩〈动1〉
余分	[よぶん]		【よぶん】多余；额外〈ナ形〉
余地	[よち]		【よち】余地〈名〉
余所	[よそ]		【よそ】别处；别人家〈名〉
余所見	[よそみ]		【よそみ】往旁边看；转移目光〈名〉
余暇	[よか]		【よか】闲暇〈名〉
余程	[よっぽど]		【よっぽど】相当；很〈副〉
余興	[よきょう]		【よきょう】余兴〈名〉
余裕	[よゆう]		【よゆう】余力；余裕；从容〈名〉
余計	[よけい]		【よけい】多余；额外；（反而）更〈ナ形〉
佚	[いつ]		【いつ】散失；安逸（佚，书面语）〈动〉
作	[さく]		【さく】作品；（稻）收成〈名〉
作り	[つくり]		【つくり】做法；（寿司）生鱼片〈名〉
作る	[つくる]		【つくる】做；制作；建造；栽培〈动1〉
作品	[さくひん]		【さくひん】作品〈名〉
作家	[さっか]		【さっか】作家；作者〈名〉
作成	[さくせい]		【さくせい】写成；制定（文件）〈名〉
作戦	[さくせん]		【さくせん】作战（计划）；战略〈名〉
作文	[さくぶん]		【さくぶん】作文；写作〈名〉
作曲	[さっきょく]		【さっきょく】作曲〈名〉
作業	[さぎょう]		【さぎょう】作业；工作〈名〉
作法	[さほう]		【さほう】礼节；礼仪〈名〉
作物	[さくもつ]		【さくもつ】庄稼；农作物〈名〉
作用	[さよう]		【さよう】作用〈名〉
作者	[さくしゃ]		【さくしゃ】作者〈名〉
作製	[さくせい]		【さくせい】制作（实物）〈名〉
佳句	[かく]		【かく】佳句〈名〉
使い道	[つかいみち]		【つかいみち】用途〈名〉
使う	[つかう]		【つかう】使用；用；雇用〈动1〉
使命	[しめい]		【しめい】使命〈名〉
使用	[しよう]		【しよう】使用〈名〉
使用人	[しようにん]		【しようにん】雇员；（家）仆人〈名〉
例	[れい]		【れい】例子；先例；惯例〈名〉
例えば	[たとえば]		【たとえば】例如；比如〈副〉
例える	[たとえる]		【たとえる】比喻；比拟〈动2〉
例外	[れいがい]		【れいがい】例外〈名〉
侍	[さむらい]		【さむらい】武士；侍〈名〉
供	[きょう]		【きょう】供品；供奉；（とも）随从；陪伴〈名〉
供給	[きょうきゅう]		【きょうきゅう】供应；供给〈名〉
依	[い]		【い】依；从（依存）〈名〉
依って	[よって]		【よって】因此；根据（よって）〈接〉
依存	[いそん]		【いそん】依存；依赖〈名〉
依然	[いぜん]		【いぜん】依然〈副〉
依頼	[いらい]		【いらい】委托；请求〈名〉
価値	[かち]		【かち】价值〈名〉
価格	[かかく]		【かかく】价格〈名〉
侮辱	[ぶじょく]		【ぶじょく】侮辱〈名〉
侵す	[おかす]		【おかす】侵犯；侵害；腐蚀〈动1〉
侵入	[しんにゅう]		【しんにゅう】侵入〈名〉
侵略	[しんりゃく]		【しんりゃく】侵略〈名〉
便	[びん・べん]		【びん・べん】班机；邮班；（～便）交通方式〈名〉
便り	[たより]		【たより】消息；书信；问候〈名〉
便利	[べんり]		【べんり】方便；便利〈ナ形〉
便宜	[べんぎ]		【べんぎ】方便；便利（便宜上）〈名〉
便所	[べんじょ]		【べんじょ】厕所〈名〉
便箋	[びんせん]		【びんせん】信纸〈名〉
係	[かかり]		【かかり】负责（人）；（接尾）～负责人〈名〉
係り	[かかり]		【かかり】负责（人）；（接尾）~负责人〈名〉
係わる	[かかわる]		【かかわる】有关；牵涉〈动1〉
促す	[うながす]		【うながす】催促；促使〈动1〉
促進	[そくしん]		【そくしん】促进〈名〉
俄	[にわか]		【にわか】突然；临时（俄に）〈ナ形〉
俄か	[にわか]		【にわか】突然（俄に）〈ナ形〉
保つ	[たもつ]		【たもつ】保持；（秩序）维持〈动1〉
保健	[ほけん]		【ほけん】保健〈名〉
保存	[ほぞん]		保存；储存〈名〉
保守	[ほしゅ]		【ほしゅ】保守；（机器）维护〈名〉
保母	[ほぼ]		【ほぼ】保育员〈名〉
保温	[ほおん]		【ほおん】保温〈名〉
保管	[ほかん]		【ほかん】保管〈名〉
保育	[ほいく]		【ほいく】保育；抚育〈名〉
保証	[ほしょう]		【ほしょう】保证；担保〈名〉
保護	[ほご]		【ほご】保护〈名〉
保険	[ほけん]		【ほけん】保险〈名〉
保障	[ほしょう]		【ほしょう】保障〈名〉
保養	[ほよう]		【ほよう】保养；疗养〈名〉
信じる	[しんじる]		【しんじる】相信；信任〈动2〉
信ずる	[しんずる]		【しんずる】相信；信奉〈动3〉
信仰	[しんこう]		【しんこう】信仰〈名〉
信任	[しんにん]		【しんにん】信任〈名〉
信号	[しんごう]		【しんごう】信号；（交通）信号灯〈名〉
信用	[しんよう]		【しんよう】信用；信誉；相信〈名〉
信者	[しんじゃ]		【しんじゃ】信徒〈名〉
信頼	[しんらい]		【しんらい】信赖；信任〈名〉
修了	[しゅうりょう]		【しゅうりょう】修完（课程）〈名〉
修士	[しゅうし]		【しゅうし】硕士〈名〉
修学	[しゅうがく]		【しゅうがく】修学（修学旅行）〈名〉
修正	[しゅうせい]		【しゅうせい】修改；修正〈名〉
修理	[しゅうり]		【しゅうり】修理〈名〉
修繕	[しゅうぜん]		【しゅうぜん】修缮；修理〈名〉
修行	[しゅぎょう]		【しゅぎょう】修行；苦修〈名〉
修飾	[しゅうしょく]		【しゅうしょく】修饰〈名〉
俳優	[はいゆう]		【はいゆう】演员〈名〉
俳句	[はいく]		【はいく】俳句〈名〉
俺	[おれ]		【おれ】俺（男性粗俗自称）〈代〉
倉庫	[そうこ]		【そうこ】仓库〈名〉
個	[か]		【か】（量词）个〈量〉
個々	[ここ]		【ここ】各个；每一个〈名〉
個人	[こじん]		【こじん】个人〈名〉
個体	[こたい]		【こたい】个体〈名〉
個別	[こべつ]		【こべつ】个别〈ナ形〉
個性	[こせい]		【こせい】个性〈名〉
個所	[かしょ]		【かしょ】地方；（量词）处〈名〉
倍	[ばい]		【ばい】倍；加倍〈名〉
倍率	[ばいりつ]		【ばいりつ】倍率〈名〉
倒す	[たおす]		【たおす】推倒；打倒；击败〈动1〉
倒れる	[たおれる]		【たおれる】倒下；倒塌；（人）昏倒；（公司）倒闭〈动2〉
倒産	[とうさん]		【とうさん】（公司）破产〈名〉
候補	[こうほ]		【こうほ】候补；候选人〈名〉
借り	[かり]		【かり】欠债；欠人情〈名〉
借りる	[かりる]		【かりる】借（入）；租借〈动2〉
借金	[しゃっきん]		【しゃっきん】借款；欠债〈名〉
倣	[ほう]		【ほう】效仿（倣う）〈名〉
倣う	[ならう]		【ならう】仿效；模仿〈动1〉
値	[ね]		【ね】价值；价格〈名〉
値する	[あたいする]		【あたいする】值得；有（价值）〈动3〉
値引き	[ねびき]		【ねびき】减价；让价〈名〉
値打ち	[ねうち]		【ねうち】价值；（人）品格〈名〉
値段	[ねだん]		【ねだん】价格；价钱〈名〉
倹約	[けんやく]		【けんやく】节俭；节约〈名〉
偉い	[えらい]		【えらい】伟大的；（地位）高；厉害〈イ形〉
偉大	[いだい]		【いだい】伟大〈ナ形〉
偏	[へん]		【へん】（汉字）偏旁；偏（向）〈名〉
偏る	[かたよる]		【かたよる】偏；（饮食）偏〈动1〉
偏見	[へんけん]		【へんけん】偏见〈名〉
停止	[ていし]		【ていし】停止〈名〉
停滞	[ていたい]		【ていたい】停滞〈名〉
停留所	[ていりゅうじょ]		【ていりゅうじょ】（公交、电车的）车站〈名〉
停車	[ていしゃ]		【ていしゃ】停车〈名〉
停電	[ていでん]		【ていでん】停电〈名〉
健やか	[すこやか]		【すこやか】健康的；茁壮的〈ナ形〉
健全	[けんぜん]		【けんぜん】健全；健康〈ナ形〉
健在	[けんざい]		【けんざい】健在〈ナ形〉
健康	[けんこう]		【けんこう】健康〈名〉
側	[そば]		【そば】旁边；侧面；周围〈名〉
側面	[そくめん]		【そくめん】侧面；（问题的）侧面〈名〉
偶	[たま]		【たま】偶数；成对；偶尔（たま）〈名〉
偶々	[たまたま]		【たまたま】偶然；碰巧〈副〉
偶数	[ぐうすう]		【ぐうすう】偶数〈名〉
偶然	[ぐうぜん]		【ぐうぜん】偶然；巧合〈ナ形〉
偽造	[ぎぞう]		【ぎぞう】伪造〈名〉
傍ら	[かたわら]		【かたわら】旁边；（一边）~一边〈名〉
傑	[けつ]		【けつ】豪杰；杰出（人物）〈名〉
傑作	[けっさく]		【けっさく】杰作〈名〉
傘	[かさ]		【かさ】伞；雨伞〈名〉
備える	[そなえる]		【そなえる】具备；备有（=備える）〈动2〉
備え付ける	[そなえつける]		【そなえつける】（预先）安装；备置〈动2〉
備わる	[そなわる]		【そなわる】（设备）备有；（功能）具备〈动1〉
催し	[もよおし]		【もよおし】活动；集会〈名〉
催す	[もよおす]		【もよおす】举办；想吐（吐き気を催す）〈动1〉
催促	[さいそく]		【さいそく】催促〈名〉
傲る	[おごる]		【おごる】自傲；自大〈动1〉
傷	[きず]		【きず】伤；伤口；瑕疵〈名〉
傷付く	[きずつく]		【きずつく】受伤；（心）受伤害〈动1〉
傾	[けい]		【けい】倾（倾向）〈名〉
傾く	[かたむく]		【かたむく】倾斜；（日）偏；（心）倾向〈动1〉
傾ける	[かたむける]		【かたむける】使倾斜；（心）倾注〈动2〉
傾向	[けいこう]		【けいこう】倾向；趋势〈名〉
傾斜	[けいしゃ]		【けいしゃ】倾斜；坡度〈名〉
僅	[きん]		【きん】少；仅（僅か）〈名〉
僅か	[わずか]		【わずか】仅；一点点〈ナ形〉
働	[どう]		【どう】工作；劳动（働き）〈名〉
働き	[はたらき]		【はたらき】劳动；工作；（器官的）功能〈名〉
働く	[はたらく]		【はたらく】劳动；工作；起作用〈动1〉
像	[ぞう]		【ぞう】像；雕像〈名〉
僕	[ぼく]		【ぼく】我（男性自称）〈代〉
僧	[そう]		【そう】僧；和尚〈名〉
儀式	[ぎしき]		【ぎしき】仪式〈名〉
億	[おく]		【おく】亿；一亿〈数〉
優	[やさ]		【やさ】温柔；亲切（優しい）〈名〉
優しい	[やさしい]		【やさしい】温柔的；和蔼的；亲切的〈イ形〉
優れる	[すぐれる]		【すぐれる】出色；优秀〈动2〉
優位	[ゆうい]		【ゆうい】优势地位〈名〉
優先	[ゆうせん]		【ゆうせん】优先〈名〉
優勝	[ゆうしょう]		【ゆうしょう】冠军；获胜〈名〉
優勢	[ゆうせい]		【ゆうせい】优势〈名〉
優秀	[ゆうしゅう]		【ゆうしゅう】优秀〈ナ形〉
優美	[ゆうび]		【ゆうび】优美〈ナ形〉
優越	[ゆうえつ]		【ゆうえつ】优越〈名〉
儲かる	[もうかる]		【もうかる】赚钱；得利〈动1〉
儲ける	[もうける]		【もうける】赚钱；（投机）得利〈动2〉
元	[もと]		【もと】原来；原本；（前）～（身份）〈名〉
元々	[もともと]		【もともと】原本；本来〈副〉
元年	[がんねん]		【がんねん】元年〈名〉
元来	[がんらい]		【がんらい】本来；原来〈副〉
元気	[げんき]		【げんき】精神；活力；（身体）健康〈ナ形〉
元素	[げんそ]		【げんそ】元素〈名〉
元首	[げんしゅ]		【げんしゅ】元首〈名〉
兄	[あに]		【あに】哥哥；兄长〈名〉
兄弟	[きょうだい]		【きょうだい】兄弟姐妹；兄弟〈名〉
充実	[じゅうじつ]		【じゅうじつ】充实〈名〉
兆	[ちょう]		【ちょう】预兆；（量词）兆〈名〉
兆し	[きざし]		【きざし】预兆；征兆〈名〉
先	[さき]		【さき】前方；先前；将来；先〈名〉
先々月	[せんせんげつ]		【せんせんげつ】上上个月〈名〉
先ず	[まず]		【まず】首先；（大概）差不多〈副〉
先だって	[せんだって]		【せんだって】前几天；日前〈名〉
先に	[さきに]		【さきに】先；先（做）〈副〉
先代	[せんだい]		【せんだい】前代；（家）上一辈〈名〉
先先月	[せんせんげつ]		【せんせんげつ】上上个月〈名〉
先先週	[せんせんしゅう]		【せんせんしゅう】上上周〈名〉
先天的	[せんてんてき]		【せんてんてき】先天的〈ナ形〉
先日	[せんじつ]		【せんじつ】前几天；日前〈名〉
先月	[せんげつ]		【せんげつ】上个月〈名〉
先生	[せんせい]		【せんせい】老师；先生；医生〈名〉
先着	[せんちゃく]		【せんちゃく】先到〈名〉
先祖	[せんぞ]		【せんぞ】祖先；先祖〈名〉
先程	[さきほど]		【さきほど】刚才〈名〉
先端	[せんたん]		【せんたん】尖端；顶端〈名〉
先行	[せんこう]		【せんこう】先行；（行情）领先〈名〉
先輩	[せんぱい]		【せんぱい】前辈；先辈〈名〉
先週	[せんしゅう]		【せんしゅう】上周；上星期〈名〉
先頭	[せんとう]		【せんとう】最前面；首位〈名〉
光	[ひかり]		【ひかり】光；光线〈名〉
光る	[ひかる]		【ひかる】发光；闪耀〈动1〉
光景	[こうけい]		【こうけい】景象；情景〈名〉
光沢	[こうたく]		【こうたく】光泽〈名〉
光熱費	[こうねつひ]		【こうねつひ】水电煤气费〈名〉
光線	[こうせん]		【こうせん】光线〈名〉
克服	[こくふく]		【こくふく】克服〈名〉
免れる	[まぬかれる]		【まぬかれる】摆脱；避免〈动2〉
免税	[めんぜい]		【めんぜい】免税〈名〉
免許	[めんきょ]		【めんきょ】执照；许可证〈名〉
免除	[めんじょ]		【めんじょ】免除〈名〉
兎	[うさぎ]		【うさぎ】兔子〈名〉
児	[じ]		【じ】儿童〈名〉
児童	[じどう]		【じどう】儿童〈名〉
党	[とう]		【とう】政党；党派〈名〉
入る	[はいる]		【はいる】进入；加入；容纳〈动1〉
入れる	[いれる]		【いれる】放入；装进；加上〈动2〉
入れ物	[いれもの]		【いれもの】容器〈名〉
入口	[いりぐち]		【いりぐち】入口〈名〉
入場	[にゅうじょう]		【にゅうじょう】入场〈名〉
入学	[にゅうがく]		【にゅうがくする】入学；进（学校）〈名〉
入手	[にゅうしゅ]		【にゅうしゅ】入手；得到〈名〉
入浴	[にゅうよく]		【にゅうよく】入浴；洗澡〈名〉
入社	[にゅうしゃ]		【にゅうしゃ】进公司；入职〈名〉
入賞	[にゅうしょう]		【にゅうしょう】获奖；得奖〈名〉
入院	[にゅういん]		【にゅういんする】住院〈名〉
全	[ぜん]		【ぜん】全；全部（接头词）〈接头〉
全く	[まったく]		【まったく】完全；（接否定）全然不〈副〉
全て	[すべて]		【すべて】全部；一切〈名〉
全体	[ぜんたい]		【ぜんたい】整体；总体上〈名〉
全員	[ぜんいん]		【ぜんいん】全体成员〈名〉
全国	[ぜんこく]		【ぜんこく】全国〈名〉
全快	[ぜんかい]		【ぜんかい】痊愈〈名〉
全滅	[ぜんめつ]		【ぜんめつ】全灭；全部毁灭〈名〉
全然	[ぜんぜん]		【ぜんぜん】完全（不）；根本（不）〈副〉
全盛	[ぜんせい]		【ぜんせい】全盛〈名〉
全般	[ぜんぱん]		【ぜんぱん】全面；整体〈名〉
全身	[ぜんしん]		【ぜんしん】全身〈名〉
全部	[ぜんぶ]		【ぜんぶ】全部；所有〈名〉
全集	[ぜんしゅう]		【ぜんしゅう】全集〈名〉
八	[はち]		【はち】八；八个〈数〉
八つ	[やっつ]		【やっつ】八个；八岁〈数〉
八日	[ようか]		【ようか】八天；八号〈名〉
八百屋	[やおや]		【やおや】蔬菜店；菜店〈名〉
公	[おおやけ]		【おおやけ】公；（公家）官方〈名〉
公共	[こうきょう]		【こうきょう】公共〈名〉
公務	[こうむ]		【こうむ】公务〈名〉
公務員	[こうむいん]		【こうむいん】公务员〈名〉
公募	[こうぼ]		【こうぼ】公开招募〈名〉
公団	[こうだん]		【こうだん】公团；公社〈名〉
公園	[こうえん]		【こうえん】公园〈名〉
公害	[こうがい]		【こうがい】公害；污染〈名〉
公平	[こうへい]		【こうへい】公平〈ナ形〉
公式	[こうしき]		【こうしき】公式；（状态）正式〈名〉
公正	[こうせい]		【こうせい】公正〈ナ形〉
公演	[こうえん]		【こうえん】公演〈名〉
公然	[こうぜん]		【こうぜん】公然〈ナ形〉
公用	[こうよう]		【こうよう】公用；公务〈名〉
公立	[こうりつ]		【こうりつ】公立〈名〉
公衆	[こうしゅう]		【こうしゅう】公众〈名〉
公表	[こうひょう]		【こうひょう】公布；发表〈名〉
公認	[こうにん]		【こうにん】公认；正式认可〈名〉
公開	[こうかい]		【こうかい】公开〈名〉
六	[ろく]		【ろく】六；六个〈数〉
六つ	[むっつ]		【むっつ】六个；六岁〈数〉
六日	[むいか]		【むいか】六天；六号〈名〉
共	[きょう]		【きょう】共；（接尾）~共〈接尾〉
共に	[ともに]		【ともに】一起；同时〈副〉
共働き	[ともばたらき]		【ともばたらき】夫妻双职工〈名〉
共同	[きょうどう]		【きょうどう】共同〈名〉
共和	[きょうわ]		【きょうわ】共和〈名〉
共存	[きょうそん]		【きょうそん】共存〈名〉
共学	[きょうがく]		【きょうがく】男女同校〈名〉
共感	[きょうかん]		【きょうかん】同感；共鸣〈名〉
共産	[きょうさん]		【きょうさん】共产〈名〉
共稼ぎ	[ともかせぎ]		【ともかせぎ】夫妻双职工〈名〉
共通	[きょうつう]		【きょうつう】共同；通用〈ナ形〉
共鳴	[きょうめい]		【きょうめい】共鸣〈名〉
兵器	[へいき]		【へいき】兵器；武器〈名〉
兵士	[へいし]		【へいし】士兵〈名〉
兵隊	[へいたい]		【へいたい】士兵；（口语）军队〈名〉
具体	[ぐたい]		【ぐたい】具体〈名〉
具合	[ぐあい]		【ぐあい】状况；（身体）情况；（机器）状态〈名〉
典型	[てんけい]		【てんけい】典型；典型例子〈名〉
兼ねて	[かねて]		【かねて】事先；以前〈副〉
兼ねる	[かねる]		【かねる】兼任；（～かねる：难以）〈动2〉
兼業	[けんぎょう]		【けんぎょう】兼职；兼业〈名〉
兼用	[けんよう]		【けんよう】兼用〈名〉
内	[うち]		【うち】内部；之内〈名〉
内乱	[ないらん]		【ないらん】内乱〈名〉
内容	[ないよう]		【ないよう】内容〈名〉
内科	[ないか]		【ないか】内科〈名〉
内線	[ないせん]		【ないせん】内线；（电话）分机〈名〉
内臓	[ないぞう]		【ないぞう】内脏〈名〉
内訳	[うちわけ]		【うちわけ】明细；细目〈名〉
内部	[ないぶ]		【ないぶ】内部〈名〉
内閣	[ないかく]		【ないかく】内阁〈名〉
内陸	[ないりく]		【ないりく】内陆〈名〉
円	[えん]		【えん】日元；圆圈〈名〉
円周	[えんしゅう]		【えんしゅう】圆周〈名〉
円満	[えんまん]		【えんまん】圆满；（关系）和睦〈ナ形〉
円滑	[えんかつ]		【えんかつ】顺利；顺畅〈ナ形〉
冊	[さつ]		【さつ】（量词）册〈量〉
再	[さい]		【さい】再（接头：再建）〈接头〉
再び	[ふたたび]		【ふたたび】再次；重新〈副〉
再三	[さいさん]		【さいさん】再三；屡次〈副〉
再会	[さいかい]		【さいかい】再会；重逢〈名〉
再建	[さいけん]		【さいけん】重建〈名〉
再来年	[さらいねん]		【さらいねん】后年〈名〉
再来月	[さらいげつ]		【さらいげつ】下下个月〈名〉
再来週	[さらいしゅう]		【さらいしゅう】下下周〈名〉
再現	[さいげん]		【さいげん】再现〈名〉
再生	[さいせい]		【さいせい】再生；（录音）播放〈名〉
再発	[さいはつ]		【さいはつ】复发；再次发生〈名〉
冒険	[ぼうけん]		【ぼうけん】冒险〈名〉
冒頭	[ぼうとう]		【ぼうとう】开头；开端〈名〉
冗談	[じょうだん]		【じょうだん】玩笑；笑话〈名〉
写し	[うつし]		【うつし】副本；抄本〈名〉
写す	[うつす]		【うつす】抄写；翻拍；拍摄〈动1〉
写る	[うつる]		【うつる】（照片）照出；（能）映出〈动1〉
写生	[しゃせい]		【しゃせい】写生；素描〈名〉
写真	[しゃしん]		【しゃしん】照片；照相〈名〉
冠	[かんむり]		【かんむり】冠；皇冠〈名〉
冬	[ふゆ]		【ふゆ】冬天；冬季〈名〉
冬眠	[とうみん]		【とうみん】冬眠〈名〉
冴える	[さえる]		【さえる】（头脑）清醒；（色）鲜艳〈动2〉
冷える	[ひえる]		【ひえる】变冷；感到冷；（金属等）冰凉〈动2〉
冷たい	[つめたい]		【つめたい】冷的；凉的；（态度）冷淡〈イ形〉
冷ます	[さます]		【さます】使冷却；（热情）降低〈动1〉
冷める	[さめる]		【さめる】变凉；（兴趣）减退〈动2〉
冷やかす	[ひやかす]		【ひやかす】戏弄；（商店）只看不买〈动1〉
冷やす	[ひやす]		【ひやす】使变凉；冰镇〈动1〉
冷凍	[れいとう]		【れいとう】冷冻〈名〉
冷房	[れいぼう]		【れいぼう】冷气；空调〈名〉
冷淡	[れいたん]		【れいたん】冷淡〈ナ形〉
冷蔵	[れいぞう]		【れいぞう】冷藏〈名〉
冷蔵庫	[れいぞうこ]		【れいぞうこ】冰箱〈名〉
冷酷	[れいこく]		【れいこく】冷酷〈ナ形〉
冷静	[れいせい]		【れいせい】冷静；镇定〈ナ形〉
凄い	[すごい]		【すごい】厉害的；惊人的；（口语）非常〈イ形〉
凌ぐ	[しのぐ]		【しのぐ】凌驾；克服（困难）〈动1〉
凍える	[こごえる]		【こごえる】（身体）冻僵〈动2〉
凍る	[こおる]		【こおる】结冰；冻结〈动1〉
凝らす	[こらす]		【こらす】集中（注意力）；精心（设计）〈动1〉
凝る	[こる]		【こる】讲究；（肩）酸〈动1〉
几帳面	[きちょうめん]		【きちょうめん】一丝不苟；严谨〈ナ形〉
凡そ	[およそ]		【およそ】大约；大体〈副〉
処分	[しょぶん]		【しょぶん】处理；处分〈名〉
処理	[しょり]		【しょり】处理；办理〈名〉
処置	[しょち]		【しょち】处置；（急救）处理〈名〉
処罰	[しょばつ]		【しょばつ】处罚〈名〉
凶作	[きょうさく]		【きょうさく】歉收〈名〉
凸凹	[でこぼこ]		【でこぼこ】凹凸不平；坎坷〈ナ形〉
凹む	[へこむ]		【へこむ】凹陷；（心情）低落〈动1〉
出かける	[でかける]		【でかける】出门；外出〈动2〉
出くわす	[でくわす]		【でくわす】碰上；偶遇〈动1〉
出す	[だす]		【だす】拿出；取出；寄出；发出〈动1〉
出る	[でる]		【でる】出去；离开；出席；登（场）〈动2〉
出世	[しゅっせ]		【しゅっせ】出人头地；晋升〈名〉
出会い	[であい]		【であい】相遇；邂逅〈名〉
出会う	[であう]		【であう】偶然遇到；邂逅〈动1〉
出入り	[でいり]		【でいり】出入；（收支）进出〈名〉
出入り口	[でいりぐち]		【でいりぐち】出入口〈名〉
出入口	[でいりぐち]		【でいりぐち】出入口〈名〉
出動	[しゅつどう]		【しゅつどう】出动〈名〉
出勤	[しゅっきん]		【しゅっきん】上班；出勤〈名〉
出口	[でぐち]		【でぐち】出口〈名〉
出合い	[であい]		【であい】相遇；邂逅〈名〉
出合う	[であう]		【であう】相遇（出会う的变体）〈动1〉
出品	[しゅっぴん]		【しゅっぴん】参展；出品〈名〉
出席	[しゅっせきする]		【しゅっせきする】出席；参加〈动3〉
出張	[しゅっちょう]		【しゅっちょう】出差〈名〉
出掛ける	[でかける]		【でかける】出门；外出〈动2〉
出来るだけ	[できるだけ]		【できるだけ】尽可能；尽量〈副〉
出来上がり	[できあがり]		【できあがり】完成；做好〈名〉
出来上がる	[できあがる]		【できあがる】做好；完成；（喝）醉〈动1〉
出来事	[できごと]		【できごと】（发生的）事情；事件〈名〉
出来物	[できもの]		【できもの】疖；粉刺〈名〉
出演	[しゅつえん]		【しゅつえん】演出；登台〈名〉
出版	[しゅっぱん]		【しゅっぱん】出版〈名〉
出生	[しゅっしょう]		【しゅっしょう】出生〈名〉
出産	[しゅっさん]		【しゅっさん】分娩；生孩子〈名〉
出発	[しゅっぱつする]		【しゅっぱつする】出发；动身〈动3〉
出直し	[でなおし]		【でなおし】再来；重新开始〈名〉
出社	[しゅっしゃ]		【しゅっしゃ】上班；到公司〈名〉
出血	[しゅっけつ]		【しゅっけつ】出血〈名〉
出費	[しゅっぴ]		【しゅっぴ】开销；支出〈名〉
出身	[しゅっしん]		【しゅっしん】出身；毕业于〈名〉
出迎え	[でむかえ]		【でむかえ】迎接〈名〉
出迎える	[でむかえる]		【でむかえる】迎接；出迎〈动2〉
出題	[しゅつだい]		【しゅつだい】出题〈名〉
刀	[かたな]		【かたな】刀〈名〉
刃	[は]		【は】刃；刀刃〈名〉
分	[ぶ]		【ぶ】分；（量词）份〈名〉
分かる	[わかる]		【わかる】明白；理解；知道〈动1〉
分かれる	[わかれる]		【わかれる】分开；分歧；划分〈动2〉
分ける	[わける]		【わける】分开；划分；分配〈动2〉
分子	[ぶんし]		【ぶんし】分子；（组织）一分子〈名〉
分布	[ぶんぷ]		【ぶんぷ】分布〈名〉
分担	[ぶんたん]		【ぶんたん】分担〈名〉
分散	[ぶんさん]		【ぶんさん】分散〈名〉
分数	[ぶんすう]		【ぶんすう】分数〈名〉
分析	[ぶんせき]		【ぶんせき】分析〈名〉
分業	[ぶんぎょう]		【ぶんぎょう】分工〈名〉
分母	[ぶんぼ]		【ぶんぼ】分母〈名〉
分裂	[ぶんれつ]		【ぶんれつ】分裂〈名〉
分解	[ぶんかい]		【ぶんかい】分解；拆卸〈名〉
分配	[ぶんぱい]		【ぶんぱい】分配〈名〉
分野	[ぶんや]		【ぶんや】领域；方面〈名〉
分量	[ぶんりょう]		【ぶんりょう】分量；数量〈名〉
分離	[ぶんり]		【ぶんり】分离〈名〉
分類	[ぶんるい]		【ぶんるい】分类〈名〉
切ない	[せつない]		【せつない】难受；（胸口）堵〈イ形〉
切り	[きり]		【きり】（一次）分界；切〈接尾〉
切り替える	[きりかえる]		【きりかえる】更换；（频道）切换〈动2〉
切る	[きる]		【きる】切；割；剪；砍〈动1〉
切れ	[きれ]		【きれ】（布）片；块；（刀）锋利度〈接尾〉
切れる	[きれる]		【きれる】切断；（线）断；用完；（刀）锋利〈动2〉
切れ目	[きれめ]		【きれめ】断开处；（话题）告一段落〈名〉
切実	[せつじつ]		【せつじつ】切身；迫切〈ナ形〉
切手	[きって]		【きって】邮票〈名〉
切符	[きっぷ]		【きっぷ】票；车票〈名〉
切開	[せっかい]		【せっかい】切开（手术）〈名〉
刈る	[かる]		【かる】割（草）；剪（发）；收割〈动1〉
刊行	[かんこう]		【かんこう】出版；发行〈名〉
刑	[けい]		【けい】刑；刑罚〈名〉
刑事	[けいじ]		【けいじ】刑事；（警察）刑警〈名〉
刑罰	[けいばつ]		【けいばつ】刑罚〈名〉
列	[れつ]		【れつ】排；列；队〈名〉
列島	[れっとう]		【れっとう】列岛；群岛〈名〉
列車	[れっしゃ]		【れっしゃ】列车；火车〈名〉
初	[はつ]		【はつ】初；第一次〈接头〉
初めて	[はじめて]		【はじめて】初次；第一次〈副〉
初旬	[しょじゅん]		【しょじゅん】上旬〈名〉
初版	[しょはん]		【しょはん】初版〈名〉
初級	[しょきゅう]		【しょきゅう】初级〈名〉
初耳	[はつみみ]		【はつみみ】初次听到〈名〉
判	[はん]		【はん】印；（判断）判〈名〉
判事	[はんじ]		【はんじ】法官〈名〉
判子	[はんこ]		【はんこ】印章〈名〉
判定	[はんてい]		【はんてい】判定〈名〉
判断	[はんだん]		【はんだん】判断；判定〈名〉
判決	[はんけつ]		【はんけつ】判决〈名〉
別	[べつ]		【べつ】别的；另外的；不同〈ナ形〉
別々	[べつべつ]		【べつべつ】分别；各自〈ナ形〉
別に	[べつに]		【べつに】（不）特别；（接否定）并不怎么〈副〉
別れ	[わかれ]		【わかれ】离别；分别〈名〉
別れる	[わかれる]		【わかれる】分别；分手；离婚〈动2〉
別荘	[べっそう]		【べっそう】别墅〈名〉
利口	[りこう]		【りこう】聪明；机灵〈ナ形〉
利子	[りし]		【りし】利息〈名〉
利害	[りがい]		【りがい】利害（关系）〈名〉
利息	[りそく]		【りそく】利息〈名〉
利潤	[りじゅん]		【りじゅん】利润〈名〉
利点	[りてん]		【りてん】优点；长处〈名〉
利用	[りよう]		【りよう】利用；使用〈名〉
利益	[りえき]		【りえき】利益；利润〈名〉
到底	[とうてい]		【とうてい】（接否定）怎么也（不）〈副〉
到着	[とうちゃく]		【とうちゃく】到达〈名〉
到達	[とうたつ]		【とうたつ】到达〈名〉
制	[せい]		【せい】制度；（接尾）~制〈接尾〉
制する	[せいする]		【せいする】控制；抑制〈动3〉
制作	[せいさく]		【せいさく】创作；（影视）制作〈名〉
制定	[せいてい]		【せいてい】制定〈名〉
制度	[せいど]		【せいど】制度〈名〉
制服	[せいふく]		【せいふく】制服〈名〉
制約	[せいやく]		【せいやく】限制；制约〈名〉
制裁	[せいさい]		【せいさい】制裁〈名〉
制限	[せいげん]		【せいげん】限制〈名〉
刷り	[すり]		【すり】印刷；（纸币）印制〈名〉
刷る	[する]		【する】印刷〈动1〉
券	[けん]		【けん】票；券；（债券）〈名〉
刺	[とげ]		【とげ】刺；（话）带刺〈名〉
刺さる	[ささる]		【ささる】扎上；刺进〈动1〉
刺す	[さす]		【さす】刺；扎；穿（针）〈动1〉
刺激	[しげき]		【しげき】刺激；激励〈名〉
刺繍	[ししゅう]		【ししゅう】刺绣〈名〉
刺身	[さしみ]		【さしみ】生鱼片〈名〉
刻む	[きざむ]		【きざむ】切碎；雕刻；（时间）刻〈动1〉
剃る	[そる]		【そる】剃；刮（胡子）〈动1〉
剃刀	[かみそり]		【かみそり】剃刀〈名〉
削る	[けずる]		【けずる】削；削减〈动1〉
削減	[さくげん]		【さくげん】削减〈名〉
削除	[さくじょ]		【さくじょ】删除〈名〉
前	[まえ]		【まえ】前；前面；之前〈名〉
前もって	[まえもって]		【まえもって】提前；预先〈副〉
前例	[ぜんれい]		【ぜんれい】先例〈名〉
前売り	[まえうり]		【まえうり】预售〈名〉
前後	[ぜんご]		【ぜんご】前后；（数量）左右〈名〉
前提	[ぜんてい]		【ぜんてい】前提〈名〉
前置き	[まえおき]		【まえおき】开场白〈名〉
前者	[ぜんしゃ]		【ぜんしゃ】前者〈名〉
前途	[ぜんと]		【ぜんと】前途〈名〉
前進	[ぜんしん]		【ぜんしん】前进〈名〉
剥がす	[はがす]		【はがす】剥下；撕下〈动1〉
剥く	[むく]		【むく】削皮；剥皮〈动1〉
剥ぐ	[はぐ]		【はぐ】剥下；撕下〈动1〉
剥げる	[はげる]		【はげる】剥落；（色）褪〈动2〉
副	[ふく]		【ふく】副；辅助〈名〉
副詞	[ふくし]		【ふくし】副词〈名〉
割	[わり]		【わり】比例；~成〈名〉
割と	[わりと]		【わりと】比较地；还算〈副〉
割り当て	[わりあて]		【わりあて】分配；摊派〈名〉
割り算	[わりざん]		【わりざん】除法〈名〉
割り込む	[わりこむ]		【わりこむ】插进；（插话）打断〈动1〉
割る	[わる]		【わる】打碎；分；稀释〈动1〉
割れる	[われる]		【われる】破碎；裂开；分裂〈动2〉
割合	[わりあい]		【わりあい】比例；比率；（副）比较地〈名〉
割合に	[わりあいに]		【わりあいに】比较地；意外地〈副〉
割引	[わりびき]		【わりびき】折扣〈名〉
割算	[わりざん]		【わりざん】除法〈名〉
創作	[そうさく]		【そうさく】创作；虚构〈名〉
創刊	[そうかん]		【そうかん】创刊〈名〉
創立	[そうりつ]		【そうりつ】创立〈名〉
創造	[そうぞう]		【そうぞう】创造〈名〉
劇	[げき]		【げき】戏剧；话剧〈名〉
劇団	[げきだん]		【げきだん】剧团〈名〉
劇場	[げきじょう]		【げきじょう】剧场；剧院〈名〉
力	[ちから]		【ちから】力量；力气；能力〈名〉
力強い	[ちからづよい]		【ちからづよい】强有力的；（心里）踏实〈イ形〉
功績	[こうせき]		【こうせき】功绩〈名〉
加える	[くわえる]		【くわえる】加上；添加；施加〈动2〉
加わる	[くわわる]		【くわわる】加入；参加；增加〈动1〉
加入	[かにゅう]		【かにゅう】加入；（保险）参保〈名〉
加味	[かみ]		【かみ】加以考虑（~を加味する）〈名〉
加工	[かこう]		【かこう】加工〈名〉
加減	[かげん]		【かげん】程度；状况；（调节）加减〈名〉
加熱	[かねつ]		【かねつ】加热〈名〉
加速	[かそく]		【かそく】加速〈名〉
加速度	[かそくど]		【かそくど】加速度〈名〉
劣る	[おとる]		【おとる】劣于；不及〈动1〉
助	[じょ]		【じょ】帮助；（语法）助（词、动词）〈名〉
助かる	[たすかる]		【たすかる】得救；省事；帮大忙〈动1〉
助け	[たすけ]		【たすけ】帮助；救助〈名〉
助ける	[たすける]		【たすける】帮助；救助〈动2〉
助動詞	[じょどうし]		【じょどうし】助动词〈名〉
助手	[じょしゅ]		【じょしゅ】助手；助理〈名〉
助教授	[じょきょうじゅ]		【じょきょうじゅ】副教授〈名〉
助言	[じょげん]		【じょげん】建议；忠告〈名〉
助詞	[じょし]		【じょし】助词〈名〉
努めて	[つとめて]		【つとめて】尽量；努力〈副〉
努力	[どりょく]		【どりょく】努力〈名〉
励ます	[はげます]		【はげます】鼓励；激励〈动1〉
励む	[はげむ]		【はげむ】努力；勤奋〈动1〉
労る	[いたわる]		【いたわる】体贴；照顾〈动1〉
労働	[ろうどう]		【ろうどう】劳动〈名〉
労力	[ろうりょく]		【ろうりょく】劳力；工夫〈名〉
効き目	[ききめ]		【ききめ】效果；（药）效〈名〉
効く	[きく]		【きく】（药）有效；起作用〈动1〉
効力	[こうりょく]		【こうりょく】效力〈名〉
効果	[こうか]		【こうか】效果〈名〉
効率	[こうりつ]		【こうりつ】效率〈名〉
勇ましい	[いさましい]		【いさましい】勇敢的；勇猛的〈イ形〉
勇敢	[ゆうかん]		【ゆうかん】勇敢〈ナ形〉
勇気	[ゆうき]		【ゆうき】勇气〈名〉
勉強	[べんきょう]		【べんきょうする】学习；用功；便宜〈名〉
動かす	[うごかす]		【うごかす】移动；开动；打动〈动1〉
動き	[うごき]		【うごき】动作；（行情）动向〈名〉
動く	[うごく]		【うごく】动；移动；（机器）运转；（心）动摇〈动1〉
動作	[どうさ]		【どうさ】动作〈名〉
動力	[どうりょく]		【どうりょく】动力〈名〉
動向	[どうこう]		【どうこう】动向〈名〉
動員	[どういん]		【どういん】动员〈名〉
動揺	[どうよう]		【どうよう】动摇；（心）慌〈名〉
動機	[どうき]		【どうき】动机〈名〉
動物	[どうぶつ]		【どうぶつ】动物〈名〉
動物園	[どうぶつえん]		【どうぶつえん】动物园〈名〉
動的	[どうてき]		【どうてき】动态的〈ナ形〉
動詞	[どうし]		【どうし】动词〈名〉
勘	[かん]		【かん】直觉；第六感〈名〉
勘定	[かんじょう]		【かんじょう】结账；计算；账户〈名〉
勘弁	[かんべん]		【かんべん】饶恕；（口语）受不了〈名〉
勘違い	[かんちがい]		【かんちがい】搞错；误会〈名〉
務め	[つとめ]		【つとめ】义务；职责；工作〈名〉
務める	[つとめる]		【つとめる】努力；尽力；任职〈动2〉
勝ち	[かち]		【かち】胜利；赢〈名〉
勝つ	[かつ]		【かつ】获胜；赢〈动1〉
勝る	[まさる]		【まさる】胜过；优于〈动1〉
勝利	[しょうり]		【しょうり】胜利〈名〉
勝敗	[しょうはい]		【しょうはい】胜败〈名〉
勝負	[しょうぶ]		【しょうぶ】胜负；比赛〈名〉
募る	[つのる]		【つのる】（心情等）愈发强烈；加剧〈动1〉
募金	[ぼきん]		【ぼきん】募捐〈名〉
募集	[ぼしゅう]		【ぼしゅう】招募；征集〈名〉
勢い	[いきおい]		【いきおい】气势；势头；（草木）长势〈名〉
勢力	[せいりょく]		【せいりょく】势力〈名〉
勤まる	[つとまる]		【つとまる】能胜任〈动1〉
勤め	[つとめ]		【つとめ】工作；职务〈名〉
勤める	[つとめる]		【つとめる】任职；在……工作〈动2〉
勤め先	[つとめさき]		【つとめさき】工作单位〈名〉
勤労	[きんろう]		【きんろう】劳动；勤勉工作〈名〉
勤勉	[きんべん]		【きんべん】勤勉〈ナ形〉
勤務	[きんむ]		【きんむ】工作；任职〈名〉
勧め	[すすめ]		【すすめ】劝告；推荐〈名〉
勧める	[すすめる]		【すすめる】劝；建议；敬（酒）〈动2〉
勧告	[かんこく]		【かんこく】劝告〈名〉
勧誘	[かんゆう]		【かんゆう】劝诱；招揽〈名〉
勿論	[もちろん]		【もちろん】当然〈副〉
匂い	[におい]		【におい】气味；香气〈名〉
匂う	[におう]		【におう】散发香气；（有）气味〈动1〉
包み	[つつみ]		【つつみ】包裹；包袱〈名〉
包む	[つつむ]		【つつむ】包；包装；笼罩〈动1〉
包帯	[ほうたい]		【ほうたい】绷带〈名〉
包装	[ほうそう]		【ほうそう】包装〈名〉
化ける	[ばける]		【ばける】变；化（成）〈动2〉
化する	[かする]		【かする】化为；变成〈动3〉
化合	[かごう]		【かごう】化合〈名〉
化学	[かがく]		【かがく】化学〈名〉
化石	[かせき]		【かせき】化石〈名〉
化粧	[けしょう]		【けしょう】化妆〈名〉
化繊	[かせん]		【かせん】化纤〈名〉
北	[きた]		【きた】北；北方〈名〉
北極	[ほっきょく]		【ほっきょく】北极〈名〉
匙	[さじ]		【さじ】勺子；匙〈名〉
匹	[ひき]		【ひき】（量词，小动物）只；匹〈量〉
匹敵	[ひってき]		【ひってき】匹敌；比得上〈名〉
区	[く]		【く】区；（东京）区〈名〉
区分	[くぶん]		【くぶん】区分；划分〈名〉
区切り	[くぎり]		【くぎり】分段；（事情）告一段落〈名〉
区切る	[くぎる]		【くぎる】隔开；（文章）断句〈动1〉
区別	[くべつ]		【くべつ】区别；区分〈名〉
区域	[くいき]		【くいき】区域〈名〉
区画	[くかく]		【くかく】区划；划分〈名〉
区間	[くかん]		【くかん】区间〈名〉
医学	[いがく]		【いがく】医学〈名〉
医師	[いし]		【いし】医生；大夫〈名〉
医療	[いりょう]		【いりょう】医疗〈名〉
医者	[いしゃ]		【いしゃ】医生；大夫〈名〉
十	[じゅう・とお]		【じゅう・とお】十；十个〈数〉
十分	[じゅうぶん]		【じゅうぶん】足够；充分；十分〈ナ形〉
十字路	[じゅうじろ]		【じゅうじろ】十字路口〈名〉
十日	[とおか]		【とおか】十天；十号〈名〉
千	[せん]		【せん】千；一千〈数〉
午前	[ごぜん]		【ごぜん】上午〈名〉
午後	[ごご]		【ごご】下午；午后〈名〉
半	[はん]		【はん】半；一半（三時半）〈名〉
半ば	[なかば]		【なかば】中间；一半；（副）半……〈名〉
半分	[はんぶん]		【はんぶん】一半；二分之一〈名〉
半島	[はんとう]		【はんとう】半岛〈名〉
半径	[はんけい]		【はんけい】半径〈名〉
半端	[はんぱ]		【はんぱ】不彻底；（数）零头〈ナ形〉
卑しい	[いやしい]		【いやしい】卑贱；（人）贪婪；（味）淡〈イ形〉
卑怯	[ひきょう]		【ひきょう】卑怯；（手段）卑鄙〈ナ形〉
卒業	[そつぎょう]		【そつぎょう】毕业〈名〉
卒直	[そっちょく]		【そっちょく】坦率；直率〈ナ形〉
協会	[きょうかい]		【きょうかい】协会〈名〉
協力	[きょうりょく]		【きょうりょく】合作；协作〈名〉
協定	[きょうてい]		【きょうてい】协定〈名〉
協調	[きょうちょう]		【きょうちょう】协调〈名〉
協議	[きょうぎ]		【きょうぎ】协议；磋商〈名〉
南	[みなみ]		【みなみ】南；南方〈名〉
南北	[なんぼく]		【なんぼく】南北〈名〉
南極	[なんきょく]		【なんきょく】南极〈名〉
南米	[なんべい]		【なんべい】南美；南美洲〈名〉
単	[ひとえ]		【ひとえ】单层（衣物）；单薄〈名〉
単なる	[たんなる]		【たんなる】仅仅的；只不过的〈连体〉
単に	[たんに]		【たんに】仅仅；只〈副〉
単一	[たんいつ]		【たんいつ】单一〈ナ形〉
単位	[たんい]		【たんい】单位；（大学的）学分〈名〉
単数	[たんすう]		【たんすう】单数〈名〉
単独	[たんどく]		【たんどく】单独〈名〉
単純	[たんじゅん]		【たんじゅん】单纯；简单〈ナ形〉
単語	[たんご]		【たんご】单词；词语〈名〉
単調	[たんちょう]		【たんちょう】单调〈ナ形〉
博士	[はかせ・はくし]		【はかせ・はくし】博士；（古）博学之人〈名〉
博物館	[はくぶつかん]		【はくぶつかん】博物馆〈名〉
占う	[うらなう]		【うらなう】占卜；预测〈动1〉
占める	[しめる]		【しめる】占据；占有（比例）〈动2〉
占領	[せんりょう]		【せんりょう】占领〈名〉
卯	[う]		【う】卯（生肖兔）〈名〉
印	[しるし]		【しるし】标记；符号；证据〈名〉
印刷	[いんさつ]		【いんさつ】印刷〈名〉
印象	[いんしょう]		【いんしょう】印象〈名〉
印鑑	[いんかん]		【いんかん】印章；图章〈名〉
危うい	[あやうい]		【あやうい】危险的；岌岌可危〈イ形〉
危ない	[あぶない]		【あぶない】危险的；不安全的；靠不住的〈イ形〉
危ぶむ	[あやぶむ]		【あやぶむ】担心；怀疑〈动1〉
危害	[きがい]		【きがい】危害〈名〉
危機	[きき]		【きき】危机〈名〉
危険	[きけん]		【きけん】危险〈ナ形〉
即する	[そくする]		【そくする】即；（～に即して：结合）〈动3〉
即ち	[すなわち]		【すなわち】即；也就是〈接〉
即座に	[そくざに]		【そくざに】立即；当场〈副〉
却って	[かえって]		【かえって】反而；反倒〈副〉
卵	[たまご]		【たまご】鸡蛋；卵〈名〉
卸す	[おろす]		【おろす】批发；磨碎；卸下〈动1〉
厄介	[やっかい]		【やっかい】麻烦；难对付〈ナ形〉
厚い	[あつい]		【あつい】厚的；（人情）深厚；恳切〈イ形〉
厚かましい	[あつかましい]		【あつかましい】厚脸皮的；无耻的〈イ形〉
原	[はら]		【はら】原野；平地〈名〉
原っぱ	[はらっぱ]		【はらっぱ】空地；荒地〈名〉
原作	[げんさく]		【げんさく】原作〈名〉
原典	[げんてん]		【げんてん】原典；原本〈名〉
原則	[げんそく]		【げんそく】原则〈名〉
原因	[げんいん]		【げんいん】原因；起因〈名〉
原始	[げんし]		【げんし】原始；最初〈名〉
原子	[げんし]		【げんし】原子〈名〉
原形	[げんけい]		【げんけい】原形〈名〉
原文	[げんぶん]		【げんぶん】原文〈名〉
原料	[げんりょう]		【げんりょう】原料〈名〉
原書	[げんしょ]		【げんしょ】原书；原本〈名〉
原油	[げんゆ]		【げんゆ】原油〈名〉
原点	[げんてん]		【げんてん】原点；起点〈名〉
原爆	[げんばく]		【げんばく】原子弹〈名〉
原理	[げんり]		【げんり】原理〈名〉
原産	[げんさん]		【げんさん】原产（地）〈名〉
原稿	[げんこう]		【げんこう】原稿；稿件〈名〉
厳か	[おごそか]		【おごそか】庄严；（人）肃穆〈ナ形〉
厳しい	[きびしい]		【きびしい】严格的；严厉的；严峻的〈イ形〉
厳密	[げんみつ]		【げんみつ】严密；严格〈ナ形〉
厳重	[げんじゅう]		【げんじゅう】严密；森严〈ナ形〉
去る	[さる]		【さる】离开；过去〈动1〉
去年	[きょねん]		【きょねん】去年〈名〉
参る	[まいる]		【まいる】去；来（行く、来る的自谦）；吃不消〈动1〉
参上	[さんじょう]		【さんじょう】参上；拜访〈名〉
参加	[さんか]		【さんか】参加〈名〉
参照	[さんしょう]		【さんしょう】参照〈名〉
参考	[さんこう]		【さんこう】参考〈名〉
参議院	[さんぎいん]		【さんぎいん】参议院〈名〉
又	[また]		【また】再；又；也〈副〉
又は	[または]		【または】或者〈接〉
及び	[および]		【および】以及；和〈接〉
及ぶ	[およぶ]		【およぶ】达到；（范围）波及〈动1〉
及ぼす	[およぼす]		【およぼす】给……带来（影响）；波及〈动1〉
友	[とも]		【とも】朋友；友人〈名〉
友人	[ゆうじん]		【ゆうじん】朋友〈名〉
友好	[ゆうこう]		【ゆうこう】友好〈名〉
友情	[ゆうじょう]		【ゆうじょう】友情；友谊〈名〉
友達	[ともだち]		【ともだち】朋友；伙伴〈名〉
双子	[ふたご]		【ふたご】双胞胎〈名〉
反	[たん]		【たん】（量词）反（土地、布）〈量〉
反する	[はんする]		【はんする】违反；相反〈动3〉
反り	[そり]		【そり】弯曲；（刀）弧度〈名〉
反る	[かえる]		【かえる】翘曲；（身体）后仰〈动1〉
反乱	[はんらん]		【はんらん】叛乱〈名〉
反対	[はんたい]		【はんたい】反对；相反〈名〉
反射	[はんしゃ]		【はんしゃ】反射〈名〉
反応	[はんのう]		【はんのう】反应〈名〉
反感	[はんかん]		【はんかん】反感〈名〉
反抗	[はんこう]		【はんこう】反抗；抵抗〈名〉
反撃	[はんげき]		【はんげき】反击〈名〉
反映	[はんえい]		【はんえい】反映〈名〉
反発	[はんぱつ]		【はんぱつ】反抗；（价）反弹〈名〉
反省	[はんせい]		【はんせい】反省〈名〉
反響	[はんきょう]		【はんきょう】反响〈名〉
収まる	[おさまる]		【おさまる】平息；（位置）容纳；归于〈动1〉
収める	[おさめる]		【おさめる】获得；缴纳；收（成果）〈动2〉
収入	[しゅうにゅう]		【しゅうにゅう】收入〈名〉
収容	[しゅうよう]		收容；容纳〈名〉
収支	[しゅうし]		【しゅうし】收支〈名〉
収益	[しゅうえき]		【しゅうえき】收益〈名〉
収穫	[しゅうかく]		【しゅうかく】收获〈名〉
収集	[しゅうしゅう]		【しゅうしゅう】收集〈名〉
叔母さん	[おばさん]		【おばさん】姑妈；姨妈；阿姨〈名〉
叔父さん	[おじさん]		【おじさん】叔叔；伯父；舅舅〈名〉
取っ手	[とって]		【とって】把手〈名〉
取り上げる	[とりあげる]		【とりあげる】拿起；采纳；（话题）提及；没收〈动2〉
取り入れる	[とりいれる]		【とりいれる】采收；采用；（新想法）吸收〈动2〉
取り出す	[とりだす]		【とりだす】取出；拿出〈动1〉
取り分	[とりぶん]		【とりぶん】份；分得的份额〈名〉
取り寄せる	[とりよせる]		【とりよせる】（函）购；（商品）调货〈动2〉
取り巻く	[とりまく]		【とりまく】围绕；（人）捧〈动1〉
取り引き	[とりひき]		【とりひき】交易〈名〉
取り戻す	[とりもどす]		【とりもどす】取回；恢复〈动1〉
取り扱い	[とりあつかい]		【とりあつかい】对待；（商品）经营〈名〉
取り扱う	[とりあつかう]		【とりあつかう】对待；处理〈动1〉
取り替え	[とりかえ]		【とりかえ】更换〈名〉
取り替える	[とりかえる]		【とりかえる】更换；换新〈动2〉
取り次ぐ	[とりつぐ]		【とりつぐ】传达；（电话）转接〈动1〉
取り消す	[とりけす]		【とりけす】取消；作废〈动1〉
取り混ぜる	[とりまぜる]		【とりまぜる】混在一起〈动2〉
取り立てる	[とりたてる]		【とりたてる】催（债）；提拔〈动2〉
取り組む	[とりくむ]		【とりくむ】致力于；（相扑）交锋〈动1〉
取り締まり	[とりしまり]		【とりしまり】取缔；管束〈名〉
取り締まる	[とりしまる]		【とりしまる】取缔；严管〈动1〉
取り調べる	[とりしらべる]		【とりしらべる】调查；审问〈动2〉
取り除く	[とりのぞく]		【とりのぞく】除掉；去除〈动1〉
取る	[とる]		【とる】取；拿；取得（资格）；拍（照）〈动1〉
取れる	[とれる]		【とれる】掉下；（解释）成立；收获〈动2〉
取材	[しゅざい]		【しゅざい】取材；采访〈名〉
受かる	[うかる]		【うかる】考上；考中〈动1〉
受ける	[うける]		【うける】接受；受到；应试（考试）〈动2〉
受け付ける	[うけつける]		【うけつける】受理；接受〈动2〉
受け入れ	[うけいれ]		【うけいれ】接纳；收货〈名〉
受け入れる	[うけいれる]		【うけいれる】接受；收进〈动2〉
受け取り	[うけとり]		【うけとり】领取；收条〈名〉
受け取る	[うけとる]		【うけとる】收到；领取；领会〈动1〉
受け持つ	[うけもつ]		【うけもつ】负责；担任（班级）〈动1〉
受け止める	[うけとめる]		【うけとめる】接住；（批评）接受〈动2〉
受け継ぐ	[うけつぐ]		【うけつぐ】继承〈动1〉
受付	[うけつけ]		【うけつけ】接待处；受理；挂号处〈名〉
受取	[うけとり]		【うけとり】收据；收条〈名〉
受話器	[じゅわき]		【じゅわき】（电话）听筒〈名〉
受身	[うけみ]		【うけみ】被动；（语法）被动态〈名〉
受験	[じゅけん]		【じゅけん】应试；报考〈名〉
口	[くち]		【くち】嘴；口；（容器）口〈名〉
口ずさむ	[くちずさむ]		【くちずさむ】哼（歌）〈动1〉
口実	[こうじつ]		【こうじつ】借口；口实〈名〉
口紅	[くちべに]		【くちべに】口红〈名〉
口述	[こうじゅつ]		【こうじゅつ】口述〈名〉
口頭	[こうとう]		【こうとう】口头〈名〉
古	[いにしえ]		【いにしえ】古；往昔〈名〉
古い	[ふるい]		【ふるい】旧的；老的；陈旧的〈イ形〉
古代	[こだい]		【こだい】古代〈名〉
古典	[こてん]		【こてん】古典；古籍〈名〉
句	[く]		【く】句子；（量词）句〈名〉
句読点	[くとうてん]		【くとうてん】标点符号〈名〉
叩く	[たたく]		【たたく】拍打；敲；拍（手）〈动1〉
只	[ただ]		【ただ】只；仅仅〈副〉；免费〈名〉
叫び	[さけび]		【さけび】呐喊；呼声〈名〉
叫ぶ	[さけぶ]		【さけぶ】喊叫；呐喊〈动1〉
召し上がる	[めしあがる]		【めしあがる】吃、喝（食べる、飲む的尊敬语）〈动1〉
召す	[めす]		【めす】吃、喝、穿、乘（尊敬语）〈动1〉
可	[か]		【か】可；及格〈名〉
可哀想	[かわいそう]		【かわいそう】可怜〈ナ形〉
可愛い	[かわいい]		【かわいい】可爱〈イ形〉
可愛がる	[かわいがる]		【かわいがる】疼爱〈动1〉
可愛らしい	[かわいらしい]		【かわいらしい】可爱；惹人喜爱〈イ形〉
可決	[かけつ]		【かけつ】（议案）通过〈名〉
可能	[かのう]		【かのう】可能〈ナ形〉
台	[だい]		【だい】台；座；（量词）台（机器、车辆）〈名〉
台所	[だいどころ]		【だいどころ】厨房〈名〉
台本	[だいほん]		【だいほん】剧本〈名〉
台無し	[だいなし]		【だいなし】全毁了；糟蹋了〈ナ形〉
台風	[たいふう]		【たいふう】台风〈名〉
叱る	[しかる]		【しかる】责骂；训斥〈动1〉
右	[みぎ]		【みぎ】右；右边〈名〉
叶う	[かなう]		【かなう】（愿望）实现〈动1〉
叶える	[かなえる]		【かなえる】使实现〈动2〉
号	[ごう]		【ごう】号；（报刊）期〈名〉
司る	[つかさどる]		【つかさどる】掌管〈动1〉
司会	[しかい]		【しかい】主持（人）〈名〉
司法	[しほう]		【しほう】司法〈名〉
各	[かく]		【かく】各（接头）〈接头〉
各々	[おのおの]		【おのおの】各自；分别〈名〉
各地	[かくち]		【かくち】各地〈名〉
各種	[かくしゅ]		【かくしゅ】各种〈名〉
各自	[かくじ]		【かくじ】各自〈名〉
合う	[あう]		【あう】合适；一致；（与……）匹配〈动1〉
合わせ	[あわせ]		【あわせ】衬里衣；拼合；碰头〈名〉
合わせる	[あわせる]		【あわせる】合并；配合；使一致〈动1〉
合併	[がっぺい]		【がっぺい】合并〈名〉
合同	[ごうどう]		【ごうどう】合并；联合〈名〉
合唱	[がっしょう]		【がっしょう】合唱〈名〉
合図	[あいず]		【あいず】信号；暗号〈名〉
合意	[ごうい]		【ごうい】合意；达成一致〈名〉
合成	[ごうせい]		【ごうせい】合成〈名〉
合格	[ごうかく]		【ごうかく】及格；合格〈名〉
合流	[ごうりゅう]		【ごうりゅう】汇合；会合〈名〉
合理	[ごうり]		【ごうり】合理〈名〉
合致	[がっち]		【がっち】一致；吻合〈名〉
合計	[ごうけい]		【ごうけい】合计；总共〈名〉
合議	[ごうぎ]		【ごうぎ】合议；商议〈名〉
合間	[あいま]		【あいま】空隙；（工作）间隙〈名〉
吊す	[つるす]		【つるす】吊；挂〈动1〉
吊り革	[つりかわ]		【つりかわ】吊环；（车）拉手〈名〉
吊る	[つる]		【つる】吊；挂〈动1〉
吊るす	[つるす]		【つるす】吊；悬挂〈动1〉
同	[どう]		【どう】同；同上〈名〉
同い年	[おないどし]		【おないどし】同龄〈名〉
同じ	[おなじ]		【おなじ】相同的；一样的〈ナ形〉
同一	[どういつ]		【どういつ】同一；同样〈ナ形〉
同僚	[どうりょう]		【どうりょう】同事〈名〉
同士	[どうし]		【どうし】同伙；（接尾）~们〈接尾〉
同封	[どうふう]		【どうふう】随信附上〈名〉
同居	[どうきょ]		【どうきょ】同居〈名〉
同志	[どうし]		【どうし】同志〈名〉
同情	[どうじょう]		【どうじょう】同情〈名〉
同意	[どうい]		【どうい】同意〈名〉
同感	[どうかん]		【どうかん】同感〈名〉
同時	[どうじ]		【どうじ】同时〈名〉
同格	[どうかく]		【どうかく】同等资格；（语法）同位〈名〉
同様	[どうよう]		【どうよう】同样〈ナ形〉
同盟	[どうめい]		【どうめい】同盟〈名〉
同等	[どうとう]		【どうとう】同等〈名〉
同級	[どうきゅう]		【どうきゅう】同级；同班〈名〉
同調	[どうちょう]		【どうちょう】同调；附和〈名〉
名	[な]		【な】名字；名声；（量词）名〈名〉
名人	[めいじん]		【めいじん】名人；高手；能手〈名〉
名付ける	[なづける]		【なづける】命名；起名〈动2〉
名作	[めいさく]		【めいさく】名作；杰作〈名〉
名刺	[めいし]		【めいし】名片〈名〉
名前	[なまえ]		【なまえ】名字；姓名〈名〉
名字	[みょうじ]		【みょうじ】姓；姓氏〈名〉
名所	[めいしょ]		【めいしょ】名胜；名胜古迹〈名〉
名札	[なふだ]		【なふだ】姓名牌〈名〉
名残	[なごり]		【なごり】残余；（离别）不舍〈名〉
名物	[めいぶつ]		【めいぶつ】名产；（店铺）招牌菜〈名〉
名産	[めいさん]		【めいさん】名产〈名〉
名称	[めいしょう]		【めいしょう】名称〈名〉
名簿	[めいぼ]		【めいぼ】名册〈名〉
名詞	[めいし]		【めいし】名词〈名〉
名誉	[めいよ]		【めいよ】名誉〈名〉
名高い	[なだかい]		【なだかい】有名的〈イ形〉
吐き気	[はきけ]		【はきけ】恶心〈名〉
吐く	[はく]		【はく】吐；呼出（气）；说出（谎言）〈动1〉
向かい	[むかい]		【むかい】对面〈名〉
向かう	[むかう]		【むかう】前往；朝；面向〈动1〉
向き	[むき]		【むき】方向；（面向）~的人〈名〉
向く	[むく]		【むく】朝；向；面向〈动1〉
向け	[むけ]		【むけ】（接尾）面向~（中国向け）〈接尾〉
向ける	[むける]		【むける】使朝向；（时间）腾出〈动2〉
向こう	[むこう]		【むこう】那边；对面；对方〈名〉
向上	[こうじょう]		【こうじょう】向上；提高〈名〉
君	[きみ]		【きみ】你（对同辈、下级的称呼）〈代〉
君主	[くんしゅ]		【くんしゅ】君主〈名〉
吟味	[ぎんみ]		【ぎんみ】吟味；推敲〈名〉
吠える	[ほえる]		【ほえる】（狗）叫；（兽）吼〈动2〉
否	[いや]		【いや】否；不〈名〉
否定	[ひてい]		【ひてい】否定〈名〉
否決	[ひけつ]		【ひけつ】否决〈名〉
含む	[ふくむ]		【ふくむ】包含；含有；含（嘴里）〈动1〉
含める	[ふくめる]		【ふくめる】包含；包括〈动2〉
吸う	[すう]		【すう】吸；抽（烟）；吸入〈动1〉
吸収	[きゅうしゅう]		【きゅうしゅう】吸收〈名〉
吹く	[ふく]		【ふく】吹；刮（风）；吹奏〈动1〉
吹奏	[すいそう]		【すいそう】吹奏（吹奏乐）〈名〉
吹雪	[ふぶき]		【ふぶき】暴风雪〈名〉
呆れる	[あきれる]		【あきれる】惊讶；发愣〈动2〉
呆気ない	[あっけない]		【あっけない】太简单；（结束）太快〈イ形〉
呆然	[ぼうぜん]		【ぼうぜん】发呆；茫然〈ナ形〉
告げる	[つげる]		【つげる】告知；宣告〈动2〉
告白	[こくはく]		【こくはく】表白；坦白〈名〉
呑気	[のんき]		【のんき】悠闲；无忧无虑〈ナ形〉
呟く	[つぶやく]		【つぶやく】嘟哝；低语〈动1〉
周	[しゅう]		【しゅう】一周；周（朝代）；周（姓氏）〈名〉
周り	[まわり]		【まわり】周围；四周〈名〉
周囲	[しゅうい]		【しゅうい】周围；四周〈名〉
周期	[しゅうき]		【しゅうき】周期〈名〉
周辺	[しゅうへん]		【しゅうへん】周边；周围〈名〉
味	[あじ]		【あじ】味道；滋味〈名〉
味わい	[あじわい]		【あじわい】味道；（文）韵味〈名〉
味わう	[あじわう]		【あじわう】品尝；玩味〈动1〉
味噌	[みそ]		【みそ】味噌；日本豆面酱〈名〉
味方	[みかた]		【みかた】我方；伙伴；支持者〈名〉
味覚	[みかく]		【みかく】味觉〈名〉
呼び出す	[よびだす]		【よびだす】叫出；（电话）呼出〈动1〉
呼び掛ける	[よびかける]		【よびかける】呼吁；招呼〈动2〉
呼び止める	[よびとめる]		【よびとめる】叫住〈动2〉
呼ぶ	[よぶ]		【よぶ】叫；呼唤；称呼；邀请〈动1〉
呼吸	[こきゅう]		【こきゅう】呼吸；（相）合拍〈名〉
命	[いのち]		【いのち】生命；性命；寿命〈名〉
命じる	[めいじる]		【めいじる】命令；下令；任命〈动2〉
命ずる	[めいずる]		【めいずる】命令；任命〈动3〉
命中	[めいちゅう]		【めいちゅう】命中〈名〉
命令	[めいれい]		【めいれい】命令；指令〈名〉
咄嗟	[とっさ]		【とっさ】一瞬间（咄嗟に）〈名〉
和	[わ]		【わ】和；（数学）和〈名〉
和やか	[なごやか]		【なごやか】和睦；温和〈ナ形〉
和らげる	[やわらげる]		【やわらげる】使柔和；缓和〈动2〉
和文	[わぶん]		【わぶん】日文；日文文章〈名〉
和服	[わふく]		【わふく】和服；日式服装〈名〉
和英	[わえい]		【わえい】和英（日英）〈名〉
和風	[わふう]		【わふう】日式〈名〉
咎める	[とがめる]		【とがめる】责备〈动2〉
咲く	[さく]		【さく】（花）开〈动1〉
咳	[せき]		【せき】咳嗽〈名〉
哀れ	[あわれ]		【あわれ】可怜；悲哀〈ナ形〉
品	[しな]		【しな】物品；（人的）品格；（量词）道（菜）〈名〉
品物	[しなもの]		【しなもの】商品；物品〈名〉
品種	[ひんしゅ]		【ひんしゅ】品种〈名〉
品質	[ひんしつ]		【ひんしつ】质量〈名〉
哉	[や]		【や】哉（文语感叹）〈助〉
員	[いん]		【いん】（接尾）~员〈接尾〉
哲学	[てつがく]		【てつがく】哲学〈名〉
唇	[くちびる]		【くちびる】嘴唇〈名〉
唯	[ただ]		【ただ】唯；只有〈副〉
唯一	[ゆいいつ]		【ゆいいつ】唯一〈ナ形〉
唱える	[となえる]		【となえる】提倡；（经文）念〈动2〉
唸る	[うなる]		【うなる】呻吟；（兽）吼；（车）鸣〈动1〉
唾	[つば]		【つば】唾液；唾沫〈名〉
商	[しょう]		【しょう】买卖；生意；商〈名〉
商人	[しょうにん]		【しょうにん】商人〈名〉
商品	[しょうひん]		【しょうひん】商品；货品〈名〉
商売	[しょうばい]		【しょうばい】生意；买卖；商业〈名〉
商店	[しょうてん]		【しょうてん】商店〈名〉
商業	[しょうぎょう]		【しょうぎょう】商业〈名〉
商社	[しょうしゃ]		【しょうしゃ】商社；贸易公司〈名〉
問	[もん]		【もん】问；问题〈名〉
問い	[とい]		【とい】问题；提问〈名〉
問い合わせ	[といあわせ]		【といあわせ】咨询；查询〈名〉
問い合わせる	[といあわせる]		【といあわせる】询问〈动2〉
問う	[とう]		【とう】问；（责任）追究〈动1〉
問屋	[といや]		【といや】批发商〈名〉
問答	[もんどう]		【もんどう】问答〈名〉
問題	[もんだい]		【もんだい】问题；习题；麻烦事〈名〉
善	[ぜん]		【ぜん】善；善行；好事〈名〉
善し悪し	[よしあし]		【よしあし】好坏；善恶〈名〉
善良	[ぜんりょう]		【ぜんりょう】善良〈ナ形〉
喉	[のど]		【のど】喉咙；嗓子〈名〉
喋る	[しゃべる]		【しゃべる】说；喋喋不休〈动1〉
喜び	[よろこび]		【よろこび】喜悦；高兴〈名〉
喜ぶ	[よろこぶ]		【よろこぶ】高兴；欢喜；乐于〈动1〉
喜劇	[きげき]		【きげき】喜剧〈名〉
喧しい	[やかましい]		【やかましい】吵闹；严格〈イ形〉
喧嘩	[けんか]		【けんか】吵架；打架〈名〉
喫茶	[きっさ]		【きっさ】喝茶〈名〉
喫茶店	[きっさてん]		【きっさてん】咖啡馆；咖啡厅〈名〉
営む	[いとなむ]		【いとなむ】经营；（仪式）办〈动1〉
営業	[えいぎょう]		【えいぎょう】营业；经营〈名〉
嗅ぐ	[かぐ]		【かぐ】嗅；闻〈动1〉
嗜好	[しこう]		【しこう】嗜好〈名〉
嘆く	[なげく]		【なげく】叹气；哀叹〈动1〉
嘘	[うそ]		【うそ】谎言；假话〈名〉
嘴	[くちばし]		【くちばし】（鸟）嘴；喙〈名〉
噂	[うわさ]		【うわさ】传闻；谣言〈名〉
噛み切る	[かみきる]		【かみきる】咬断〈动1〉
噛む	[かむ]		【かむ】咬；嚼〈动1〉
器	[うつわ]		【うつわ】器皿；（人）器量〈名〉
器具	[きぐ]		【きぐ】器具；器械〈名〉
器官	[きかん]		【きかん】器官〈名〉
器械	[きかい]		【きかい】器械；仪器〈名〉
器用	[きよう]		【きよう】灵巧；手巧；机灵〈ナ形〉
噴出	[ふんしゅつ]		【ふんしゅつ】喷出〈名〉
噴水	[ふんすい]		【ふんすい】喷泉〈名〉
噴火	[ふんか]		【ふんか】（火山）喷发〈名〉
囀る	[さえずる]		【さえずる】（鸟）鸣啭〈动1〉
囁く	[ささやく]		【ささやく】低语；窃窃私语〈动1〉
四	[し・よん]		【し・よん】四；四个〈数〉
四つ	[よっつ]		【よっつ】四个；四岁〈数〉
四つ角	[よつかど]		【よつかど】十字路口〈名〉
四季	[しき]		【しき】四季〈名〉
四捨五入	[ししゃごにゅう]		【ししゃごにゅう】四舍五入〈名〉
四日	[よっか]		【よっか】四天；四号〈名〉
四角	[しかく]		【しかく】四角形；方形〈名〉
四角い	[しかくい]		【しかくい】方形的；四角形的〈イ形〉
回	[かい]		【かい】（量词）次；回〈量〉
回す	[まわす]		【まわす】转；传递；（钱）汇寄〈动1〉
回り	[まわり]		【まわり】周围；旋转；巡视〈名〉
回り道	[まわりみち]		【まわりみち】绕道；弯路〈名〉
回る	[まわる]		【まわる】旋转；巡回；绕着转〈动1〉
回収	[かいしゅう]		【かいしゅう】回收〈名〉
回復	[かいふく]		【かいふく】恢复；康复〈名〉
回数	[かいすう]		【かいすう】次数〈名〉
回数券	[かいすうけん]		【かいすうけん】回数票；次数券〈名〉
回答	[かいとう]		【かいとう】回答；答复〈名〉
回覧	[かいらん]		【かいらん】传阅〈名〉
回路	[かいろ]		【かいろ】电路；回路〈名〉
回転	[かいてん]		【かいてん】旋转；（寿司）回转〈名〉
回送	[かいそう]		【かいそう】回送；（车）空驶〈名〉
因る	[よる]		【よる】由于；取决于（～による）〈动1〉
団体	[だんたい]		【だんたい】团体；组织〈名〉
団地	[だんち]		【だんち】（住宅）小区〈名〉
団扇	[うちわ]		【うちわ】团扇〈名〉
団結	[だんけつ]		【だんけつ】团结〈名〉
困る	[こまる]		【こまる】为难；为难受；碍事〈动1〉
困難	[こんなん]		【こんなん】困难〈ナ形〉
囲む	[かこむ]		【かこむ】围；包围〈动1〉
図	[ず]		【ず】图；图表〈名〉
図る	[はかる]		【はかる】谋求；图（谋）〈动1〉
図形	[ずけい]		【ずけい】图形〈名〉
図書	[としょ]		【としょ】图书；书籍〈名〉
図書館	[としょかん]		【としょかん】图书馆〈名〉
図表	[ずひょう]		【ずひょう】图表〈名〉
図鑑	[ずかん]		【ずかん】图鉴；图册〈名〉
固い	[かたい]		【かたい】硬的；坚硬的；（意志）坚定〈イ形〉
固まる	[かたまる]		【かたまる】变硬；（意见）统一；（人群）聚拢〈动1〉
固める	[かためる]		【かためる】使坚固；（地位）巩固〈动2〉
固体	[こたい]		【こたい】固体〈名〉
固定	[こてい]		【こてい】固定〈名〉
固有	[こゆう]		【こゆう】固有〈ナ形〉
国	[くに]		【くに】国家；故乡〈名〉
国交	[こっこう]		【こっこう】邦交〈名〉
国会	[こっかい]		【こっかい】国会〈名〉
国土	[こくど]		【こくど】国土〈名〉
国境	[こっきょう]		【こっきょう】国境；边界〈名〉
国定	[こくてい]		【こくてい】国定〈名〉
国家	[こっか]		【こっか】国家〈名〉
国有	[こくゆう]		【こくゆう】国有〈名〉
国民	[こくみん]		【こくみん】国民；公民〈名〉
国王	[こくおう]		【こくおう】国王〈名〉
国産	[こくさん]		【こくさん】国产〈名〉
国立	[こくりつ]		【こくりつ】国立的；国家设立的〈名〉
国籍	[こくせき]		【こくせき】国籍〈名〉
国語	[こくご]		【こくご】国语；（学校的）语文〈名〉
国連	[こくれん]		【こくれん】联合国〈名〉
国防	[こくぼう]		【こくぼう】国防〈名〉
国際	[こくさい]		【こくさい】国际〈名〉
圏	[けん]		【けん】（范围）圈；（地域）圈〈接尾〉
園	[えん]		【えん】园；庭园〈名〉
園芸	[えんげい]		【えんげい】园艺〈名〉
土	[つち]		【つち】土；土壤；大地〈名〉
土俵	[どひょう]		【どひょう】（相扑）场地；土俵〈名〉
土台	[どだい]		【どだい】基础〈名〉
土地	[とち]		【とち】土地；（当地）地方〈名〉
土手	[どて]		【どて】土坝；堤〈名〉
土曜	[どよう]		【どよう】星期六〈名〉
土曜日	[どようび]		【どようび】星期六〈名〉
土木	[どぼく]		【どぼく】土木〈名〉
土産	[みやげ]		【みやげ】土产；特产；礼物〈名〉
圧力	[あつりょく]		【あつりょく】压力〈名〉
圧縮	[あっしゅく]		【あっしゅく】压缩〈名〉
圧迫	[あっぱく]		【あっぱく】压迫〈名〉
在る	[ある]		【ある】有；在〈动1〉
在学	[ざいがく]		【ざいがく】在校（学习）〈名〉
在庫	[ざいこ]		【ざいこ】库存〈名〉
地	[ち]		【ち】地；地面〈名〉
地下	[ちか]		【ちか】地下〈名〉
地下水	[ちかすい]		【ちかすい】地下水〈名〉
地下鉄	[ちかてつ]		【ちかてつ】地铁〈名〉
地主	[じぬし]		【じぬし】地主〈名〉
地位	[ちい]		【ちい】地位〈名〉
地元	[じもと]		【じもと】本地；当地〈名〉
地区	[ちく]		【ちく】地区；区域〈名〉
地名	[ちめい]		【ちめい】地名〈名〉
地味	[じみ]		【じみ】朴素；低调；（颜色）素净〈ナ形〉
地図	[ちず]		【ちず】地图〈名〉
地域	[ちいき]		【ちいき】地域；地区〈名〉
地帯	[ちたい]		【ちたい】地带〈名〉
地平線	[ちへいせん]		【ちへいせん】地平线〈名〉
地形	[ちけい]		【ちけい】地形〈名〉
地方	[ちほう]		【ちほう】地方；（日本的）地方城市〈名〉
地点	[ちてん]		【ちてん】地点〈名〉
地獄	[じごく]		【じごく】地狱〈名〉
地球	[ちきゅう]		【ちきゅう】地球〈名〉
地理	[ちり]		【ちり】地理〈名〉
地盤	[じばん]		【じばん】地基；地盘〈名〉
地質	[ちしつ]		【ちしつ】地质〈名〉
地震	[じしん]		【じしん】地震〈名〉
坂	[さか]		【さか】坡；斜坡〈名〉
均衡	[きんこう]		【きんこう】均衡〈名〉
坊さん	[ぼうさん]		【ぼうさん】和尚〈名〉
坊ちゃん	[ぼっちゃん]		【ぼっちゃん】（别人的）儿子；少爷〈名〉
坊っちゃん	[ぼっちゃん]		【ぼっちゃん】（别人家）公子；小少爷〈名〉
坊や	[ぼうや]		【ぼうや】小男孩〈名〉
垂れる	[たれる]		【たれる】垂下；（发）耷拉〈动2〉
垂直	[すいちょく]		【すいちょく】垂直〈名〉
型	[かた]		【かた】型；类型；款式〈名〉
垢	[あか]		【あか】污垢〈名〉
垣根	[かきね]		【かきね】篱笆；树篱〈名〉
埃	[ほこり]		【ほこり】灰尘〈名〉
埋まる	[うずまる]		【うずまる】被埋；（人）挤满〈动1〉
埋める	[うめる]		【うめる】埋；填满；弥补（不足）〈动2〉
埋め込む	[うめこむ]		【うめこむ】嵌入〈动1〉
埋蔵	[まいぞう]		【まいぞう】埋藏〈名〉
城	[しろ]		【しろ】城；城堡〈名〉
城下	[じょうか]		【じょうか】城下〈名〉
域外	[いきがい]		【いきがい】区域外〈名〉
執着	[しゅうじゃく]		【しゅうじゃく】执着〈名〉
執筆	[しっぴつ]		【しっぴつ】执笔；写作〈名〉
基	[もと]		【もと】基础；根据；本源〈名〉
基づく	[もとづく]		【もとづく】基于；根据（～に基づく）〈动1〉
基地	[きち]		【きち】基地〈名〉
基本	[きほん]		【きほん】基本；基础〈名〉
基準	[きじゅん]		【きじゅん】标准；基准〈名〉
基盤	[きばん]		【きばん】基础；根基〈名〉
基礎	[きそ]		【きそ】基础〈名〉
基金	[ききん]		【ききん】基金〈名〉
堀	[ほり]		【ほり】护城河；沟；壕沟〈名〉
堂々	[どうどう]		【どうどう】堂堂；堂堂正正〈副〉
堅い	[かたい]		【かたい】坚硬；（文笔）生硬；（钱）紧〈イ形〉
堤防	[ていぼう]		【ていぼう】堤坝〈名〉
堪える	[こたえる・たえる]		【こたえる・たえる】忍受；经得住〈动2〉
堪らない	[たまらない]		【たまらない】受不了；…得不得了〈イ形〉
報じる	[ほうじる]		【ほうじる】报；报道〈动2〉
報ずる	[ほうずる]		【ほうずる】报；报道〈动3〉
報告	[ほうこく]		【ほうこく】报告〈名〉
報道	[ほうどう]		【ほうどう】报道〈名〉
報酬	[ほうしゅう]		【ほうしゅう】报酬〈名〉
場	[ば]		【ば】场所；（物理）场〈名〉
場合	[ばあい]		【ばあい】场合；情况〈名〉
場所	[ばしょ]		【ばしょ】场所；地方〈名〉
場面	[ばめん]		【ばめん】场面；情景〈名〉
塀	[へい]		【へい】围墙；院墙〈名〉
塊	[かたまり]		【かたまり】块；疙瘩〈名〉
塔	[とう]		【とう】塔；塔楼〈名〉
塗る	[ぬる]		【ぬる】涂；抹；擦〈动1〉
塞がる	[ふさがる]		【ふさがる】被堵上；（路）不通〈动1〉
塞ぐ	[ふさぐ]		【ふさぐ】堵住；闷（心）〈动1〉
塩	[しお]		【しお】盐；食盐〈名〉
塩辛い	[しおからい]		【しおからい】咸的〈イ形〉
塵	[ちり]		【ちり】尘土；灰尘；垃圾〈名〉
塵取り	[ちりとり]		【ちりとり】簸箕〈名〉
塵紙	[ちりがみ]		【ちりがみ】纸巾；草纸〈名〉
塵芥	[ごみ]		【ごみ】垃圾〈名〉
塾	[じゅく]		【じゅく】私塾；补习班〈名〉
境	[さかい]		【さかい】边界；分界〈名〉
境界	[きょうかい]		【きょうかい】边界；境界〈名〉
境遇	[きょうぐう]		【きょうぐう】境遇；处境〈名〉
墓	[はか]		【はか】坟；墓〈名〉
墓地	[ぼち]		【ぼち】墓地〈名〉
増える	[ふえる]		增加；增多〈动2〉
増し	[まし]		【まし】增加；（比）更好〈名〉
増す	[ます]		【ます】增加；增长〈动1〉
増やす	[ふやす]		增加；增多〈动2〉
増加	[ぞうか]		【ぞうか】增加〈名〉
増大	[ぞうだい]		【ぞうだい】增大〈名〉
増強	[ぞうきょう]		【ぞうきょう】增强〈名〉
増減	[ぞうげん]		【ぞうげん】增减；起伏〈名〉
増進	[ぞうしん]		【ぞうしん】增进〈名〉
墜落	[ついらく]		【ついらく】坠落〈名〉
墨	[すみ]		【すみ】墨；墨汁〈名〉
壁	[かべ]		【かべ】墙；墙壁；障碍〈名〉
壇	[だん]		【だん】坛；（讲）台〈名〉
壊す	[こわす]		【こわす】弄坏；破坏〈动1〉
壊れる	[こわれる]		【こわれる】坏掉；破碎；（关系）破裂〈动2〉
壮大	[そうだい]		【そうだい】壮大〈ナ形〉
声	[こえ]		【こえ】声音；嗓音〈名〉
声明	[せいめい]		【せいめい】声明〈名〉
売り出し	[うりだし]		【うりだし】大减价；开卖〈名〉
売り出す	[うりだす]		【うりだす】上市；（人）走红〈动1〉
売り切れ	[うりきれ]		【うりきれ】售完；（票）卖光〈名〉
売り切れる	[うりきれる]		【うりきれる】卖完；售罄〈动2〉
売り場	[うりば]		【うりば】柜台；售货处〈名〉
売る	[うる]		【うる】卖；出售〈动1〉
売れる	[うれる]		【うれる】畅销；卖得出去〈动2〉
売れ行き	[うれゆき]		【うれゆき】销路〈名〉
売上	[うりあげ]		【うりあげ】销售额；营业额〈名〉
売店	[ばいてん]		【ばいてん】小卖部；商店〈名〉
売行き	[うれゆき]		【うれゆき】销路；销售额〈名〉
売買	[ばいばい]		【ばいばい】买卖；交易〈名〉
壷	[つぼ]		【つぼ】壶；（要）点〈名〉
変	[へん]		【へん】奇怪的；不寻常的〈ナ形〉
変える	[かえる]		【かえる】改变；变更〈动2〉
変わる	[かわる]		【かわる】变化；改变；与众不同〈动1〉
変動	[へんどう]		【へんどう】变动〈名〉
変化	[へんか]		【へんか】变化；变动〈名〉
変更	[へんこう]		【へんこう】变更；更改〈名〉
変遷	[へんせん]		【へんせん】变迁〈名〉
変革	[へんかく]		【へんかく】变革〈名〉
夏	[なつ]		【なつ】夏天；夏季〈名〉
夏休み	[なつやすみ]		【なつやすみ】暑假〈名〉
夕べ	[ゆうべ]		【ゆうべ】傍晚；晚间〈名〉
夕刊	[ゆうかん]		【ゆうかん】晚报〈名〉
夕方	[ゆうがた]		【ゆうがた】傍晚；黄昏〈名〉
夕日	[ゆうひ]		【ゆうひ】夕阳；落日〈名〉
夕暮れ	[ゆうぐれ]		【ゆうぐれ】黄昏〈名〉
夕焼け	[ゆうやけ]		【ゆうやけ】晚霞〈名〉
夕立	[ゆうだち]		【ゆうだち】（夏天的）骤雨；雷阵雨〈名〉
夕飯	[ゆうはん]		【ゆうはん】晚饭；晚餐〈名〉
外	[そと]		【そと】外面；外部；室外〈名〉
外す	[はずす]		【はずす】取下；摘下；（目标）没打中〈动1〉
外れる	[はずれる]		【はずれる】脱落；（预计）落空；（抽奖）没中〈动2〉
外交	[がいこう]		【がいこう】外交〈名〉
外出	[がいしゅつ]		【がいしゅつ】外出〈名〉
外国	[がいこく]		【がいこく】外国〈名〉
外国人	[がいこくじん]		【がいこくじん】外国人〈名〉
外来	[がいらい]		【がいらい】外来；（医院）门诊〈名〉
外相	[がいしょう]		【がいしょう】外相；外交部长〈名〉
外科	[げか]		【げか】外科〈名〉
外観	[がいかん]		【がいかん】外观〈名〉
外貨	[がいか]		【がいか】外币；外货〈名〉
外部	[がいぶ]		【がいぶ】外部；外面〈名〉
多い	[おおい]		【おおい】多的；大量的〈イ形〉
多分	[たぶん]		【たぶん】大概；恐怕〈副〉
多少	[たしょう]		【たしょう】多少；稍微〈副〉
多忙	[たぼう]		【たぼう】繁忙〈ナ形〉
多数決	[たすうけつ]		【たすうけつ】多数表决〈名〉
多様	[たよう]		【たよう】多样〈ナ形〉
夜	[よる]		【よる】夜；晚上〈名〉
夜中	[よなか]		【よなか】半夜；午夜〈名〉
夜具	[やぐ]		【やぐ】铺盖；寝具〈名〉
夜明け	[よあけ]		【よあけ】黎明；拂晓〈名〉
夜更かし	[よふかし]		【よふかし】熬夜〈名〉
夜更け	[よふけ]		【よふけ】深夜〈名〉
夜行	[やこう]		【やこう】夜行；（夜行）列车〈名〉
夜間	[やかん]		【やかん】夜间〈名〉
夢	[ゆめ]		【ゆめ】梦；梦想〈名〉
夢中	[むちゅう]		【むちゅう】入迷；热衷〈ナ形〉
夥しい	[おびただしい]		【おびただしい】数量多；众多〈イ形〉
大いに	[おおいに]		【おおいに】非常；大大地〈副〉
大きい	[おおきい]		【おおきい】大的；（年龄）大〈イ形〉
大きな	[おおきな]		【おおきな】大的（后接名词）〈连体〉
大げさ	[おおげさ]		【おおげさ】夸大；小题大做〈ナ形〉
大した	[たいした]		【たいした】了不起的；（接否定）不值一提〈连体〉
大して	[たいして]		【たいして】（接否定）并不那么……〈副〉
大丈夫	[だいじょうぶ]		【だいじょうぶ】没关系；没问题；安全〈ナ形〉
大事	[だいじ]		【だいじ】重要的；宝贵的；不要紧〈ナ形〉
大人	[おとな]		【おとな】大人；成年人〈名〉
大会	[たいかい]		【たいかい】大会；（体育）比赛大会〈名〉
大体	[だいたい]		【だいたい】大体；大致；（量）大约〈副〉
大使	[たいし]		【たいし】大使〈名〉
大使館	[たいしかん]		【たいしかん】大使馆〈名〉
大便	[だいべん]		【だいべん】大便〈名〉
大凡	[おおよそ]		【おおよそ】大体；大约〈副〉
大分	[だいぶ]		【だいぶ】相当；很；颇〈副〉
大切	[たいせつ]		【たいせつ】重要的；贵重的；珍惜〈ナ形〉
大勢	[おおぜい]		【おおぜい】许多人；一大群人〈名〉
大半	[たいはん]		【たいはん】大半；大部分〈名〉
大変	[たいへん]		【たいへん】非常；不得了；辛苦〈ナ形〉
大好き	[だいすき]		【だいすき】非常喜欢；最爱〈ナ形〉
大学	[だいがく]		【だいがく】大学〈名〉
大学生	[だいがくせい]		【だいがくせい】大学生〈名〉
大学院	[だいがくいん]		【だいがくいん】研究生院〈名〉
大家	[おおや]		【おおや】房东；房东太太／老爷（大家さん）〈名〉
大小	[だいしょう]		【だいしょう】大小〈名〉
大層	[たいそう]		【たいそう】非常；（夸张）太〈副〉
大工	[だいく]		【だいく】木匠〈名〉
大幅	[おおはば]		【おおはば】大幅（度）〈ナ形〉
大戦	[たいせん]		【たいせん】大战〈名〉
大抵	[たいてい]		【たいてい】大都；大致；（接否定）轻易不〈副〉
大方	[おおかた]		【おおかた】大体；（人们）众人〈名〉
大木	[たいぼく]		【たいぼく】大树〈名〉
大柄	[おおがら]		【おおがら】（身材）大；（花纹）大〈ナ形〉
大概	[たいがい]		【たいがい】大概；多半〈副〉
大気	[たいき]		【たいき】大气；空气〈名〉
大水	[おおみず]		【おおみず】大水；洪水〈名〉
大空	[おおぞら]		【おおぞら】天空〈名〉
大筋	[おおすじ]		【おおすじ】梗概〈名〉
大統領	[だいとうりょう]		【だいとうりょう】总统〈名〉
大胆	[だいたん]		【だいたん】大胆〈ナ形〉
大臣	[だいじん]		【だいじん】大臣；部长〈名〉
大衆	[たいしゅう]		【たいしゅう】大众〈名〉
大通り	[おおどおり]		【おおどおり】大街；主干道〈名〉
大部	[たいぶ]		【たいぶ】大部分；（书）大部头〈名〉
大部分	[だいぶぶん]		【だいぶぶん】大部分〈名〉
大金	[たいきん]		【たいきん】巨款〈名〉
大陸	[たいりく]		【たいりく】大陆〈名〉
天	[てん]		【てん】天；天空〈名〉
天井	[てんじょう]		【てんじょう】天花板；（价）上限〈名〉
天体	[てんたい]		【てんたい】天体〈名〉
天候	[てんこう]		【てんこう】天气；气候〈名〉
天国	[てんごく]		【てんごく】天国〈名〉
天地	[あめつち]		【あめつち】天地〈名〉
天才	[てんさい]		【てんさい】天才〈名〉
天気	[てんき]		【てんき】天气；晴天〈名〉
天気予報	[てんきよほう]		【てんきよほう】天气预报〈名〉
天災	[てんさい]		【てんさい】天灾〈名〉
天然	[てんねん]		【てんねん】天然；自然〈名〉
天皇	[てんのう]		【てんのう】天皇〈名〉
太い	[ふとい]		【ふとい】粗的；胖的；（声音）低沉〈イ形〉
太る	[ふとる]		【ふとる】发胖；长胖〈动1〉
太陽	[たいよう]		【たいよう】太阳〈名〉
太鼓	[たいこ]		【たいこ】鼓；大鼓〈名〉
夫	[おっと]		【おっと】丈夫〈名〉
夫人	[ふじん]		【ふじん】夫人；太太（尊称）〈名〉
夫妻	[ふさい]		【ふさい】夫妇；夫妻〈名〉
夫婦	[ふうふ]		【ふうふ】夫妇；夫妻〈名〉
失う	[うしなう]		【うしなう】失去；丧失；错过〈动1〉
失恋	[しつれん]		【しつれん】失恋〈名〉
失敗	[しっぱい]		【しっぱい】失败；失误〈名〉
失望	[しつぼう]		【しつぼう】失望〈名〉
失格	[しっかく]		【しっかく】失格；取消资格〈名〉
失業	[しつぎょう]		【しつぎょう】失业〈名〉
失調	[しっちょう]		【しっちょう】失调〈名〉
奇妙	[きみょう]		【きみょう】奇妙；奇怪〈ナ形〉
奇数	[きすう]		【きすう】奇数〈名〉
奉る	[たてまつる]		【たてまつる】（恭敬地）献上〈动1〉
奉仕	[ほうし]		【ほうし】服务；效劳〈名〉
契る	[ちぎる]		【ちぎる】发誓；结（盟）〈动1〉
契機	[けいき]		【けいき】契机〈名〉
契約	[けいやく]		【けいやく】合同；契约〈名〉
奥	[おく]		【おく】里面；深处；（别人的）夫人〈名〉
奥さん	[おくさん]		【おくさん】太太；夫人（对他人妻子的尊称）〈名〉
奨励	[しょうれい]		【しょうれい】鼓励；提倡；奖励〈名〉
奨学金	[しょうがくきん]		【しょうがくきん】奖学金〈名〉
奪う	[うばう]		【うばう】夺；抢夺〈动1〉
奮闘	[ふんとう]		【ふんとう】奋斗〈名〉
女	[おんな]		【おんな】女人；女性〈名〉
女の人	[おんなのひと]		【おんなのひと】女人；女士〈名〉
女の子	[おんなのこ]		【おんなのこ】女孩；女孩子〈名〉
女優	[じょゆう]		【じょゆう】女演员〈名〉
女史	[じょし]		【じょし】女史（对女性的敬称）〈名〉
女子	[じょし]		【じょし】女子；女孩〈名〉
女性	[じょせい]		【じょせい】女性；女人〈名〉
女房	[にょうぼう]		【にょうぼう】老婆；（谦称）妻子〈名〉
女王	[じょおう]		【じょおう】女王〈名〉
奴	[やっこ]		【やっこ】家伙；（古）奴〈名〉
好き	[すき]		【すき】喜欢；爱好〈ナ形〉
好き好き	[すきずき]		【すきずき】各有所好〈名〉
好き嫌い	[すききらい]		【すききらい】好恶；挑食〈名〉
好ましい	[このましい]		【このましい】理想的；令人满意的〈イ形〉
好み	[このみ]		【このみ】喜好；口味；审美〈名〉
好む	[このむ]		【このむ】喜欢；爱好〈动1〉
好意	[こうい]		【こうい】好意〈名〉
好況	[こうきょう]		【こうきょう】景气；繁荣〈名〉
好評	[こうひょう]		【こうひょう】好评〈名〉
好調	[こうちょう]		【こうちょう】顺利；（状态）好〈ナ形〉
妊娠	[にんしん]		【にんしん】怀孕〈名〉
妙	[みょう]		【みょう】奇怪；奇妙〈ナ形〉
妥協	[だきょう]		【だきょう】妥协〈名〉
妥当	[だとう]		【だとう】妥当〈ナ形〉
妥結	[だけつ]		【だけつ】（谈判）达成〈名〉
妨げる	[さまたげる]		【さまたげる】妨碍；阻止〈动2〉
妨害	[ぼうがい]		【ぼうがい】妨害；干扰〈名〉
妬む	[ねたむ]		【ねたむ】嫉妒〈动1〉
妹	[いもうと]		【いもうと】妹妹〈名〉
妻	[つま]		【つま】妻子（谦称）〈名〉
姉	[あね]		【あね】姐姐〈名〉
姉妹	[しまい]		【しまい】姐妹；姊姊和妹妹〈名〉
始まり	[はじまり]		【はじまり】开始；起点〈名〉
始まる	[はじまる]		【はじまる】开始〈动1〉
始め	[はじめ]		【はじめ】开始；最初（はじめに：首先）〈名〉
始めに	[はじめに]		【はじめに】首先〈副〉
始める	[はじめる]		【はじめる】开始；着手〈动2〉
始末	[しまつ]		【しまつ】收拾；（事情的）处理〈名〉
始発	[しはつ]		【しはつ】首班车〈名〉
始終	[しじゅう]		【しじゅう】始终；经常〈副〉
姓	[せい]		【せい】姓；姓氏〈名〉
姓名	[せいめい]		【せいめい】姓名〈名〉
委員	[いいん]		【いいん】委员〈名〉
委託	[いたく]		【いたく】委托〈名〉
姪	[めい]		【めい】侄女；外甥女〈名〉
姿	[すがた]		【すがた】姿态；身影；装束〈名〉
姿勢	[しせい]		【しせい】姿势；（做事的）态度〈名〉
威力	[いりょく]		【いりょく】威力〈名〉
威張る	[いばる]		【いばる】逞威风；自大〈动1〉
娘	[むすめ]		【むすめ】女儿〈名〉
娯楽	[ごらく]		【ごらく】娱乐；消遣〈名〉
婉曲	[えんきょく]		【えんきょく】委婉〈ナ形〉
婚約	[こんやく]		【こんやく】婚约；订婚〈名〉
婦人	[ふじん]		【ふじん】妇人；女士〈名〉
婿	[むこ]		【むこ】女婿〈名〉
嫁	[よめ]		【よめ】新娘；媳妇〈名〉
嫉妬	[しっと]		【しっと】嫉妒〈名〉
嫌	[いや]		【いや】讨厌；不愿意；不舒服〈ナ形〉
嫌い	[きらい]		【きらい】讨厌；不喜欢〈ナ形〉
嫌う	[きらう]		【きらう】讨厌；不喜欢〈动1〉
嫌がる	[いやがる]		【いやがる】讨厌；不愿意〈动1〉
嬉しい	[うれしい]		【うれしい】高兴的；喜悦的〈イ形〉
嬢	[じょう]		【じょう】小姐；（接尾）~小姐〈接尾〉
子	[こ]		【こ】孩子；（接尾）……子〈名〉
子供	[こども]		【こども】孩子；小孩〈名〉
子孫	[しそん]		【しそん】子孙；后代〈名〉
子息	[しそく]		【しそく】（他人之子）令郎〈名〉
字	[じ]		【じ】（日本地方地址中的）字；区段（あざ）〈名〉
字体	[じたい]		【じたい】字体〈名〉
字引	[じびき]		【じびき】词典；字典〈名〉
存じる	[ぞんじる]		【ぞんじる】知道（知る的自谦语）〈动2〉
存在	[そんざい]		【そんざい】存在〈名〉
存続	[そんぞく]		【そんぞく】存续；持续存在〈名〉
孝行	[こうこう]		【こうこう】孝顺〈名〉
季刊	[きかん]		【きかん】季刊〈名〉
季節	[きせつ]		【きせつ】季节〈名〉
孤児	[こじ]		【こじ】孤儿〈名〉
孤独	[こどく]		【こどく】孤独〈ナ形〉
孤立	[こりつ]		【こりつ】孤立〈名〉
学	[がく]		【がく】学；学问；（某领域）学〈名〉
学ぶ	[まなぶ]		【まなぶ】学习；钻研；领会（教训）〈动1〉
学会	[がっかい]		【がっかい】学会；学术界〈名〉
学力	[がくりょく]		【がくりょく】学力；学习能力〈名〉
学問	[がくもん]		【がくもん】学问；学术〈名〉
学士	[がくし]		【がくし】学士〈名〉
学年	[がくねん]		【がくねん】学年；年级〈名〉
学期	[がっき]		【がっき】学期〈名〉
学校	[がっこう]		【がっこう】学校〈名〉
学歴	[がくれき]		【がくれき】学历〈名〉
学生	[がくせい]		【がくせい】学生〈名〉
学科	[がっか]		【がっか】学科；（大学的）系〈名〉
学級	[がっきゅう]		【がっきゅう】（学校的）班级〈名〉
学習	[がくしゅう]		【がくしゅう】学习〈名〉
学者	[がくしゃ]		【がくしゃ】学者〈名〉
学芸	[がくげい]		【がくげい】学艺；文艺〈名〉
学術	[がくじゅつ]		【がくじゅつ】学术〈名〉
学説	[がくせつ]		【がくせつ】学说〈名〉
学部	[がくぶ]		【がくぶ】（大学的）学部；系〈名〉
孫	[まご]		【まご】孙子；孙女〈名〉
宅	[たく]		【たく】家；府上；（接尾）~宅〈名〉
宇宙	[うちゅう]		【うちゅう】宇宙；太空〈名〉
守る	[まもる]		【まもる】守卫；保护；遵守〈动1〉
守備	[しゅび]		【しゅび】守备；防守〈名〉
守衛	[しゅえい]		【しゅえい】警卫；门卫〈名〉
安い	[やすい]		【やすい】便宜的；廉价的〈イ形〉
安っぽい	[やすっぽい]		【やすっぽい】显得廉价；俗气〈イ形〉
安全	[あんぜん]		【あんぜん】安全〈ナ形〉
安定	[あんてい]		【あんてい】安定；稳定〈名〉
安心	[あんしん]		【あんしん】安心；放心〈名〉
安易	[あんい]		【あんい】轻易；草率〈ナ形〉
安静	[あんせい]		【あんせい】安静（静养）〈名〉
完了	[かんりょう]		【かんりょう】完了；完成〈名〉
完全	[かんぜん]		【かんぜん】完全；完备〈ナ形〉
完成	[かんせい]		【かんせい】完成〈名〉
完璧	[かんぺき]		【かんぺき】完美〈ナ形〉
宗教	[しゅうきょう]		【しゅうきょう】宗教〈名〉
官僚	[かんりょう]		【かんりょう】官僚〈名〉
官庁	[かんちょう]		【かんちょう】官厅；政府机关〈名〉
宙返り	[ちゅうがえり]		【ちゅうがえり】翻筋斗〈名〉
定まる	[さだまる]		【さだまる】定下来；（方向）确定〈动1〉
定める	[さだめる]		【さだめる】决定；规定；制定；镇定〈动2〉
定休日	[ていきゅうび]		【ていきゅうび】定期休息日〈名〉
定価	[ていか]		【ていか】定价〈名〉
定員	[ていいん]		【ていいん】定员；（车载）限定人数〈名〉
定年	[ていねん]		【ていねん】退休年龄〈名〉
定期	[ていき]		【ていき】定期；（定期）车票〈名〉
定期券	[ていきけん]		【ていきけん】月票；定期券〈名〉
定義	[ていぎ]		【ていぎ】定义〈名〉
定規	[じょうぎ]		【じょうぎ】尺子〈名〉
定食	[ていしょく]		【ていしょく】套餐；定食〈名〉
宛	[あて]		【あて】寄给（~宛）；每（人宛）〈接尾〉
宛てる	[あてる]		【あてる】写上（收件人）；指定〈动2〉
宛名	[あてな]		【あてな】收件人姓名（地址）〈名〉
宜しい	[よろしい]		【よろしい】好的；可以的（いい的礼貌语）〈イ形〉
宝	[たから]		【たから】宝物；财宝〈名〉
宝器	[ほうき]		【ほうき】珍宝；（喻）奇才〈名〉
宝石	[ほうせき]		【ほうせき】宝石〈名〉
実	[み]		【み】果实；种子；内容〈名〉
実に	[じつに]		【じつに】实在；确实〈副〉
実は	[じつは]		【じつは】其实；说实在的〈副〉
実る	[みのる]		【みのる】结果实；（努力）有成果〈动1〉
実例	[じつれい]		【じつれい】实例〈名〉
実力	[じつりょく]		【じつりょく】实力〈名〉
実情	[じつじょう]		【じつじょう】实情〈名〉
実感	[じっかん]		【じっかん】真实感受〈名〉
実態	[じったい]		【じったい】实态；实际情况〈名〉
実施	[じっし]		【じっし】实施；执行〈名〉
実業家	[じつぎょうか]		【じつぎょうか】实业家〈名〉
実物	[じつぶつ]		【じつぶつ】实物〈名〉
実現	[じつげん]		【じつげん】实现〈名〉
実用	[じつよう]		【じつよう】实用〈名〉
実績	[じっせき]		【じっせき】实际成绩；业绩〈名〉
実習	[じっしゅう]		【じっしゅう】实习〈名〉
実行	[じっこう]		【じっこう】实行；执行〈名〉
実費	[じっぴ]		【じっぴ】实际费用；成本〈名〉
実質	[じっしつ]		【じっしつ】实质〈名〉
実践	[じっせん]		【じっせん】实践〈名〉
実際	[じっさい]		【じっさい】实际；事实上〈名〉
実験	[じっけん]		【じっけん】实验〈名〉
客	[きゃく]		【きゃく】客人；顾客〈名〉
客席	[きゃくせき]		【きゃくせき】客席；（剧场）观众席〈名〉
客観	[きゃっかん]		【きゃっかん】客观〈名〉
客間	[きゃくま]		【きゃくま】客房；客厅〈名〉
宣伝	[せんでん]		【せんでん】宣传〈名〉
宣教	[せんきょう]		【せんきょう】传教〈名〉
宣言	[せんげん]		【せんげん】宣言〈名〉
室	[しつ]		【しつ】（接尾）~室〈接尾〉
宮殿	[きゅうでん]		【きゅうでん】宫殿〈名〉
害	[がい]		【がい】害；害处；损害〈名〉
害する	[がいする]		【がいする】损害；妨害〈动3〉
宴会	[えんかい]		【えんかい】宴会〈名〉
家	[いえ]		【いえ】家；房子〈名〉
家主	[やぬし]		【やぬし】房东〈名〉
家事	[かじ]		【かじ】家务事〈名〉
家具	[かぐ]		【かぐ】家具〈名〉
家内	[かない]		【かない】内人；妻子（谦称）〈名〉
家出	[いえで]		【いえで】离家出走〈名〉
家屋	[かおく]		【かおく】房屋〈名〉
家庭	[かてい]		【かてい】家庭〈名〉
家族	[かぞく]		【かぞく】家人；家族〈名〉
家来	[けらい]		【けらい】家臣；随从〈名〉
家畜	[かちく]		【かちく】家畜〈名〉
家計	[かけい]		【かけい】家庭经济〈名〉
家賃	[やちん]		【やちん】房租〈名〉
容器	[ようき]		【ようき】容器〈名〉
容易	[ようい]		【ようい】容易〈ナ形〉
容積	[ようせき]		【ようせき】容积〈名〉
宿	[やど]		【やど】客栈；住宿处〈名〉
宿命	[しゅくめい]		【しゅくめい】宿命〈名〉
宿泊	[しゅくはく]		【しゅくはく】住宿〈名〉
宿題	[しゅくだい]		【しゅくだい】作业；家庭作业〈名〉
寂しい	[さびしい]		【さびしい】寂寞的；冷清的；舍不得的〈イ形〉
寄せる	[よせる]		【よせる】使靠近；集中；召集〈动2〉
寄り掛かる	[よりかかる]		【よりかかる】倚靠〈动1〉
寄る	[よる]		【よる】顺便去；靠近；聚集〈动1〉
寄与	[きよ]		【きよ】贡献；有助于〈名〉
寄付	[きふ]		【きふ】捐助；捐款〈名〉
寄贈	[きそう]		【きそう】捐赠；赠送〈名〉
密か	[ひそか]		【ひそか】秘密；暗中〈ナ形〉
密度	[みつど]		【みつど】密度〈名〉
密接	[みっせつ]		【みっせつ】密切；（接触）紧密〈ナ形〉
密集	[みっしゅう]		【みっしゅう】密集〈名〉
富	[とみ]		【とみ】财富〈名〉
富む	[とむ]		【とむ】富有；（资源）丰富〈动1〉
富豪	[ふごう]		【ふごう】富豪〈名〉
寒い	[さむい]		【さむい】寒冷的；（感到）冷〈イ形〉
寒帯	[かんたい]		【かんたい】寒带〈名〉
寒気	[さむけ・かんき]		【さむけ・かんき】寒气；（感到）冷〈名〉
寛容	[かんよう]		【かんよう】宽容〈ナ形〉
寝かせる	[ねかせる]		【ねかせる】哄睡；（酒）存放〈动2〉
寝る	[ねる]		【ねる】睡觉；躺下〈动2〉
寝台	[しんだい]		【しんだい】床铺；（火车）卧铺〈名〉
寝坊	[ねぼう]		【ねぼう】睡懒觉；爱睡懒觉的人〈名〉
寝巻	[ねまき]		【ねまき】睡衣〈名〉
寝間着	[ねまき]		【ねまき】睡衣〈名〉
察する	[さっする]		【さっする】察觉；（人）体谅〈动3〉
寧ろ	[むしろ]		【むしろ】宁可；不如说；倒不如〈副〉
審判	[しんぱん]		【しんぱん】审判；裁判〈名〉
審査	[しんさ]		【しんさ】审查〈名〉
審議	[しんぎ]		【しんぎ】审议〈名〉
寮	[りょう]		【りょう】宿舍〈名〉
寸法	[すんぽう]		尺寸；测量〈名〉
寺	[てら]		【てら】寺院；寺庙〈名〉
寺院	[じいん]		【じいん】寺院〈名〉
対	[たい]		【たい】对；（比赛）对；比（A対B）〈名〉
対して	[たいして]		【たいして】对；对于（に対して）〈惯〉
対する	[たいする]		【たいする】对；对于；面对〈动3〉
対処	[たいしょ]		【たいしょ】应付；处理〈名〉
対応	[たいおう]		【たいおう】对应；（问题）应对〈名〉
対抗	[たいこう]		【たいこう】对抗〈名〉
対比	[たいひ]		【たいひ】对比〈名〉
対決	[たいけつ]		【たいけつ】对决〈名〉
対照	[たいしょう]		【たいしょう】对照；对比〈名〉
対立	[たいりつ]		对立〈名〉
対等	[たいとう]		【たいとう】对等〈ナ形〉
対策	[たいさく]		【たいさく】对策〈名〉
対話	[たいわ]		【たいわ】对话〈名〉
対談	[たいだん]		【たいだん】对谈〈名〉
対象	[たいしょう]		【たいしょう】对象；目标〈名〉
対辺	[たいへん]		【たいへん】对边〈名〉
対面	[たいめん]		【たいめん】会面；（视听）面对〈名〉
寿命	[じゅみょう]		【じゅみょう】寿命〈名〉
封	[ふう]		【ふう】封（印）；封口〈名〉
封建	[ほうけん]		【ほうけん】封建〈名〉
封筒	[ふうとう]		【ふうとう】信封〈名〉
封鎖	[ふうさ]		【ふうさ】封锁〈名〉
専ら	[もっぱら]		【もっぱら】专门；净〈副〉
専修	[せんしゅう]		【せんしゅう】专修〈名〉
専制	[せんせい]		【せんせい】专制〈名〉
専攻	[せんこう]		【せんこう】专业；（大学的）专攻〈名〉
専用	[せんよう]		【せんよう】专用〈名〉
射す	[さす]		【さす】（光）照射；（日）照〈动1〉
将来	[しょうらい]		【しょうらい】将来；未来〈名〉
将棋	[しょうぎ]		【しょうぎ】将棋（日本象棋）〈名〉
尉	[じょう]		【じょう】（军衔）尉〈名〉
尊い	[たっとい・とうとい]		【たっとい・とうとい】尊贵；可贵〈イ形〉
尊ぶ	[たっとぶ]		【たっとぶ】尊崇；珍视〈动1〉
尊敬	[そんけい]		【そんけい】尊敬；敬重〈名〉
尊重	[そんちょう]		【そんちょう】尊重〈名〉
尋ねる	[たずねる]		【たずねる】询问；打听；寻找〈动2〉
導く	[みちびく]		【みちびく】引导；引向〈动1〉
導入	[どうにゅう]		【どうにゅう】引进；导入〈名〉
小さい	[ちいさい]		【ちいさい】小的；（数量、程度）小〈イ形〉
小さな	[ちいさな]		【ちいさな】小的（后接名词）〈连体〉
小便	[しょうべん]		【しょうべん】小便〈名〉
小児科	[しょうにか]		【しょうにか】儿科〈名〉
小切手	[こぎって]		【こぎって】支票〈名〉
小包	[こづつみ]		【こづつみ】小包；包裹；邮包〈名〉
小売	[こうり]		【こうり】零售〈名〉
小学校	[しょうがっこう]		【しょうがっこう】小学〈名〉
小学生	[しょうがくせい]		【しょうがくせい】小学生〈名〉
小屋	[こや]		【こや】小屋；棚子〈名〉
小指	[こゆび]		【こゆび】小指〈名〉
小数	[しょうすう]		【しょうすう】小数〈名〉
小柄	[こがら]		【こがら】个头小；（花纹）小〈ナ形〉
小父さん	[おじさん]		【おじさん】大叔；叔叔〈名〉
小説	[しょうせつ]		【しょうせつ】小说〈名〉
小遣い	[こづかい]		【こづかい】零花钱〈名〉
小銭	[こぜに]		【こぜに】零钱〈名〉
小鳥	[ことり]		【ことり】小鸟〈名〉
小麦	[こむぎ]		【こむぎ】小麦〈名〉
少々	[しょうしょう]		【しょうしょう】少许；一点儿〈副〉
少し	[すこし]		【すこし】一点儿；稍微〈副〉
少しも	[すこしも]		【すこしも】一点儿也（不）〈副〉
少ない	[すくない]		【すくない】少的；不多的〈イ形〉
少なくとも	[すくなくとも]		【すくなくとも】至少〈副〉
少女	[しょうじょ]		【しょうじょ】少女〈名〉
少年	[しょうねん]		【しょうねん】少年〈名〉
少数	[しょうすう]		【しょうすう】少数〈名〉
尖る	[とがる]		【とがる】尖；（态度）尖锐；不和〈动1〉
尚	[なお]		【なお】尚且；更〈副〉
尚更	[なおさら]		【なおさら】更加；越发〈副〉
尤も	[もっとも]		【もっとも】合理；正当；（插入语）不过〈副〉
就く	[つく]		【つく】就（职）；师从；就（座）〈动1〉
就任	[しゅうにん]		【しゅうにん】就任〈名〉
就業	[しゅうぎょう]		【しゅうぎょう】就业；上班〈名〉
就職	[しゅうしょく]		【しゅうしょく】就职；找到工作〈名〉
尻	[しり]		【しり】臀部；底部〈名〉
尻尾	[しっぽ]		【しっぽ】尾巴〈名〉
尽きる	[つきる]		【つきる】用尽；耗尽；结束〈动2〉
尽くす	[つくす]		【つくす】尽力；（人）尽心〈动1〉
尾	[お]		【お】尾巴；（山）尾〈名〉
尿	[にょう]		【にょう】尿〈名〉
局	[きょく]		【きょく】局；（邮局、广播）局〈名〉
局限	[きょくげん]		【きょくげん】限定；局限〈名〉
居る	[いる]		【いる】在；有（用于人或动物）〈动2〉
居住	[きょじゅう]		【きょじゅう】居住〈名〉
居眠り	[いねむり]		【いねむり】打瞌睡；打盹〈名〉
居間	[いま]		【いま】起居室；客厅〈名〉
屈折	[くっせつ]		【くっせつ】折射；（心理）扭曲〈名〉
届く	[とどく]		【とどく】送到；达到；（心愿）传到〈动1〉
届け	[とどけ]		【とどけ】申报（单）〈名〉
届ける	[とどける]		【とどける】送到；送达；申报〈动2〉
屋上	[おくじょう]		【おくじょう】屋顶；屋顶平台〈名〉
屋外	[おくがい]		【おくがい】屋外；户外〈名〉
屋敷	[やしき]		【やしき】宅邸〈名〉
屋根	[やね]		【やね】屋顶；房顶〈名〉
屎尿	[しにょう]		【しにょう】屎尿〈名〉
屑	[くず]		【くず】屑；废料〈名〉
展望	[てんぼう]		【てんぼう】展望〈名〉
展示	[てんじ]		【てんじ】展示〈名〉
展覧会	[てんらんかい]		【てんらんかい】展览会〈名〉
展開	[てんかい]		【てんかい】展开；（情节）发展〈名〉
属する	[ぞくする]		【ぞくする】属于；从属〈动3〉
屡	[しばしば]		【しばしば】屡次（しばしば）〈副〉
履く	[はく]		【はく】穿（鞋、裤、裙）〈动1〉
履歴	[りれき]		【りれき】履历〈名〉
山	[やま]		【やま】山；山峰；矿山〈名〉
山岳	[さんがく]		【さんがく】山岳〈名〉
山林	[さんりん]		【さんりん】山林〈名〉
山脈	[さんみゃく]		【さんみゃく】山脉〈名〉
山腹	[さんぷく]		【さんぷく】山腰〈名〉
岩	[いわ]		【いわ】岩石；礁石〈名〉
岩石	[がんせき]		【がんせき】岩石〈名〉
岬	[みさき]		【みさき】海角；岬〈名〉
岸	[きし]		【きし】岸；（河、海）岸〈名〉
峠	[とうげ]		【とうげ】（山）顶点；（困难时期的）关口〈名〉
峰	[みね]		【みね】峰；山峰〈名〉
島	[しま]		【しま】岛；岛屿〈名〉
崇拝	[すうはい]		【すうはい】崇拜〈名〉
崖	[がけ]		【がけ】悬崖〈名〉
崩す	[くずす]		【くずす】拆散；（零钱）换开〈动1〉
崩れる	[くずれる]		【くずれる】崩塌；（天气）变坏；（姿势）垮〈动2〉
崩壊	[ほうかい]		【ほうかい】崩坏；崩溃〈名〉
嵐	[あらし]		【あらし】暴风雨；风波〈名〉
嵩む	[かさむ]		【かさむ】（体积、费用）增大〈动1〉
嵩張る	[かさばる]		【かさばる】占地方；笨重〈动1〉
川	[かわ]		【かわ】河；河流〈名〉
州	[しゅう]		【しゅう】州；（美国的）州〈名〉
巡る	[めぐる]		【めぐる】绕行；围绕；（问题）围绕着〈动1〉
巡査	[じゅんさ]		【じゅんさ】警察；巡警〈名〉
巣	[す]		【す】巢；窝〈名〉
工事	[こうじ]		【こうじ】工程；施工〈名〉
工作	[こうさく]		【こうさく】（手工）制作；（背后）活动〈名〉
工員	[こういん]		【こういん】工厂工人〈名〉
工場	[こうじょう]		【こうじょう】工厂〈名〉
工夫	[くふう]		【くふう】办法；动脑筋；（こうふ）劳工〈名〉
工学	[こうがく]		【こうがく】工学；工程学〈名〉
工業	[こうぎょう]		【こうぎょう】工业〈名〉
工芸	[こうげい]		【こうげい】工艺〈名〉
左	[ひだり]		【ひだり】左；左边〈名〉
左利き	[ひだりきき]		【ひだりきき】左撇子〈名〉
左右	[さゆう]		【さゆう】左右；（影响）左右〈名〉
巧み	[たくみ]		【たくみ】技巧；（巧みな）巧妙〈ナ形〉
巧妙	[こうみょう]		【こうみょう】巧妙〈ナ形〉
巨	[こ]		【こ】巨（大）〈接头〉
巨大	[きょだい]		【きょだい】巨大〈ナ形〉
差	[さ]		【さ】差；差别〈名〉
差し上げる	[さしあげる]		【さしあげる】给、赠（あげる的自谦语）〈动2〉
差し出す	[さしだす]		【さしだす】伸出；（文件）提交〈动1〉
差し引き	[さしひき]		【さしひき】扣除；相抵〈名〉
差し引く	[さしひく]		【さしひく】扣除〈动1〉
差し掛かる	[さしかかる]		【さしかかる】快到；（工作）进行到〈动1〉
差し支え	[さしつかえ]		【さしつかえ】妨碍；不便〈名〉
差し支える	[さしつかえる]		【さしつかえる】妨碍；（事）不便〈动2〉
差す	[さす]		【さす】（撑）伞；（日）照；（潮）涨；（刀）插入〈动1〉
差別	[さべつ]		【さべつ】差别待遇；歧视〈名〉
差異	[さい]		【さい】差异〈名〉
差額	[さがく]		【さがく】差额〈名〉
巻	[まき]		【まき】（量词）卷；（书）卷〈量〉
巻く	[まく]		【まく】卷；缠；（烟）冒〈动1〉
市	[し]		【し】市；城市〈名〉
市場	[いちば・しじょう]		【いちば・しじょう】市场；集市〈名〉
市民	[しみん]		【しみん】市民；公民〈名〉
市街	[しがい]		【しがい】市街；市区〈名〉
布	[ぬの]		【ぬの】布；布料〈名〉
布告	[ふこく]		【ふこく】布告〈名〉
布団	[ふとん]		【ふとん】被褥；日式铺盖〈名〉
布巾	[ふきん]		【ふきん】抹布〈名〉
希望	[きぼう]		【きぼう】希望；期望〈名〉
席	[せき]		【せき】座位；席位〈名〉
帯	[おび]		【おび】（和服）腰带；带子；地带；（物理）能带〈名〉
帯びる	[おびる]		【おびる】佩带；（危机感）怀有〈动2〉
帰す	[かえす]		【かえす】送回；（罪）归于〈动1〉
帰り	[かえり]		【かえり】回程；回来的时候〈名〉
帰る	[かえる]		【かえる】回去；回家；归还〈动1〉
帰京	[ききょう]		【ききょう】回京〈名〉
帰宅	[きたく]		【きたく】回家；到家〈名〉
帳	[とばり]		【とばり】帷幕；帐幕〈名〉
常に	[つねに]		【つねに】常常；经常〈副〉
常識	[じょうしき]		【じょうしき】常识；常理〈名〉
帽子	[ぼうし]		【ぼうし】帽子〈名〉
幅	[はば]		【はば】宽度；幅度〈名〉
幕	[まく]		【まく】幕；（闭幕）终〈名〉
干し物	[ほしもの]		【ほしもの】晾晒的衣物〈名〉
干す	[ほす]		【ほす】晾干；（池）抽干；（酒）喝干〈动1〉
干渉	[かんしょう]		【かんしょう】干涉〈名〉
平たい	[ひらたい]		【ひらたい】平坦；（说法）浅显〈イ形〉
平ら	[たいら]		【たいら】平坦；平〈ナ形〉
平仮名	[ひらがな]		【ひらがな】平假名〈名〉
平凡	[へいぼん]		【へいぼん】平凡〈ナ形〉
平和	[へいわ]		【へいわ】和平〈ナ形〉
平均	[へいきん]		【へいきん】平均〈名〉
平常	[へいじょう]		【へいじょう】平常〈名〉
平方	[へいほう]		【へいほう】平方〈名〉
平日	[へいじつ]		【へいじつ】平日；工作日〈名〉
平気	[へいき]		【へいき】不在乎；无动于衷〈ナ形〉
平等	[びょうどう]		【びょうどう】平等〈ナ形〉
平行	[へいこう]		【へいこう】平行；（与～平行）〈名〉
平野	[へいや]		【へいや】平原〈名〉
年	[とし]		【とし】年；岁数；年代〈名〉
年中	[ねんじゅう]		【ねんじゅう】全年；一年到头〈副〉
年代	[ねんだい]		【ねんだい】年代；时代；年龄层〈名〉
年号	[ねんごう]		【ねんごう】年号〈名〉
年寄	[としより]		【としより】老年人〈名〉
年寄り	[としより]		【としより】老人〈名〉
年度	[ねんど]		【ねんど】年度〈名〉
年月	[としつき]		【としつき】年月；岁月〈名〉
年生	[ねんせい]		【ねんせい】（接尾）~年级学生〈接尾〉
年輪	[ねんりん]		【ねんりん】年轮〈名〉
年鑑	[ねんかん]		【ねんかん】年鉴〈名〉
年長	[ねんちょう]		【ねんちょう】年长〈名〉
年間	[ねんかん]		【ねんかん】年间；……年（时间）〈名〉
年頃	[としごろ]		【としごろ】（到了）年纪；（这几年）〈名〉
年齢	[ねんれい]		【ねんれい】年龄〈名〉
幸い	[さいわい]		【さいわい】幸福；（副）幸而〈ナ形〉
幸せ	[しあわせ]		【しあわせ】幸福；幸运〈ナ形〉
幸福	[こうふく]		【こうふく】幸福〈名〉
幸運	[こううん]		【こううん】幸运〈名〉
幹	[かん]		【かん】树干；骨干〈名〉
幹線	[かんせん]		【かんせん】干线〈名〉
幹部	[かんぶ]		【かんぶ】干部〈名〉
幼い	[おさない]		【おさない】幼小的；（心智）幼稚〈イ形〉
幼児	[ようじ]		【ようじ】幼儿〈名〉
幼稚	[ようち]		【ようち】幼稚〈ナ形〉
幼稚園	[ようちえん]		【ようちえん】幼儿园〈名〉
幽霊	[ゆうれい]		【ゆうれい】幽灵〈名〉
幾つ	[いくつ]		【いくつ】几个；几岁〈数〉
幾ら	[いくら]		【いくら】多少（钱）；多么〈副〉
幾分	[いくぶん]		【いくぶん】一些；稍微〈副〉
幾多	[いくた]		【いくた】许多〈名〉
庁	[ちょう]		【ちょう】厅（政府机关）〈名〉
広々	[ひろびろ]		【ひろびろ】宽敞；广阔〈副〉
広い	[ひろい]		【ひろい】宽的；宽敞的；广泛的〈イ形〉
広がる	[ひろがる]		【ひろがる】展开；扩散；蔓延〈动1〉
広げる	[ひろげる]		【ひろげる】打开；扩大〈动2〉
広さ	[ひろさ]		【ひろさ】面积；宽度〈名〉
広まる	[ひろまる]		【ひろまる】传播；（范围）扩大〈动1〉
広める	[ひろめる]		【ひろめる】推广；扩大〈动2〉
広告	[こうこく]		【こうこく】广告〈名〉
広場	[ひろば]		【ひろば】广场〈名〉
床	[ゆか]		【ゆか】地板〈名〉
床の間	[とこのま]		【とこのま】（日式房间）壁龛〈名〉
床屋	[とこや]		【とこや】理发店〈名〉
底	[そこ]		【そこ】底；底部〈名〉
庖丁	[ほうちょう]		【ほうちょう】菜刀〈名〉
店	[みせ]		【みせ】商店；店铺〈名〉
店員	[てんいん]		【てんいん】店员；营业员〈名〉
店屋	[みせや]		【みせや】店铺〈名〉
度	[たび]		【たび】（量词）次；（温度、角度）度〈量〉
度忘れ	[どわすれ]		【どわすれ】一时想不起来〈名〉
座る	[すわる]		【すわる】坐；落座〈动1〉
座布団	[ざぶとん]		【ざぶとん】坐垫；日式坐垫〈名〉
座席	[ざせき]		【ざせき】座位〈名〉
座敷	[ざしき]		【ざしき】（铺榻榻米的）房间；酒席〈名〉
座標	[ざひょう]		【ざひょう】坐标〈名〉
座談会	[ざだんかい]		【ざだんかい】座谈会〈名〉
庭	[にわ]		【にわ】庭院；院子〈名〉
庶務	[しょむ]		【しょむ】庶务；总务〈名〉
庶民	[しょみん]		【しょみん】庶民；平民〈名〉
廃れる	[すたれる]		【すたれる】过时；（风俗）衰微〈动2〉
廃棄	[はいき]		【はいき】废弃；报废〈名〉
廃止	[はいし]		【はいし】废止〈名〉
廊下	[ろうか]		【ろうか】走廊；过道〈名〉
延ばす	[のばす]		【のばす】延长；（头发）留长〈动1〉
延びる	[のびる]		【のびる】延长；（日期）推迟〈动2〉
延べ	[のべ]		【のべ】（延べ人数）累计；总〈名〉
延期	[えんき]		【えんき】延期〈名〉
延長	[えんちょう]		【えんちょう】延长〈名〉
建つ	[たつ]		【たつ】（建筑）建成〈动1〉
建てる	[たてる]		【たてる】建造；盖（房）〈动2〉
建前	[たてまえ]		【たてまえ】（对外）方针；（与真心相对）场面话〈名〉
建物	[たてもの]		【たてもの】建筑物；楼房〈名〉
建築	[けんちく]		【けんちく】建筑；建筑学〈名〉
建設	[けんせつ]		【けんせつ】建设；建造〈名〉
弁償	[べんしょう]		【べんしょう】赔偿〈名〉
弁当	[べんとう]		【べんとう】盒饭；便当〈名〉
弁解	[べんかい]		【べんかい】辩解〈名〉
弁論	[べんろん]		【べんろん】辩论〈名〉
弁護	[べんご]		【べんご】辩护〈名〉
式	[しき]		【しき】仪式；（数学）式〈名〉
式場	[しきじょう]		【しきじょう】典礼会场〈名〉
弓	[ゆみ]		【ゆみ】弓；弓形〈名〉
引きずる	[ひきずる]		【ひきずる】拖；（鞋）趿拉〈动1〉
引き上げる	[ひきあげる]		【ひきあげる】撤回；（价）上涨〈动2〉
引き下げる	[ひきさげる]		【ひきさげる】降低；使后退〈动2〉
引き出し	[ひきだし]		【ひきだし】抽屉〈名〉
引き出す	[ひきだす]		【ひきだす】抽出；引出；取出〈动1〉
引き分け	[ひきわけ]		【ひきわけ】平局〈名〉
引き取る	[ひきとる]		【ひきとる】领回；（人）退下〈动1〉
引き受ける	[ひきうける]		【ひきうける】承担；接受〈动2〉
引き止める	[ひきとめる]		【ひきとめる】留住；挽留〈动2〉
引き起こす	[ひきおこす]		【ひきおこす】引起；拉起〈动1〉
引き返す	[ひきかえす]		【ひきかえす】返回；折回〈动1〉
引く	[ひく]		【ひく】拉；拖；抽（字典等查引）；退（往后退）〈动1〉
引っ張る	[ひっぱる]		【ひっぱる】拉；拽；拖〈动1〉
引っ掛かる	[ひっかかる]		【ひっかかる】挂住；上当；（疑问）萦绕〈动1〉
引っ掛ける	[ひっかける]		【ひっかける】挂上；（衣服）披〈动2〉
引っ掻く	[ひっかく]		【ひっかく】抓；挠〈动1〉
引っ繰り返す	[ひっくりかえす]		【ひっくりかえす】弄倒；颠倒〈动1〉
引っ繰り返る	[ひっくりかえる]		【ひっくりかえる】翻倒；（形势）逆转〈动1〉
引っ越す	[ひっこす]		【ひっこす】搬家〈动1〉
引っ込む	[ひっこむ]		【ひっこむ】缩进；退居〈动1〉
引分け	[ひきわけ]		【ひきわけ】平局〈名〉
引力	[いんりょく]		【いんりょく】引力〈名〉
引用	[いんよう]		【いんよう】引用〈名〉
引算	[ひきざん]		【ひきざん】减法〈名〉
引越し	[ひっこし]		【ひっこし】搬家〈名〉
引退	[いんたい]		【いんたい】引退；退休〈名〉
弛み	[たるみ]		【たるみ】松弛〈名〉
弛む	[たるむ]		【たるむ】松弛；（精神）松懈〈动1〉
弟	[おとうと]		【おとうと】弟弟〈名〉
弱	[じゃく]		【じゃく】（接尾）弱；不足〈接尾〉
弱い	[よわい]		【よわい】弱的；软弱的；（茶）淡〈イ形〉
弱まる	[よわまる]		【よわまる】变弱〈动1〉
弱める	[よわめる]		【よわめる】减弱〈动2〉
弱る	[よわる]		【よわる】衰弱；（人）发愁〈动1〉
弱点	[じゃくてん]		【じゃくてん】弱点〈名〉
張り切る	[はりきる]		【はりきる】干劲十足〈动1〉
張り紙	[はりがみ]		【はりがみ】贴的纸；告示〈名〉
張る	[はる]		【はる】张贴；拉紧；伸展〈动1〉
強い	[つよい]		【つよい】强的；结实的；（酒）厉害〈イ形〉
強いて	[しいて]		【しいて】强行；勉强〈副〉
強いる	[しいる]		【しいる】强迫〈动2〉
強まる	[つよまる]		【つよまる】增强〈动1〉
強める	[つよめる]		【つよめる】加强〈动2〉
強制	[きょうせい]		【きょうせい】强制〈名〉
強力	[きょうりょく]		【きょうりょく】强有力〈ナ形〉
強化	[きょうか]		【きょうか】强化〈名〉
強引	[ごういん]		【ごういん】强行；蛮干〈ナ形〉
強気	[つよき]		【つよき】强硬；（股市）看涨〈ナ形〉
強烈	[きょうれつ]		【きょうれつ】强烈〈ナ形〉
強盗	[ごうとう]		【ごうとう】强盗；抢劫〈名〉
強硬	[きょうこう]		【きょうこう】强硬〈ナ形〉
強行	[きょうこう]		【きょうこう】强行（推进）〈名〉
強調	[きょうちょう]		【きょうちょう】强调〈名〉
強請る	[ねだる]		【ねだる】（哭）闹着要〈动1〉
弾	[たま]		【たま】子弹；炮弹；球〈名〉
弾く	[ひく]		【ひく】弹奏（钢琴、吉他等）〈动1〉
弾む	[はずむ]		【はずむ】弹起；（谈兴）起；（钱）慷慨〈动1〉
弾力	[だんりょく]		【だんりょく】弹力；弹性〈名〉
当たり	[あたり]		【あたり】中（奖）；平均（~当たり）〈名〉
当たり前	[あたりまえ]		【あたりまえ】理所当然；普通〈ナ形〉
当たる	[あたる]		【あたる】打中；命中；（词典）查（词）；（抽奖）中〈动1〉
当て	[あて]		【あて】指望；（收信人）~收〈名〉
当てはまる	[あてはまる]		【あてはまる】适用；符合〈动1〉
当てはめる	[あてはめる]		【あてはめる】套用；应用〈动2〉
当てる	[あてる]		【あてる】贴；靠；猜中；（光）照射〈动2〉
当て字	[あてじ]		【あてじ】借字（用汉字表音）〈名〉
当人	[とうにん]		【とうにん】本人〈名〉
当日	[とうじつ]		【とうじつ】当天〈名〉
当時	[とうじ]		【とうじ】当时；那时〈名〉
当番	[とうばん]		【とうばん】值班；值日〈名〉
当選	[とうせん]		【とうせん】当选；中奖〈名〉
形	[かたち]		【かたち】形状；外形；形式〈名〉
形勢	[けいせい]		【けいせい】形势〈名〉
形容動詞	[けいようどうし]		【けいようどうし】形容动词〈名〉
形容詞	[けいようし]		【けいようし】形容词〈名〉
形式	[けいしき]		【けいしき】形式；格式〈名〉
形態	[けいたい]		【けいたい】形态〈名〉
形成	[けいせい]		【けいせい】形成〈名〉
彫る	[ほる]		【ほる】雕刻〈动1〉
彫刻	[ちょうこく]		【ちょうこく】雕刻〈名〉
影	[かげ]		【かげ】影子；阴影；背影〈名〉
影響	[えいきょう]		【えいきょう】影响〈名〉
役	[やく]		【やく】角色；职务；（电影）角色〈名〉
役に立つ	[やくにたつ]		【やくにたつ】有用；起作用〈惯〉
役人	[やくにん]		【やくにん】官员；公务员〈名〉
役割	[やくわり]		【やくわり】作用；任务；角色〈名〉
役場	[やくば]		【やくば】（町村）公所〈名〉
役所	[やくしょ]		【やくしょ】政府机关〈名〉
役目	[やくめ]		【やくめ】职责；任务〈名〉
役立つ	[やくだつ]		【やくだつ】有用；起作用〈动1〉
役者	[やくしゃ]		【やくしゃ】演员〈名〉
役職	[やくしょく]		【やくしょく】职务〈名〉
彼	[かれ]		【かれ】他；男朋友〈代〉
彼ら	[かれら]		【かれら】他们〈代〉
彼女	[かのじょ]		【かのじょ】她；女朋友〈代〉
彼等	[かれら]		【かれら】他们〈代〉
往復	[おうふく]		【おうふく】往返；来回〈名〉
征服	[せいふく]		【せいふく】征服〈名〉
待ち合わせ	[まちあわせ]		【まちあわせ】（预先约好）碰头〈名〉
待ち合わせる	[まちあわせる]		【まちあわせる】（约定）碰头；会合〈动2〉
待ち望む	[まちのぞむ]		【まちのぞむ】盼望〈动1〉
待ち遠しい	[まちどおしい]		【まちどおしい】盼望已久〈イ形〉
待つ	[まつ]		【まつ】等；等待；期待〈动1〉
待合室	[まちあいしつ]		【まちあいしつ】候车室；候诊室〈名〉
待望	[たいぼう]		【たいぼう】期待已久〈名〉
待遇	[たいぐう]		【たいぐう】待遇〈名〉
後	[あと]		【あと】之后；后面；以后（後で：待会儿）〈名〉
後ろ	[うしろ]		【うしろ】后面；背后〈名〉
後回し	[あとまわし]		【あとまわし】往后推；缓办〈名〉
後悔	[こうかい]		【こうかい】后悔〈名〉
後者	[こうしゃ]		【こうしゃ】后者〈名〉
後輩	[こうはい]		【こうはい】后辈；学弟学妹〈名〉
後退	[こうたい]		【こうたい】后退；（成绩）退步〈名〉
徐々	[じょじょ]		【じょじょ】徐徐〈副〉
徐々に	[じょじょに]		【じょじょに】渐渐；逐步〈副〉
徐行	[じょこう]		【じょこう】慢行〈名〉
徒歩	[とほ]		【とほ】步行〈名〉
従う	[したがう]		【したがう】服从；遵从；跟随〈动1〉
従事	[じゅうじ]		【じゅうじ】从事〈名〉
従兄弟	[いとこ]		【いとこ】堂（表）兄弟；堂（表）姐妹〈名〉
従姉妹	[いとこ]		【いとこ】堂（表）姐妹〈名〉
従来	[じゅうらい]		【じゅうらい】历来；以往〈名〉
従業員	[じゅうぎょういん]		【じゅうぎょういん】从业人员；员工〈名〉
得る	[える]		【える】得到；获得〈动2〉
得意	[とくい]		【とくい】擅长；得意〈ナ形〉
得点	[とくてん]		【とくてん】得分〈名〉
御	[お]		【お】（接头词）御（表尊敬或自谦）〈接头〉
御中	[おんちゅう]		【おんちゅう】（公函）……公启；……公司〈接尾〉
御主人	[ごしゅじん]		【ごしゅじん】（您）丈夫；先生〈名〉
御免	[ごめん]		【ごめん】对不起；请原谅（御免なさい）〈感〉
御手洗	[みたらい]		【おてあらい】（神社入口的）净手池〈名〉
御無沙汰	[ごぶさた]		【ごぶさた】久疏问候〈名〉
御覧	[ごらん]		【ごらん】请看（見る的尊敬语）〈名〉
御辞儀	[おじぎ]		【おじぎ】鞠躬〈名〉
御飯	[ごはん]		【ごはん】米饭；饭；用餐〈名〉
御馳走	[ごちそう]		【ごちそう】盛宴；请客〈名〉
復旧	[ふくきゅう]		【ふくきゅう】修复〈名〉
復活	[ふっかつ]		【ふっかつ】复活〈名〉
復習	[ふくしゅう]		【ふくしゅう】复习〈名〉
復興	[ふっこう]		【ふっこう】复兴；重建〈名〉
循環	[じゅんかん]		【じゅんかん】循环〈名〉
微塵	[みじん]		【みじん】微尘；（接否定）丝毫不〈名〉
微妙	[びみょう]		【びみょう】微妙；难以形容〈ナ形〉
微笑	[びしょう]		【びしょう】微笑〈名〉
微笑む	[ほほえむ]		【ほほえむ】微笑〈动1〉
微量	[びりょう]		【びりょう】微量〈名〉
徴収	[ちょうしゅう]		【ちょうしゅう】征收〈名〉
徹する	[てっする]		【てっする】彻（夜）；彻底〈动3〉
徹夜	[てつや]		【てつや】彻夜；通宵〈名〉
徹底	[てってい]		【てってい】彻底〈名〉
心	[こころ]		【こころ】心；内心；精神〈名〉
心中	[しんちゅう]		【しんちゅう】内心；心情〈名〉
心地	[ここち]		【ここち】感觉；心情〈名〉
心強い	[こころづよい]		【こころづよい】（心里）有底；放心〈イ形〉
心当たり	[こころあたり]		【こころあたり】线索；印象〈名〉
心得	[こころえ]		【こころえ】须知；心得〈名〉
心得る	[こころえる]		【こころえる】懂得；领会〈动2〉
心情	[しんじょう]		【しんじょう】心情〈名〉
心掛け	[こころがけ]		【こころがけ】留心；（日常）注意〈名〉
心掛ける	[こころがける]		【こころがける】留心；记住〈动2〉
心理	[しんり]		【しんり】心理〈名〉
心細い	[こころぼそい]		【こころぼそい】心中没底；孤单〈イ形〉
心臓	[しんぞう]		【しんぞう】心脏〈名〉
心身	[しんしん]		【しんしん】身心〈名〉
心配	[しんぱい]		【しんぱいする】担心；担忧〈名・动3〉
必ず	[かならず]		【かならず】一定；必定；务必〈副〉
必ずしも	[かならずしも]		【かならずしも】（未）必；（不）一定（接否定）〈副〉
必修	[ひっしゅう]		【ひっしゅう】必修〈名〉
必死	[ひっし]		【ひっし】拼命；奋力〈ナ形〉
必然	[ひつぜん]		【ひつぜん】必然〈名〉
必要	[ひつよう]		【ひつよう】必要；必须〈ナ形〉
必需品	[ひつじゅひん]		【ひつじゅひん】必需品〈名〉
志	[こころざし]		【こころざし】志向〈名〉
志す	[こころざす]		【こころざす】立志；投身于〈动1〉
志向	[しこう]		【しこう】志向〈名〉
志望	[しぼう]		【しぼう】志愿；报考〈名〉
忘れる	[わすれる]		【わすれる】忘记；忘掉；遗忘〈动2〉
忘れ物	[わすれもの]		【わすれもの】遗忘的物品；失物〈名〉
忙しい	[いそがしい]		【いそがしい】忙的；忙碌的〈イ形〉
応じる	[おうじる]		【おうじる】应答；接受；满足（要求）〈动2〉
応ずる	[おうずる]		【おうずる】应答；适应；满足（要求）〈动3〉
応募	[おうぼ]		【おうぼ】报名；应征〈名〉
応対	[おうたい]		【おうたい】接待；应答〈名〉
応急	[おうきゅう]		【おうきゅう】应急〈名〉
応接	[おうせつ]		【おうせつ】接待〈名〉
応援	[おうえん]		【おうえん】支援；声援；加油〈名〉
応用	[おうよう]		【おうよう】应用；活用〈名〉
忠告	[ちゅうこく]		【ちゅうこく】忠告〈名〉
忠実	[ちゅうじつ]		【ちゅうじつ】忠实〈ナ形〉
快い	[こころよい]		【こころよい】愉快；（答应）爽快〈イ形〉
快晴	[かいせい]		【かいせい】晴朗；万里无云〈名〉
快適	[かいてき]		【かいてき】舒适；舒服〈ナ形〉
念	[ねん]		【ねん】念头；心愿〈名〉
怒り	[いかり]		【いかり】怒；愤怒〈名〉
怒る	[おこる]		【おこる】生气；发怒；训斥〈动1〉
怒鳴る	[どなる]		【どなる】大声喊叫；斥责〈动1〉
怖い	[こわい]		【こわい】可怕的；令人害怕的〈イ形〉
思い付き	[おもいつき]		【おもいつき】（突然的）想法〈名〉
思い付く	[おもいつく]		【おもいつく】想到；想出〈动1〉
思い出	[おもいで]		【おもいで】回忆；纪念〈名〉
思い出す	[おもいだす]		【おもいだす】想起；记起〈动1〉
思い掛けない	[おもいがけない]		【おもいがけない】意外的；没想到的〈イ形〉
思い込む	[おもいこむ]		【おもいこむ】深信；认定〈动1〉
思う	[おもう]		【おもう】想；觉得；认为〈动1〉
思わず	[おもわず]		【おもわず】不由得；情不自禁地〈副〉
思想	[しそう]		【しそう】思想〈名〉
思考	[しこう]		【しこう】思考〈名〉
怠い	[だるい]		【だるい】乏力；倦〈イ形〉
怠ける	[なまける]		【なまける】偷懒；怠惰〈动2〉
怠る	[おこたる]		【おこたる】懈怠；疏忽〈动1〉
怠慢	[たいまん]		【たいまん】怠慢；疏忽〈名〉
急	[きゅう]		【きゅう】突然；急剧；（坡）陡〈ナ形〉
急かす	[せかす]		【せかす】催促〈动1〉
急ぐ	[いそぐ]		【いそぐ】赶急；加快；赶紧〈动1〉
急激	[きゅうげき]		【きゅうげき】急剧；突然〈ナ形〉
急行	[きゅうこう]		【きゅうこう】快车；急行；快速行进〈名〉
急速	[きゅうそく]		【きゅうそく】快速；迅速〈ナ形〉
性	[せい]		【せい】性；性别；（接头）~性〈名〉
性別	[せいべつ]		【せいべつ】性别〈名〉
性格	[せいかく]		【せいかく】性格；性情〈名〉
性能	[せいのう]		【せいのう】性能〈名〉
性質	[せいしつ]		【せいしつ】性质；性格〈名〉
怪しい	[あやしい]		【あやしい】可疑的；（样子）怪的〈イ形〉
怪我	[けが]		【けが】受伤；（负）伤〈名〉
怪獣	[かいじゅう]		【かいじゅう】怪兽〈名〉
怯える	[おびえる]		【おびえる】害怕；（动物）惊恐〈动2〉
恋	[こい]		【こい】恋爱；爱情〈名〉
恋しい	[こいしい]		【こいしい】眷恋的；想念的〈イ形〉
恋する	[こいする]		【こいする】恋爱；爱上〈动3〉
恋人	[こいびと]		【こいびと】恋人；情人〈名〉
恋愛	[れんあい]		【れんあい】恋爱〈名〉
恐らく	[おそらく]		【おそらく】恐怕；大概〈副〉
恐れ	[おそれ]		【おそれ】恐惧；（坏事发生的）忧虑〈名〉
恐れる	[おそれる]		【おそれる】害怕；畏惧〈动2〉
恐れ入る	[おそれいる]		【おそれいる】不敢当；佩服〈惯〉
恐ろしい	[おそろしい]		【おそろしい】可怕的；惊人的〈イ形〉
恐怖	[きょうふ]		【きょうふ】恐怖；恐惧〈名〉
恐縮	[きょうしゅく]		【きょうしゅく】惶恐；不敢当〈名〉
恥	[はじ]		【はじ】耻；耻辱〈名〉
恥じらう	[はじらう]		【はじらう】害羞；羞怯〈动1〉
恥じる	[はじる]		【はじる】感到羞耻〈动2〉
恥ずかしい	[はずかしい]		【はずかしい】害羞的；难为情的；丢脸的〈イ形〉
恨み	[うらみ]		【うらみ】怨恨〈名〉
恨む	[うらむ]		【うらむ】怨恨；怀恨〈动1〉
恩	[おん]		【おん】恩；恩情〈名〉
恩恵	[おんけい]		【おんけい】恩惠〈名〉
息	[いき]		【いき】呼吸；气息〈名〉
息子	[むすこ]		【むすこ】儿子（对他人儿子称令郎）〈名〉
恵まれる	[めぐまれる]		【めぐまれる】（天赋、环境）好；富有〈动2〉
恵み	[めぐみ]		【めぐみ】恩惠；（雨露）恩泽〈名〉
恵む	[めぐむ]		【めぐむ】施舍；施恩〈动1〉
悉く	[ことごとく]		【ことごとく】统统；全部〈副〉
悔しい	[くやしい]		【くやしい】懊悔；不甘心〈イ形〉
悔やむ	[くやむ]		【くやむ】懊悔；吊唁〈动1〉
悟る	[さとる]		【さとる】领悟；（佛）开悟〈动1〉
悠々	[ゆうゆう]		【ゆうゆう】悠闲；从容〈副〉
患者	[かんじゃ]		【かんじゃ】病人；患者〈名〉
悩ましい	[なやましい]		【なやましい】恼人的；（身姿）妖娆〈イ形〉
悩ます	[なやます]		【なやます】使烦恼；折磨〈动1〉
悩み	[なやみ]		【なやみ】烦恼；苦闷〈名〉
悩む	[なやむ]		【なやむ】烦恼；苦恼〈动1〉
悪	[あく]		【あく】恶；坏〈名〉
悪い	[わるい]		【わるい】坏的；不好的；（情况）糟〈イ形〉
悪化	[あっか]		【あっか】恶化〈名〉
悪口	[わるくち]		【わるくち】坏话；中伤〈名〉
悪日	[あくにち]		【あくにち】凶日（悪日，罕见）〈名〉
悪者	[わるもの]		【わるもの】坏人；恶棍〈名〉
悪魔	[あくま]		【あくま】恶魔；魔鬼〈名〉
悲しい	[かなしい]		【かなしい】悲伤的；难过的〈イ形〉
悲しむ	[かなしむ]		【かなしむ】悲伤；伤心〈动1〉
悲劇	[ひげき]		【ひげき】悲剧〈名〉
悲惨	[ひさん]		【ひさん】悲惨〈ナ形〉
悲観	[ひかん]		【ひかん】悲观〈名〉
悲鳴	[ひめい]		【ひめい】惊叫；惨叫〈名〉
情	[じょう]		【じょう】情；情面〈名〉
情け	[なさけ]		【なさけ】同情；仁慈〈名〉
情け深い	[なさけぶかい]		【なさけぶかい】仁慈的；深情的〈イ形〉
情勢	[じょうせい]		【じょうせい】局势〈名〉
情報	[じょうほう]		【じょうほう】信息；情报〈名〉
情熱	[じょうねつ]		【じょうねつ】热情〈名〉
情緒	[じょうしょ]		【じょうしょ】情绪；情趣〈名〉
惑星	[わくせい]		【わくせい】行星〈名〉
惜しい	[おしい]		【おしい】可惜的；遗憾的；差一点就…的〈イ形〉
惜しむ	[おしむ]		【おしむ】珍惜；（人）惋惜〈动1〉
惨め	[みじめ]		【みじめ】悲惨；凄惨〈ナ形〉
想像	[そうぞう]		【そうぞう】想象〈名〉
愉快	[ゆかい]		【ゆかい】愉快；快活〈ナ形〉
意向	[いこう]		【いこう】意向〈名〉
意味	[いみ]		【いみ】意思；意义；含义〈名〉
意図	[いと]		【いと】意图〈名〉
意地	[いじ]		【いじ】固执；（心眼）意气〈名〉
意地悪	[いじわる]		【いじわる】坏心眼；刁难〈ナ形〉
意外	[いがい]		【いがい】意外；意想不到〈ナ形〉
意志	[いし]		【いし】意志〈名〉
意思	[いし]		【いし】意思；意图〈名〉
意欲	[いよく]		【いよく】意愿；热情〈名〉
意気込む	[いきごむ]		【いきごむ】干劲十足〈动1〉
意義	[いぎ]		【いぎ】意义〈名〉
意見	[いけん]		【いけん】意见；见解〈名〉
意識	[いしき]		【いしき】意识；知觉〈名〉
愚か	[おろか]		【おろか】愚蠢〈ナ形〉
愚痴	[ぐち]		【ぐち】牢骚〈名〉
愛	[あい]		【あい】爱；爱情〈名〉
愛する	[あいする]		【あいする】爱；热爱〈动3〉
愛情	[あいじょう]		【あいじょう】爱情；爱〈名〉
愛想	[あいそ]		【あいそ】和蔼；（待客）亲切〈名〉
愛憎	[あいぞう]		【あいぞう】爱憎〈名〉
感じ	[かんじ]		【かんじ】感觉；印象〈名〉
感じる	[かんじる]		【かんじる】感觉；感到〈动2〉
感ずる	[かんずる]		【かんずる】感觉；感到〈动3〉
感動	[かんどう]		【かんどう】感动〈名〉
感度	[かんど]		【かんど】灵敏度〈名〉
感心	[かんしん]		【かんしん】佩服；赞赏〈名〉
感情	[かんじょう]		【かんじょう】感情〈名〉
感想	[かんそう]		【かんそう】感想〈名〉
感慨	[かんがい]		【かんがい】感慨〈名〉
感染	[かんせん]		【かんせん】感染〈名〉
感激	[かんげき]		【かんげき】感激；感动〈名〉
感無量	[かんむりょう]		【かんむりょう】感慨万千〈名〉
感覚	[かんかく]		【かんかく】感觉；知觉〈名〉
感触	[かんしょく]		【かんしょく】手感；（抽象）感受〈名〉
感謝	[かんしゃ]		【かんしゃ】感谢〈名〉
態勢	[たいせい]		【たいせい】态势；体制〈名〉
態度	[たいど]		【たいど】态度〈名〉
慌ただしい	[あわただしい]		【あわただしい】匆忙；（生活）不稳定〈イ形〉
慌てる	[あわてる]		【あわてる】慌张；惊慌〈动2〉
慎む	[つつしむ]		【つつしむ】谨慎；（行为）检点〈动1〉
慎重	[しんちょう]		【しんちょう】慎重〈ナ形〉
慕う	[したう]		【したう】怀念；思慕〈动1〉
慣らす	[ならす]		【ならす】使习惯；驯养〈动1〉
慣れ	[なれ]		【なれ】习惯；熟练〈名〉
慣れる	[なれる]		【なれる】习惯；适应；熟练〈动2〉
慣例	[かんれい]		【かんれい】惯例〈名〉
慣用	[かんよう]		【かんよう】惯用〈名〉
慣習	[かんしゅう]		【かんしゅう】习俗〈名〉
慣行	[かんこう]		【かんこう】惯例；常规〈名〉
慰める	[なぐさめる]		【なぐさめる】安慰；抚慰〈动2〉
慶び	[よろこび]		【よろこび】喜悦；喜事〈名〉
憂鬱	[ゆううつ]		【ゆううつ】忧郁〈ナ形〉
憎い	[にくい]		【にくい】可恨；（可敬）厉害〈イ形〉
憎しみ	[にくしみ]		【にくしみ】憎恨〈名〉
憎む	[にくむ]		【にくむ】憎恶；恨〈动1〉
憎らしい	[にくらしい]		【にくらしい】可憎；（可敬）令人佩服〈イ形〉
憤慨	[ふんがい]		【ふんがい】愤慨〈名〉
憧れ	[あこがれ]		【あこがれ】憧憬；向往〈名〉
憧れる	[あこがれる]		【あこがれる】憧憬；向往〈动2〉
憲法	[けんぽう]		【けんぽう】宪法〈名〉
懐かしい	[なつかしい]		【なつかしい】怀念的；令人思念的〈イ形〉
懐く	[なつく]		【なつく】亲近；依恋〈动1〉
懲りる	[こりる]		【こりる】（吃一堑）长一智〈动2〉
懸賞	[けんしょう]		【けんしょう】悬赏；有奖〈名〉
成り立つ	[なりたつ]		【なりたつ】成立；（理论）站得住〈动1〉
成る	[なる]		【なる】成为；变成〈动1〉
成人	[せいじん]		【せいじん】成人；成年〈名〉
成分	[せいぶん]		【せいぶん】成分〈名〉
成功	[せいこう]		【せいこう】成功〈名〉
成年	[せいねん]		【せいねん】成年〈名〉
成果	[せいか]		【せいか】成果〈名〉
成熟	[せいじゅく]		【せいじゅく】成熟〈名〉
成立	[せいりつ]		【せいりつ】成立；（合同）达成〈名〉
成績	[せいせき]		【せいせき】成绩〈名〉
成長	[せいちょう]		【せいちょう】成长；生长〈名〉
我々	[われわれ]		【われわれ】我们（正式）〈代〉
我慢	[がまん]		【がまん】忍耐；忍住〈名〉
或	[ある]		【ある】某……；某个（或る）〈连体〉
或る	[ある]		【ある】某……（或る）〈连体〉
戦	[いくさ]		【いくさ】战；战役〈名〉
戦い	[たたかい]		【たたかい】战斗；斗争〈名〉
戦う	[たたかう]		【たたかう】战斗；斗争；比赛〈动1〉
戦争	[せんそう]		【せんそう】战争〈名〉
戦力	[せんりょく]		【せんりょく】战斗力〈名〉
戦災	[せんさい]		【せんさい】战灾；战争灾害〈名〉
戦術	[せんじゅつ]		【せんじゅつ】战术〈名〉
戦闘	[せんとう]		【せんとう】战斗〈名〉
戯曲	[ぎきょく]		【ぎきょく】戏剧；剧本〈名〉
戸	[と]		【と】门〈名〉
戸棚	[とだな]		【とだな】橱柜；壁橱〈名〉
戸籍	[こせき]		【こせき】户籍〈名〉
戸締り	[とじまり]		【とじまり】锁门〈名〉
戻す	[もどす]		【もどす】放回；退回；恢复〈动1〉
戻る	[もどる]		【もどる】返回；回到；恢复〈动1〉
所	[ところ]		【ところ】地方；场所；处所〈名〉
所々	[ところどころ]		【ところどころ】处处；有些地方〈副〉
所在	[しょざい]		【しょざい】所在；下落〈名〉
所定	[しょてい]		【しょてい】所定；指定〈名〉
所属	[しょぞく]		【しょぞく】所属〈名〉
所得	[しょとく]		【しょとく】所得；收入〈名〉
所持	[しょじ]		【しょじ】所持；携带〈名〉
所為	[せい]		【せい】原因（多指不好的）；怪……（せいで）〈名〉
扇ぐ	[あおぐ]		【あおぐ】扇（风）〈动1〉
扇子	[せんす]		【せんす】折扇〈名〉
扇風機	[せんぷうき]		【せんぷうき】电风扇〈名〉
扉	[とびら]		【とびら】门；（书）扉页〈名〉
手	[て]		【て】手；手臂；人手〈名〉
手伝い	[てつだい]		【てつだい】帮忙；帮手〈名〉
手伝う	[てつだう]		【てつだう】帮忙；帮助〈动1〉
手元	[てもと]		【てもと】手头；身边〈名〉
手入れ	[ていれ]		【ていれ】维修；修剪；保养〈名〉
手分け	[てわけ]		【てわけ】分头（做）〈名〉
手前	[てまえ]		【てまえ】这边；（自谦）我；（当着）~的面〈名〉
手品	[てじな]		【てじな】戏法；魔术〈名〉
手回し	[てまわし]		【てまわし】筹备；安排〈名〉
手帳	[てちょう]		【てちょう】记事本；手册〈名〉
手引き	[てびき]		【てびき】引荐；（手册）入门〈名〉
手当て	[てあて]		【てあて】津贴；（伤）处理〈名〉
手拭い	[てぬぐい]		【てぬぐい】手巾；毛巾〈名〉
手掛かり	[てがかり]		【てがかり】线索〈名〉
手掛ける	[てがける]		【てがける】亲手做；经手〈动2〉
手数	[てかず]		【てかず】（费）工夫；（手续）费〈名〉
手本	[てほん]		【てほん】范本；榜样〈名〉
手段	[しゅだん]		【しゅだん】手段；方法〈名〉
手法	[しゅほう]		【しゅほう】手法〈名〉
手洗い	[てあらい]		【てあらい】洗手间；洗手〈名〉
手筈	[てはず]		【てはず】（预先的）安排〈名〉
手紙	[てがみ]		【てがみ】信；书信〈名〉
手続き	[てつづき]		【てつづき】手续；程序〈名〉
手芸	[しゅげい]		【しゅげい】手工艺〈名〉
手術	[しゅじゅつ]		【しゅじゅつ】手术〈名〉
手袋	[てぶくろ]		【てぶくろ】手套〈名〉
手軽	[てがる]		【てがる】简便；轻易〈ナ形〉
手近	[てぢか]		【てぢか】身边；（问题）眼前〈ナ形〉
手遅れ	[ておくれ]		【ておくれ】为时已晚〈名〉
手配	[てはい]		【てはい】筹备；（警察）通缉〈名〉
手錠	[てじょう]		【てじょう】手铐〈名〉
手間	[てま]		【てま】工夫；劳力；麻烦〈名〉
手際	[てぎわ]		【てぎわ】（做事的）手法；技巧〈名〉
手頃	[てごろ]		【てごろ】（价格）合适；正合适〈ナ形〉
手順	[てじゅん]		【てじゅん】步骤；次序〈名〉
手首	[てくび]		【てくび】手腕〈名〉
才能	[さいのう]		【さいのう】才能；才华〈名〉
打ち切る	[うちきる]		【うちきる】中止；（会议）结束〈动1〉
打ち合わせ	[うちあわせ]		【うちあわせ】商量；碰头会〈名〉
打ち合わせる	[うちあわせる]		【うちあわせる】商量；（相互）碰撞〈动2〉
打ち消し	[うちけし]		【うちけし】否认；（语法）否定〈名〉
打ち消す	[うちけす]		【うちけす】否认；打消〈动1〉
打ち込む	[うちこむ]		【うちこむ】打进；（事）热衷〈动1〉
打つ	[うつ]		【うつ】打；敲；击〈动1〉
打合せ	[うちあわせ]		【うちあわせ】商量；碰头会〈名〉
打撃	[だげき]		【だげき】打击；（棒球）击球〈名〉
打開	[だかい]		【だかい】打开（局面）〈名〉
払い戻す	[はらいもどす]		【はらいもどす】退还；（存款）提取〈动1〉
払い込む	[はらいこむ]		【はらいこむ】缴纳；存入〈动1〉
払う	[はらう]		【はらう】支付；付钱；掸掉〈动1〉
扱い	[あつかい]		【あつかい】对待；（商品）经营〈名〉
扱う	[あつかう]		【あつかう】处理；经营；对待；使用〈动1〉
扶養	[ふよう]		【ふよう】扶养〈名〉
批判	[ひはん]		【ひはん】批判；批评〈名〉
批評	[ひひょう]		【ひひょう】批评；评论〈名〉
承る	[うけたまわる]		【うけたまわる】听；受理；遵命（聞く/受ける的自谦）〈动1〉
承知	[しょうちする]		【しょうちする】知道；同意；许可〈名〉
承認	[しょうにん]		【しょうにん】承认；认可〈名〉
承諾	[しょうだく]		【しょうだく】承诺；应允〈名〉
技	[わざ]		【わざ】技艺；绝技〈名〉
技師	[ぎし]		【ぎし】工程师；技师〈名〉
技能	[ぎのう]		【ぎのう】技能〈名〉
技術	[ぎじゅつ]		【ぎじゅつ】技术；工艺；技能〈名〉
把握	[はあく]		【はあく】把握；掌握〈名〉
抑制	[よくせい]		【よくせい】抑制〈名〉
抑圧	[よくあつ]		【よくあつ】压迫；压抑〈名〉
抓る	[つねる]		【つねる】掐；拧（肉）〈动1〉
投げる	[なげる]		【なげる】投；扔；抛〈动2〉
投げ出す	[なげだす]		【なげだす】抛出；（事）半途而废〈动1〉
投入	[とうにゅう]		【とうにゅう】投入；（资金）投〈名〉
投書	[とうしょ]		【とうしょ】投稿；（读者）来信〈名〉
投票	[とうひょう]		【とうひょう】投票〈名〉
投資	[とうし]		【とうし】投资〈名〉
抗争	[こうそう]		【こうそう】抗争；对抗〈名〉
抗議	[こうぎ]		【こうぎ】抗议〈名〉
折り返す	[おりかえす]		【おりかえす】折回；（电话）回拨〈动1〉
折る	[おる]		【おる】折断；折（纸）〈动1〉
折れる	[おれる]		【おれる】折断；转弯；让步〈动2〉
折衷	[せっちゅう]		【せっちゅう】折中〈名〉
折角	[せっかく]		【せっかく】好不容易；特意〈副〉
抜かす	[ぬかす]		【ぬかす】漏掉；省略〈动1〉
抜く	[ぬく]		【ぬく】拔出；抽出；省略；超越〈动1〉
抜ける	[ぬける]		【ぬける】脱落；（团体）脱离；（桶底）漏〈动2〉
抜け出す	[ぬけだす]		【ぬけだす】溜出；（成绩）脱颖而出〈动1〉
抱える	[かかえる]		【かかえる】（怀里）抱；（问题）背负〈动2〉
抱く	[いだく]		【いだく】抱；怀抱；怀有（想法）〈动1〉
抵抗	[ていこう]		【ていこう】抵抗；（电）阻〈名〉
押える	[おさえる]		【おさえる】按住；压制；把握（要点）〈动2〉
押さえる	[おさえる]		【おさえる】按住；（要点）掌握〈动2〉
押し入れ	[おしいれ]		【おしいれ】壁橱；日式衣柜〈名〉
押し寄せる	[おしよせる]		【おしよせる】涌来；（浪）涌上〈动2〉
押し込む	[おしこむ]		【おしこむ】塞进；挤进〈动1〉
押す	[おす]		【おす】按；推；（盖章）盖〈动1〉
抽象	[ちゅうしょう]		【ちゅうしょう】抽象〈名〉
抽選	[ちゅうせん]		【ちゅうせん】抽签；抽奖〈名〉
担う	[になう]		【になう】担；肩负〈动1〉
担ぐ	[かつぐ]		【かつぐ】扛；抬举（人）〈动1〉
担当	[たんとう]		【たんとう】负责；担任〈名〉
担架	[たんか]		【たんか】担架〈名〉
拍手	[はくしゅ]		【はくしゅ】拍手；鼓掌〈名〉
拒否	[きょひ]		【きょひ】否决；拒绝〈名〉
拒絶	[きょぜつ]		【きょぜつ】拒绝〈名〉
拗れる	[こじれる]		【こじれる】（伤、事）恶化〈动2〉
拘束	[こうそく]		【こうそく】拘束；束缚〈名〉
招き	[まねき]		【まねき】邀请；招待〈名〉
招く	[まねく]		【まねく】招待；招致〈动1〉
招待	[しょうたい]		【しょうたいする】招待；邀请〈名・サ変〉
拝む	[おがむ]		【おがむ】拜；叩拜；恳求〈动1〉
拝借	[はいしゃく]		【はいしゃく】借（借りる的自谦）〈名〉
拝啓	[はいけい]		【はいけい】敬启者（书启开头）〈感〉
拝見	[はいけんする]		【はいけんする】拜读；看（見る的自谦语）〈名・サ変〉
拡充	[かくじゅう]		【かくじゅう】扩充〈名〉
拡大	[かくだい]		【かくだい】扩大；放大〈名〉
拡張	[かくちょう]		【かくちょう】扩张；扩展〈名〉
拡散	[かくさん]		【かくさん】扩散〈名〉
括弧	[かっこ]		【かっこ】括号〈名〉
拭く	[ふく]		【ふく】擦；拭〈动1〉
拾う	[ひろう]		【ひろう】捡；拾；（路上）搭（车）〈动1〉
持ち	[もち]		【もち】持有；耐久性〈名〉
持ち上げる	[もちあげる]		【もちあげる】举起；抬；（奉承）捧〈动2〉
持ち切り	[もちきり]		【もちきり】一直谈论的话题〈名〉
持つ	[もつ]		【もつ】持有；拿着；带〈动1〉
持てる	[もてる]		【もてる】受欢迎；能持有〈动2〉
持参	[じさん]		【じさん】自带；带来〈名〉
持続	[じぞく]		【じぞく】持续〈名〉
指	[ゆび]		【ゆび】手指；脚趾〈名〉
指す	[さす]		【さす】指；（下棋）下；伸（手指）〈动1〉
指令	[しれい]		【しれい】指令〈名〉
指図	[さしず]		【さしず】指使；指示〈名〉
指定	[してい]		【してい】指定〈名〉
指導	[しどう]		【しどう】指导；领导〈名〉
指差す	[ゆびさす]		【ゆびさす】指〈动1〉
指揮	[しき]		【しき】指挥〈名〉
指摘	[してき]		【してき】指出〈名〉
指示	[しじ]		【しじ】指示〈名〉
指輪	[ゆびわ]		【ゆびわ】戒指〈名〉
挑む	[いどむ]		【いどむ】挑战；挑战（权威）〈动1〉
挑戦	[ちょうせん]		【ちょうせん】挑战〈名〉
挙げる	[あげる]		【あげる】举（例）；提高；举行（仪式）〈动2〉
挟まる	[はさまる]		【はさまる】夹在中间〈动1〉
挟む	[はさむ]		【はさむ】夹；（谈话间隔）隔〈动1〉
挨拶	[あいさつ]		【あいさつ】打招呼；寒暄〈名〉
振り	[ふり]		【ふり】样子；（假）装〈名〉
振り仮名	[ふりがな]		【ふりがな】注音假名〈名〉
振り出し	[ふりだし]		【ふりだし】出发点〈名〉
振る	[ふる]		【ふる】挥动；（雨）下；分配（角色）〈动1〉
振動	[しんどう]		【しんどう】振动〈名〉
振興	[しんこう]		【しんこう】振兴〈名〉
振舞う	[ふるまう]		【ふるまう】行动；请客〈动1〉
挿す	[さす]		【さす】插；（腰带）别〈动1〉
捕える	[とらえる]		【とらえる】捕捉；抓住；把握〈动2〉
捕まえる	[つかまえる]		【つかまえる】抓住；捉住；逮捕〈动2〉
捕まる	[つかまる]		【つかまる】被抓住；（人）被逮捕〈动1〉
捕らえる	[とらえる]		【とらえる】抓住；（问题）把握〈动2〉
捕る	[とる]		【とる】捕（鱼）；捉〈动1〉
捕吏	[ほり]		【ほり】捕快（旧称）〈名〉
捕獲	[ほかく]		【ほかく】捕获〈名〉
捕虜	[ほりょ]		【ほりょ】俘虏〈名〉
捕鯨	[ほげい]		【ほげい】捕鲸〈名〉
捗る	[はかどる]		【はかどる】进展顺利〈动1〉
捜す	[さがす]		【さがす】搜寻；寻找〈动1〉
捜査	[そうさ]		【そうさ】侦查；调查〈名〉
捜索	[そうさく]		【そうさく】搜索；搜寻〈名〉
捧げる	[ささげる]		【ささげる】献；捧上〈动2〉
捨てる	[すてる]		【すてる】扔掉；抛弃〈动2〉
捩る	[ねじる]		【ねじる】拧；扭转〈动1〉
据える	[すえる]		【すえる】安放；安置；定（目标）〈动2〉
据え付ける	[すえつける]		【すえつける】安装〈动2〉
捲る	[まくる]		【まくる】卷起；翻（页）；（接动词后）拼命做〈动1〉
捻る	[ひねる]		【ひねる】拧；（话）别扭〈动1〉
掃く	[はく]		【はく】扫；扫除〈动1〉
掃除	[そうじ]		【そうじする】打扫；清扫〈名〉
授ける	[さずける]		【さずける】授予；传授〈动2〉
授業	[じゅぎょう]		【じゅぎょう】课；授课；上课〈名〉
掌	[たなごころ]		【たなごころ】手掌〈名〉
掏摸	[すり]		【すり】扒手〈名〉
排水	[はいすい]		【はいすい】排水〈名〉
排除	[はいじょ]		【はいじょ】排除〈名〉
掘る	[ほる]		【ほる】挖；掘〈动1〉
掛かる	[かかる]		【かかる】挂着；花费（时间、钱）；（电话）打来〈动1〉
掛け	[かけ]		【かけ】赊账（掛け売り）〈名〉
掛ける	[かける]		【かける】挂；戴（眼镜）；盖（被子）；打电话〈动2〉
掛け算	[かけざん]		【かけざん】乘法〈名〉
採る	[とる]		【とる】采用；采摘；录取〈动1〉
採択	[さいたく]		【さいたく】采纳；通过〈名〉
採掘	[さいくつ]		【さいくつ】开采〈名〉
採決	[さいけつ]		【さいけつ】表决〈名〉
採点	[さいてん]		【さいてん】打分；阅卷〈名〉
採用	[さいよう]		【さいよう】采用；（人）录用〈名〉
採算	[さいさん]		【さいさん】核算；盈亏〈名〉
採集	[さいしゅう]		【さいしゅう】采集〈名〉
探す	[さがす]		【さがす】寻找；搜寻〈动1〉
探る	[さぐる]		【さぐる】探；探听；（方向）摸索〈动1〉
探検	[たんけん]		【たんけん】探险〈名〉
接ぐ	[つぐ]		【つぐ】接；（骨头）接〈动1〉
接する	[せっする]		【せっする】接触；接待；连接〈动3〉
接続	[せつぞく]		【せつぞく】连接；（语）接续〈名〉
接続詞	[せつぞくし]		【せつぞくし】接续词〈名〉
接触	[せっしょく]		【せっしょく】接触〈名〉
接近	[せっきん]		【せっきん】接近〈名〉
控える	[ひかえる]		【ひかえる】待命；（用量）控制〈动2〉
控室	[ひかえしつ]		【ひかえしつ】等候室〈名〉
控除	[こうじょ]		【こうじょ】扣除〈名〉
推定	[すいてい]		【すいてい】推断；推定〈名〉
推測	[すいそく]		【すいそく】推测〈名〉
推理	[すいり]		【すいり】推理〈名〉
推薦	[すいせん]		【すいせん】推荐〈名〉
推進	[すいしん]		【すいしん】推进〈名〉
措置	[そち]		【そち】措施〈名〉
掬う	[すくう]		【すくう】舀；捞〈动1〉
掲げる	[かかげる]		【かかげる】悬挂；（主张）提出；（报纸）登〈动2〉
掲示	[けいじ]		【けいじ】张贴；公告〈名〉
掲載	[けいさい]		【けいさい】刊登〈名〉
掴む	[つかむ]		【つかむ】抓住；抓住（要点）〈动1〉
掻き回す	[かきまわす]		【かきまわす】搅拌；搅乱〈动1〉
掻く	[かく]		【かく】挠；搔；扒〈动1〉
揃い	[そろい]		【そろい】成套；整齐〈名〉
揃う	[そろう]		【そろう】齐全；（人）到齐；（东西）成对〈动1〉
揃える	[そろえる]		【そろえる】使齐全；（步调）一致〈动2〉
揉む	[もむ]		【もむ】揉；按摩；（纷争）起〈动1〉
揉める	[もめる]		【もめる】起纠纷〈动2〉
描く	[えがく]		【えがく】画；描绘；描述〈动1〉
描写	[びょうしゃ]		【びょうしゃ】描写〈名〉
提供	[ていきょう]		【ていきょう】提供；（节目）赞助〈名〉
提出	[ていしゅつ]		【ていしゅつ】提交；呈交〈名〉
提携	[ていけい]		【ていけい】合作；联营〈名〉
提案	[ていあん]		【ていあん】提案；建议〈名〉
提示	[ていじ]		【ていじ】出示；（条件）提出〈名〉
揚げる	[あげる]		【あげる】炸；（旗）升；（价）提高〈动2〉
換える	[かえる]		【かえる】换；更换；兑换〈动2〉
換気	[かんき]		【かんき】换气；通风〈名〉
換算	[かんさん]		【かんさん】换算〈名〉
握る	[にぎる]		【にぎる】握；攥；（捏）寿司〈动1〉
握手	[あくしゅ]		【あくしゅ】握手〈名〉
援助	[えんじょ]		【えんじょ】援助；资助〈名〉
揺さぶる	[ゆさぶる]		【ゆさぶる】摇晃；（心）动摇〈动1〉
揺らぐ	[ゆらぐ]		【ゆらぐ】摇晃；（决心）动摇〈动1〉
揺れる	[ゆれる]		【ゆれる】摇晃；摇动〈动2〉
損	[そん]		【そん】损失；吃亏〈名〉
損なう	[そこなう]		【そこなう】损坏；损害；有损（美观）〈动1〉
損失	[そんしつ]		【そんしつ】损失〈名〉
損害	[そんがい]		【そんがい】损害；损失〈名〉
損得	[そんとく]		【そんとく】得失；损益〈名〉
携わる	[たずさわる]		【たずさわる】从事；参与〈动1〉
携帯	[けいたい]		【けいたい】携带；手机〈名〉
摘む	[つまむ]		【つまむ】掐；（花）摘〈动1〉
摩擦	[まさつ]		【まさつ】摩擦；（人际）摩擦〈名〉
撃つ	[うつ]		【うつ】射击；开枪〈动1〉
撒く	[まく]		【まく】撒；洒；（谣言）散布〈动1〉
撫でる	[なでる]		【なでる】抚摸；轻抚〈动2〉
撮る	[とる]		【とる】拍摄（照片、录像）〈动1〉
撮影	[さつえい]		【さつえい】摄影；拍照〈名〉
操る	[あやつる]		【あやつる】操纵；（语言）运用〈动1〉
操作	[そうさ]		【そうさ】操作；操纵〈名〉
操縦	[そうじゅう]		【そうじゅう】操纵；驾驶〈名〉
擦る	[こする]		【こする】擦；（火柴）划〈动1〉
擦れる	[すれる]		【すれる】磨损；（人）世故〈动2〉
擦れ違い	[すれちがい]		【すれちがい】擦肩而过；（机会）错过〈名〉
支える	[ささえる]		【ささえる】支撑；支持；维持〈动2〉
支出	[ししゅつ]		【ししゅつ】支出；开支〈名〉
支店	[してん]		【してん】分店；分行〈名〉
支度	[したく]		【したく】准备；预备〈名〉
支払	[しはらい]		【しはらい】支付；付款〈名〉
支払う	[しはらう]		【しはらう】支付；付款〈动1〉
支持	[しじ]		【しじ】支持〈名〉
支給	[しきゅう]		【しきゅう】发给；支付（工资）〈名〉
支配	[しはい]		【しはい】支配；统治〈名〉
改まる	[あらたまる]		【あらたまる】（规则）改变；郑重其事〈动1〉
改めて	[あらためて]		【あらためて】重新；另外；郑重地〈副〉
改める	[あらためる]		【あらためる】改变；（制度）修改；检点〈动2〉
改修	[かいしゅう]		【かいしゅう】修葺；翻修〈名〉
改善	[かいぜん]		【かいぜん】改善〈名〉
改定	[かいてい]		【かいてい】修订；变更（价格等）〈名〉
改悪	[かいあく]		【かいあく】改坏；越改越糟〈名〉
改札	[かいさつ]		【かいさつ】检票〈名〉
改正	[かいせい]		【かいせい】改正；修订〈名〉
改良	[かいりょう]		【かいりょう】改良〈名〉
改訂	[かいてい]		【かいてい】修订（版）〈名〉
改造	[かいぞう]		【かいぞう】改造；改装〈名〉
改革	[かいかく]		【かいかく】改革〈名〉
攻め	[せめ]		【せめ】攻势〈名〉
攻める	[せめる]		【せめる】进攻；攻打〈动2〉
攻撃	[こうげき]		【こうげき】攻击〈名〉
放す	[はなす]		【はなす】放开；放手〈动1〉
放り出す	[ほうりだす]		【ほうりだす】扔出；（事）半途放弃〈动1〉
放り込む	[ほうりこむ]		【ほうりこむ】扔进〈动1〉
放る	[ほうる]		【ほうる】抛；扔〈动1〉
放れる	[はなれる]		【はなれる】挣脱；（马）脱缰〈动2〉
放出	[ほうしゅつ]		【ほうしゅつ】放出；（商品）抛售〈名〉
放射	[ほうしゃ]		【ほうしゃ】放射〈名〉
放射能	[ほうしゃのう]		【ほうしゃのう】放射性〈名〉
放棄	[ほうき]		【ほうき】放弃〈名〉
放置	[ほうち]		【ほうち】放置（不管）〈名〉
放送	[ほうそうする]		【ほうそうする】广播；播放〈动3〉
政党	[せいとう]		【せいとう】政党〈名〉
政府	[せいふ]		【せいふ】政府〈名〉
政権	[せいけん]		【せいけん】政权〈名〉
政治	[せいじ]		【せいじ】政治〈名〉
政策	[せいさく]		【せいさく】政策〈名〉
故	[こ]		【こ】已故（故人）〈接头〉
故人	[こじん]		【こじん】故人；死者〈名〉
故郷	[こきょう]		【こきょう】故乡；老家〈名〉
故障	[こしょうする]		【こしょうする】故障；出毛病〈动3〉
敏感	[びんかん]		【びんかん】敏感〈ナ形〉
救い	[すくい]		【すくい】救；解救〈名〉
救う	[すくう]		【すくう】救；拯救；挽救〈动1〉
救助	[きゅうじょ]		【きゅうじょ】救助；救援〈名〉
救援	[きゅうえん]		【きゅうえん】救援〈名〉
救済	[きゅうさい]		【きゅうさい】救济〈名〉
敗戦	[はいせん]		【はいせん】战败〈名〉
教え	[おしえ]		【おしえ】教导；教诲〈名〉
教える	[おしえる]		【おしえる】教；教导；告诉〈动2〉
教わる	[おそわる]		【おそわる】受教；跟……学〈动1〉
教会	[きょうかい]		【きょうかい】教堂；教会〈名〉
教員	[きょういん]		【きょういん】教员〈名〉
教室	[きょうしつ]		【きょうしつ】教室〈名〉
教師	[きょうし]		【きょうし】教师；老师〈名〉
教授	[きょうじゅ]		【きょうじゅ】教授〈名〉
教材	[きょうざい]		【きょうざい】教材〈名〉
教科	[きょうか]		【きょうか】（学校的）科目〈名〉
教科書	[きょうかしょ]		【きょうかしょ】教科书；课本〈名〉
教習	[きょうしゅう]		【きょうしゅう】教习；（驾校）培训〈名〉
教職	[きょうしょく]		【きょうしょく】教职〈名〉
教育	[きょういく]		【きょういく】教育〈名〉
教訓	[きょうくん]		【きょうくん】教训〈名〉
教養	[きょうよう]		【きょうよう】教养；修养〈名〉
敢えて	[あえて]		【あえて】（不）特意；胆敢〈副〉
散らかす	[ちらかす]		【ちらかす】弄乱；乱扔；乱放〈动1〉
散らかる	[ちらかる]		【ちらかる】乱七八糟；散乱〈动1〉
散らす	[ちらす]		【ちらす】散开；（云）吹散〈动1〉
散る	[ちる]		【ちる】（花）谢；（叶）落〈动1〉
散歩	[さんぽ]		【さんぽ】散步〈名〉
敬う	[うやまう]		【うやまう】尊敬；敬重〈动1〉
敬具	[けいぐ]		【けいぐ】敬上（书结尾）〈感〉
敬意	[けいい]		【けいい】敬意〈名〉
敬語	[けいご]		【けいご】敬语〈名〉
数	[かず]		【かず】数量；数目〈名〉
数える	[かぞえる]		【かぞえる】数；计算〈动2〉
数字	[すうじ]		【すうじ】数字〈名〉
数学	[すうがく]		【すうがく】数学〈名〉
数詞	[すうし]		【すうし】数词〈名〉
整う	[ととのう]		【ととのう】齐整；（条件）具备〈动1〉
整える	[ととのえる]		【ととのえる】整整齐齐；（准备）备好〈动2〉
整備	[せいび]		【せいび】整备；维修〈名〉
整列	[せいれつ]		【せいれつ】整队；排列〈名〉
整数	[せいすう]		【せいすう】整数〈名〉
整然	[せいぜん]		【せいぜん】整齐；井然〈ナ形〉
整理	[せいり]		【せいり】整理；收拾〈名〉
敵	[てき]		【てき】敌人；对手〈名〉
敷く	[しく]		【しく】铺；（规则）施行〈动1〉
敷地	[しきち]		【しきち】（建筑）用地〈名〉
文	[ぶん]		【ぶん】书信；文章（ふみ）；句子（ぶん）〈名〉
文体	[ぶんたい]		【ぶんたい】文体〈名〉
文化	[ぶんか]		【ぶんか】文化〈名〉
文化財	[ぶんかざい]		【ぶんかざい】文化遗产〈名〉
文句	[もんく]		【もんく】意见；牢骚；话〈名〉
文字	[もじ]		【もじ】文字；字〈名〉
文学	[ぶんがく]		【ぶんがく】文学〈名〉
文房具	[ぶんぼうぐ]		【ぶんぼうぐ】文具〈名〉
文明	[ぶんめい]		【ぶんめい】文明〈名〉
文書	[ぶんしょ]		【ぶんしょ】文书；文件〈名〉
文法	[ぶんぽう]		【ぶんぽう】语法；文法〈名〉
文献	[ぶんけん]		【ぶんけん】文献〈名〉
文章	[ぶんしょう]		【ぶんしょう】文章；句子〈名〉
文脈	[ぶんみゃく]		【ぶんみゃく】上下文；脉络〈名〉
文芸	[ぶんげい]		【ぶんげい】文艺〈名〉
文語	[ぶんご]		【ぶんご】文语；书面语〈名〉
斑	[ぶち]		【ぶち】斑点；（不均匀）花〈名〉
料	[りょう]		【りょう】（接尾）~费；料〈接尾〉
料理	[りょうり]		【りょうり】菜肴；烹饪；饭菜〈名〉
料金	[りょうきん]		【りょうきん】费用；收费〈名〉
斜め	[ななめ]		【ななめ】斜；（人）歪（心）〈ナ形〉
斜面	[しゃめん]		【しゃめん】斜面；坡〈名〉
斬る	[きる]		【きる】斩；砍〈动1〉
断る	[ことわる]		【ことわる】拒绝；谢绝；事先说好〈动1〉
断定	[だんてい]		【だんてい】断定〈名〉
断水	[だんすい]		【だんすい】停水〈名〉
断然	[だんぜん]		【だんぜん】断然；（比）远远〈副〉
断言	[だんげん]		【だんげん】断言〈名〉
断面	[だんめん]		【だんめん】断面；截面〈名〉
新	[しん]		【しん】新（接头）〈接头〉
新しい	[あたらしい]		【あたらしい】新的；崭新的〈イ形〉
新た	[あらた]		【あらた】新的；重新〈ナ形〉
新人	[しんじん]		【しんじん】新人〈名〉
新入生	[しんにゅうせい]		【しんにゅうせい】新生〈名〉
新婚	[しんこん]		【しんこん】新婚〈名〉
新幹線	[しんかんせん]		【しんかんせん】新干线〈名〉
新築	[しんちく]		【しんちく】新（房）〈名〉
新聞	[しんぶん]		【しんぶん】报纸〈名〉
新聞社	[しんぶんしゃ]		【しんぶんしゃ】报社〈名〉
新興	[しんこう]		【しんこう】新兴〈名〉
新鮮	[しんせん]		【しんせん】新鲜〈ナ形〉
方	[かた]		【かた】方向；方面；（人的敬称）位；方法（やり方）〈名〉
方々	[かたがた]		【かたがた】各位；到处〈名〉
方向	[ほうこう]		【ほうこう】方向〈名〉
方式	[ほうしき]		【ほうしき】方式〈名〉
方法	[ほうほう]		【ほうほう】方法〈名〉
方程式	[ほうていしき]		【ほうていしき】方程式〈名〉
方策	[ほうさく]		【ほうさく】策略〈名〉
方角	[ほうこう]		【ほうがく】方向；方位〈名〉
方言	[ほうげん]		【ほうげん】方言〈名〉
方針	[ほうしん]		【ほうしん】方针〈名〉
方面	[ほうめん]		【ほうめん】方面；方向〈名〉
於	[お]		【お】在（於いて）〈接〉
於いて	[おいて]		【おいて】在……（于）〈惯〉
施す	[ほどこす]		【ほどこす】施；施行（手术）〈动1〉
施行	[しこう]		【しこう】施行；（法律）生效〈名〉
施設	[しせつ]		【しせつ】设施〈名〉
旅	[たび]		【たび】旅行；旅程〈名〉
旅券	[りょけん]		【りょけん】护照〈名〉
旅客	[りょかく]		【りょかく】旅客〈名〉
旅行	[りょこう]		【りょこう】旅行；旅游〈名〉
旅館	[りょかん]		【りょかん】日式旅馆〈名〉
旗	[はた]		【はた】旗；旗帜〈名〉
既に	[すでに]		【すでに】已经；（时）已晚〈副〉
既婚	[きこん]		【きこん】已婚〈名〉
日	[ひ]		【ひ】太阳；天；日子〈名〉
日々	[ひび]		【ひび】每天；日日〈名〉
日の丸	[ひのまる]		【ひのまる】日本国旗；日之丸〈名〉
日の入り	[ひのいり]		【ひのいり】日落〈名〉
日の出	[ひので]		【ひので】日出〈名〉
日中	[にっちゅう]		【にっちゅう】白天；（日）中（两国）〈名〉
日付	[ひづけ]		【ひづけ】日期〈名〉
日光	[にっこう]		【にっこう】阳光〈名〉
日取り	[ひどり]		【ひどり】（约定的）日期〈名〉
日向	[ひなた]		【ひなた】向阳处；日照处〈名〉
日夜	[にちや]		【にちや】日夜；昼夜〈名〉
日帰り	[ひがえり]		【ひがえり】当天往返〈名〉
日常	[にちじょう]		【にちじょう】日常〈名〉
日当	[にっとう]		【にっとう】日薪；津贴〈名〉
日当たり	[ひあたり]		【ひあたり】（日照）向阳处〈名〉
日日	[ひにち]		【ひにち】天数；日期〈名〉
日時	[にちじ]		【にちじ】日期和时间〈名〉
日曜	[にちよう]		【にちよう】星期日〈名〉
日曜日	[にちようび]		【にちようび】星期日；星期天〈名〉
日本	[にっぽん]		【にっぽん】日本〈名〉
日焼け	[ひやけ]		【ひやけ】晒黑；日晒〈名〉
日用品	[にちようひん]		【にちようひん】日用品〈名〉
日程	[にってい]		【にってい】日程〈名〉
日記	[にっき]		【にっき】日记〈名〉
日課	[にっか]		【にっか】每天（要做）的事〈名〉
日陰	[ひかげ]		【ひかげ】阴凉处〈名〉
日頃	[ひごろ]		【ひごろ】平时；平日〈名〉
旦那	[だんな]		【だんな】老爷；丈夫；（俗）老板〈名〉
旧	[きゅう]		【きゅう】旧；以前（旧式）〈接头〉
旧事	[くじ]		【くじ】往事〈名〉
旧知	[きゅうち]		【きゅうち】旧交；老朋友〈名〉
早い	[はやい]		【はやい】早的；（时间）早；快〈イ形〉
早める	[はやめる]		【はやめる】提前；加快〈动2〉
早口	[はやくち]		【はやくち】说话快〈名〉
早急	[さっきゅう]		【さっきゅう】紧急；火速〈ナ形〉
早速	[さっそく]		【さっそく】立刻；马上〈副〉
昆虫	[こんちゅう]		【こんちゅう】昆虫〈名〉
昇る	[のぼる]		【のぼる】上升；（日）出；（地位）升〈动1〉
昇進	[しょうしん]		【しょうしん】晋升；升级〈名〉
明かす	[あかす]		【あかす】透露；揭穿；（夜）度过〈动1〉
明かり	[あかり]		【あかり】光；灯光〈名〉
明き	[あき]		【あき】空隙；空缺〈名〉
明くる	[あくる]		【あくる】下一个；翌〈连体〉
明ける	[あける]		【あける】（天）亮；结束；到期〈动2〉
明け方	[あけがた]		【あけがた】黎明；拂晓〈名〉
明らか	[あきらか]		【あきらか】明显；清楚〈ナ形〉
明るい	[あかるい]		【あかるい】明亮的；开朗的〈イ形〉
明後日	[みょうごにち]		【みょうごにち】后天〈名〉
明日	[あした]		【あした】明天〈名〉
明朗	[めいろう]		【めいろう】明朗；开朗〈ナ形〉
明白	[あからさま]		【あからさま】明显；露骨；直截了当〈ナ形〉
明瞭	[めいりょう]		【めいりょう】明了；清晰〈ナ形〉
明確	[めいかく]		【めいかく】明确〈ナ形〉
易い	[やすい]		【やすい】容易的（接动词连用形后）〈接尾〉
易しい	[やさしい]		【やさしい】容易的；简单的〈イ形〉
昔	[むかし]		【むかし】从前；过去；往昔〈名〉
星	[ほし]		【ほし】星；星星〈名〉
星座	[せいざ]		【せいざ】星座〈名〉
映える	[はえる]		【はえる】映照；显眼；好看〈动2〉
映す	[うつす]		【うつす】映照；（照片）照〈动1〉
映る	[うつる]		【うつる】映出；（照片）拍出来〈动1〉
映像	[えいぞう]		【えいぞう】影像；图像〈名〉
映写	[えいしゃ]		【えいしゃ】放映〈名〉
映画	[えいが]		【えいが】电影〈名〉
映画館	[えいがかん]		【えいがかん】电影院〈名〉
春	[はる]		【はる】春天；春季〈名〉
昨	[さく]		【さく】昨……（昨年、昨日）〈接头〉
昨夜	[ゆうべ・さくや]		【ゆうべ・さくや】昨晚；昨夜〈名〉
昨日	[きのう]		【きのう】昨天〈名〉
是正	[ぜせい]		【ぜせい】订正；纠正〈名〉
是非	[ぜひ]		【ぜひ】务必；一定〈副〉；是非；善恶〈名〉
昼	[ひる]		【ひる】中午；白天〈名〉
昼休み	[ひるやすみ]		【ひるやすみ】午休；午休时间〈名〉
昼寝	[ひるね]		【ひるね】午睡〈名〉
昼御飯	[ひるごはん]		【ひるごはん】午饭〈名〉
昼間	[ひるま]		【ひるま】白天；白昼〈名〉
昼食	[ちゅうしょく]		【ちゅうしょく】午饭；午餐〈名〉
昼飯	[ひるめし]		【ひるめし】午饭〈名〉
時	[とき]		【とき】时候；时间；（量词）点（钟）〈名〉
時々	[ときどき]		【ときどき】有时；时常〈副〉
時代	[じだい]		【じだい】时代；时期〈名〉
時刻	[じこく]		【じこく】时刻；几点钟〈名〉
時刻表	[じこくひょう]		【じこくひょう】时刻表〈名〉
時差	[じさ]		【じさ】时差〈名〉
時折	[ときおり]		【ときおり】有时；偶尔〈副〉
時期	[じき]		【じき】时期；阶段〈名〉
時計	[とけい]		【とけい】钟表；手表〈名〉
時速	[じそく]		【じそく】时速〈名〉
時間	[じかん]		【じかん】时间；（量词）小时〈名〉
時間割	[じかんわり]		【じかんわり】课程表〈名〉
晩	[ばん]		【ばん】晚上；傍晚〈名〉
晩御飯	[ばんごはん]		【ばんごはん】晚饭〈名〉
普及	[ふきゅう]		【ふきゅう】普及〈名〉
普段	[ふだん]		【ふだん】平时；平常〈名〉
普通	[ふつう]		【ふつう】普通；一般；平常〈ナ形〉
普遍	[ふへん]		【ふへん】普遍〈名〉
景気	[けいき]		【けいき】景气；市场行情〈名〉
景色	[けしき]		【けしき】景色；风景〈名〉
晴れ	[はれ]		【はれ】晴天；晴朗〈名〉
晴れる	[はれる]		【はれる】（天）放晴；（心情）开朗；（误会）消除〈动2〉
晴天	[せいてん]		【せいてん】晴天〈名〉
暇	[ひま]		【ひま】空闲；有空；闲暇〈ナ形〉
暑い	[あつい]		【あつい】（天气）热；炎热〈イ形〉
暖かい	[あたたかい]		【あたたかい】温暖的；暖和的〈イ形〉
暖まる	[あたたまる]		【あたたまる】变暖；（心）感到温暖〈动1〉
暖める	[あたためる]		【あたためる】加热；使温暖〈动2〉
暖房	[だんぼう]		【だんぼう】暖气；供暖〈名〉
暗い	[くらい]		【くらい】暗的；昏暗的；（颜色）深；（心情）阴郁〈イ形〉
暗殺	[あんさつ]		【あんさつ】暗杀〈名〉
暗示	[あんじ]		【あんじ】暗示〈名〉
暗算	[あんざん]		【あんざん】心算〈名〉
暗記	[あんき]		【あんき】记住；背诵〈名〉
暦	[こよみ]		【こよみ】日历；历法〈名〉
暮らし	[くらし]		【くらし】生活；生计〈名〉
暮らす	[くらす]		【くらす】生活；度过（日子）〈动1〉
暮れ	[くれ]		【くれ】年底；日暮〈名〉
暮れる	[くれる]		【くれる】天黑；（一年）将尽；苦恼（思い暮れる）〈动2〉
暴れる	[あばれる]		【あばれる】胡闹；撒野；（兽）闹腾〈动2〉
暴力	[ぼうりょく]		【ぼうりょく】暴力〈名〉
暴動	[ぼうどう]		【ぼうどう】暴动；骚乱〈名〉
暴露	[ばくろ]		【ばくろ】暴露；揭发〈名〉
暴風	[ぼうふう]		【ぼうふう】暴风〈名〉
曇	[くもり]		【くもり】阴天；模糊〈名〉
曇り	[くもり]		【くもり】阴天；多云〈名〉
曇る	[くもる]		【くもる】（天）阴；（玻璃等）模糊〈动1〉
曖昧	[あいまい]		【あいまい】暧昧；模糊〈ナ形〉
曜日	[ようび]		【ようび】星期几〈名〉
曲	[きょく]		【きょく】曲；乐曲；（量）首〈名〉
曲がる	[まがる]		【まがる】转弯；弯曲；歪斜〈动1〉
曲げる	[まげる]		【まげる】弄弯；（主张）放弃〈动2〉
曲線	[きょくせん]		【きょくせん】曲线〈名〉
更ける	[ふける]		【ふける】（夜、季节）深〈动2〉
更に	[さらに]		【さらに】更加；进一步〈副〉
書き取り	[かきとり]		【かきとり】听写；默写〈名〉
書き取る	[かきとる]		【かきとる】写下来；听写〈动1〉
書く	[かく]		【かく】写；书写；画（线）〈动1〉
書取	[かきとり]		【かきとり】听写；默写〈名〉
書店	[しょてん]		【しょてん】书店〈名〉
書斎	[しょさい]		【しょさい】书房〈名〉
書物	[しょもつ]		【しょもつ】书；书籍〈名〉
書留	[かきとめ]		【かきとめ】挂号（邮件）〈名〉
書籍	[しょせき]		【しょせき】书籍〈名〉
書評	[しょひょう]		【しょひょう】书评〈名〉
書道	[しょどう]		【しょどう】书法〈名〉
書類	[しょるい]		【しょるい】文件；资料〈名〉
替える	[かえる]		【かえる】换；更换〈动2〉
最も	[もっとも]		【もっとも】最〈副〉
最中	[さいちゅう]		【さいちゅう】正在……中（～の最中）〈名〉
最低	[さいてい]		【さいてい】最低；最差〈ナ形〉
最初	[さいしょ]		【さいしょ】最初；起初〈名〉
最善	[さいぜん]		【さいぜん】最好；全力〈名〉
最後	[さいご]		【さいご】最后；最终〈名〉
最早	[もはや]		【もはや】已经；（再）也不〈副〉
最終	[さいしゅう]		【さいしゅう】最终；（末班）车〈名〉
最近	[さいきん]		【さいきん】最近；近来〈名〉
最高	[さいこう]		【さいこう】最高；最好〈ナ形〉
月	[つき]		【つき】月；月亮；月份〈名〉
月並み	[つきなみ]		【つきなみ】每月；平凡；老一套〈ナ形〉
月日	[つきひ]		【つきひ】岁月；日子〈名〉
月曜	[げつよう]		【げつよう】星期一〈名〉
月曜日	[げつようび]		【げつようび】星期一〈名〉
月末	[げつまつ]		【げつまつ】月末〈名〉
月給	[げっきゅう]		【げっきゅう】月薪〈名〉
月謝	[げっしゃ]		【げっしゃ】（按月缴的）学费〈名〉
月賦	[げっぷ]		【げっぷ】按月分期付款〈名〉
有する	[ゆうする]		【ゆうする】拥有；具有〈动3〉
有る	[ある]		【ある】有；在〈动1〉
有利	[ゆうり]		【ゆうり】有利〈ナ形〉
有力	[ゆうりょく]		【ゆうりょく】有力；（候选）占优势〈ナ形〉
有効	[ゆうこう]		【ゆうこう】有效〈ナ形〉
有名	[ゆうめい]		【ゆうめい】有名；著名〈ナ形〉
有料	[ゆうりょう]		【ゆうりょう】收费〈名〉
有望	[ゆうぼう]		【ゆうぼう】有希望；有前途〈ナ形〉
有様	[ありさま]		【ありさま】状态；情形〈名〉
有機	[ゆうき]		【ゆうき】有机〈名〉
有無	[うむ]		【うむ】有无〈名〉
有益	[ゆうえき]		【ゆうえき】有益〈ナ形〉
有能	[ゆうのう]		【ゆうのう】有才能；能干〈ナ形〉
有難い	[ありがたい]		【ありがたい】难得的；值得感谢的〈イ形〉
服	[ふく]		【ふく】衣服；服装〈名〉
服装	[ふくそう]		【ふくそう】服装；穿着〈名〉
朗らか	[ほがらか]		【ほがらか】开朗；（天气）晴朗〈ナ形〉
朗読	[ろうどく]		【ろうどく】朗读；朗诵〈名〉
望ましい	[のぞましい]		【のぞましい】理想的；可喜的〈イ形〉
望み	[のぞみ]		【のぞみ】希望；愿望〈名〉
望む	[のぞむ]		【のぞむ】希望；眺望〈动1〉
望遠鏡	[ぼうえんきょう]		【ぼうえんきょう】望远镜〈名〉
朝	[あさ]		【あさ】早晨；早上〈名〉
朝寝坊	[あさねぼう]		【あさねぼう】睡懒觉；爱睡懒觉的人〈名〉
朝御飯	[あさごはん]		【あさごはん】早饭〈名〉
期	[き]		【き】时期；（接尾）…期〈名〉
期待	[きたい]		【きたい】期待；期望〈名〉
期日	[きじつ]		【きじつ】（约定的）日期；期限〈名〉
期末	[きまつ]		【きまつ】期末〈名〉
期間	[きかん]		【きかん】期间〈名〉
期限	[きげん]		【きげん】期限〈名〉
木	[き]		【き】树；木头；木材〈名〉
木曜	[もくよう]		【もくよう】星期四〈名〉
木曜日	[もくようび]		【もくようび】星期四〈名〉
木材	[もくざい]		【もくざい】木材〈名〉
木綿	[もめん]		【もめん】棉布；棉花〈名〉
未	[ひつじ]		【ひつじ】未（地支第八位，属羊）〈名〉
未だ	[まだ]		【まだ】至今仍；（还）没（常接否定）〈副〉
未婚	[みこん]		【みこん】未婚〈名〉
未定	[みてい]		【みてい】未定；未决定〈名〉
未来	[みらい]		【みらい】未来〈名〉
未満	[みまん]		【みまん】未满；不足〈名〉
未熟	[みじゅく]		【みじゅく】不熟练；未成熟；（果实）生〈ナ形〉
未知	[みち]		【みち】未知〈名〉
未練	[みれん]		【みれん】依恋；留恋；不干脆〈ナ形〉
未開	[みかい]		【みかい】未开化；蛮荒〈名〉
末	[すえ]		【すえ】末；末尾；（量词）末〈名〉
末っ子	[すえっこ]		【すえっこ】最小的孩子〈名〉
末期	[まっき]		【まっき】末期；最后阶段〈名〉
本	[ほん]		【ほん】书；书本；（量词）根；本〈名〉
本の	[ほんの]		【ほんの】仅仅；少许〈连体〉
本人	[ほんにん]		【ほんにん】本人〈名〉
本体	[ほんたい]		【ほんたい】本体；（机器）主机〈名〉
本名	[ほんみょう]		【ほんみょう】本名；真名〈名〉
本場	[ほんば]		【ほんば】原产地；发源地；正宗〈名〉
本当	[ほんとう]		【ほんとう】真的；真实〈名〉
本文	[ほんぶん]		【ほんぶん】正文；本文〈名〉
本来	[ほんらい]		【ほんらい】本来；原本〈副〉
本格	[ほんかく]		【ほんかく】正式；正宗〈名〉
本棚	[ほんだな]		【ほんだな】书架〈名〉
本気	[ほんき]		【ほんき】认真；当真〈名〉
本物	[ほんもの]		【ほんもの】真货；真品〈名〉
本能	[ほんのう]		【ほんのう】本能〈名〉
本質	[ほんしつ]		【ほんしつ】本质〈名〉
本部	[ほんぶ]		【ほんぶ】总部〈名〉
本音	[ほんね]		【ほんね】真话；真心话〈名〉
本館	[ほんかん]		【ほんかん】主楼；正馆〈名〉
札	[さつ]		【さつ】牌子；票据；纸币〈名〉
机	[つくえ]		【つくえ】书桌；办公桌〈名〉
朽ちる	[くちる]		【くちる】腐朽；（名声）湮灭〈动2〉
杉	[すぎ]		【すぎ】杉树〈名〉
材料	[ざいりょう]		【ざいりょう】材料；原料〈名〉
材木	[ざいもく]		【ざいもく】木材；木料〈名〉
村	[むら]		【むら】村庄；农村〈名〉
杖	[つえ]		【つえ】手杖；拐杖〈名〉
束	[たば]		【たば】捆；束；（量词）束〈名〉
束の間	[つかのま]		【つかのま】片刻；一瞬〈名〉
束縛	[そくばく]		【そくばく】束缚〈名〉
条件	[じょうけん]		【じょうけん】条件〈名〉
条約	[じょうやく]		【じょうやく】条约〈名〉
来	[らい]		【らい】（接头词）下（个）～；来〈接头〉
来る	[くる]		【くる】来；来到；发生〈动3〉
来場	[らいじょう]		【らいじょう】到场；与会〈名〉
来年	[らいねん]		【らいねん】明年〈名〉
来日	[らいにち]		【らいにち】来日本〈名〉
来月	[らいげつ]		【らいげつ】下个月〈名〉
来週	[らいしゅう]		【らいしゅう】下周；下星期〈名〉
杯	[さかずき]		【さかずき】酒盅；酒杯〈名〉
東	[ひがし]		【ひがし】东；东方〈名〉
東洋	[とうよう]		【とうよう】东洋；东方〈名〉
東西	[とうざい]		【とうざい】东西〈名〉
松	[まつ]		【まつ】松树；松〈名〉
板	[いた]		【いた】板；木板〈名〉
枕	[まくら]		【まくら】枕头〈名〉
林	[はやし]		【はやし】树林；小森林〈名〉
林業	[りんぎょう]		【りんぎょう】林业〈名〉
枚	[まい]		【まい】（量）张；枚；片〈量〉
枚数	[まいすう]		【まいすう】（纸张等薄物）张数〈名〉
果たして	[はたして]		【はたして】果然；果真；究竟〈副〉
果たす	[はたす]		【はたす】完成；实现〈动1〉
果て	[はて]		【はて】尽头；边际；最后〈名〉
果てる	[はてる]		【はてる】终结；（气力）用尽〈动2〉
果実	[かじつ]		【かじつ】果实〈名〉
果物	[くだもの]		【くだもの】水果〈名〉
枝	[えだ]		【えだ】树枝；分支〈名〉
枠	[わく]		【わく】框；范围；（职位）名额〈名〉
枯れる	[かれる]		【かれる】枯萎；（井）干〈动2〉
架空	[かくう]		【かくう】架空；虚构〈ナ形〉
柄	[え・がら]		【え・がら】柄；把；（图案）花纹〈名〉
染まる	[そまる]		【そまる】染上；（受风气）感染〈动1〉
染みる	[しみる]		【しみる】渗；刺痛；铭刻（于心）〈动2〉
染める	[そめる]		【そめる】染；上色〈动2〉
柔らかい	[やわらかい]		【やわらかい】柔软的；（态度）温和的〈イ形〉
柔軟	[じゅうなん]		【じゅうなん】柔软；灵活〈ナ形〉
柔道	[じゅうどう]		【じゅうどう】柔道〈名〉
柱	[はしら]		【はしら】柱子；顶梁柱〈名〉
柵	[さく]		【さく】栅栏〈名〉
栄える	[さかえる]		【さかえる】繁荣；兴旺〈动2〉
栄養	[えいよう]		【えいよう】营养〈名〉
栓	[せん]		【せん】栓；塞子；（水）龙头〈名〉
校	[こう]		【こう】（接尾）…校；（印刷）校对〈接尾〉
校庭	[こうてい]		【こうてい】校园；（学校的）操场〈名〉
校舎	[こうしゃ]		【こうしゃ】校舍〈名〉
校長	[こうちょう]		【こうちょう】校长〈名〉
株	[かぶ]		【かぶ】股票；股份〈名〉
株式	[かぶしき]		【かぶしき】股份〈名〉
核	[かく]		【かく】核；核心〈名〉
根	[ね]		【ね】根〈名〉
根回し	[ねまわし]		【ねまわし】事先疏通；铺垫〈名〉
根底	[こんてい]		【こんてい】根底；基础〈名〉
根拠	[こんきょ]		【こんきょ】根据；依据〈名〉
根本	[こんぽん]		【こんぽん】根本；根源〈名〉
根気	[こんき]		【こんき】毅力；耐心〈名〉
格	[かく]		【かく】资格；等级；（语法）格〈名〉
格別	[かくべつ]		【かくべつ】格外；特别〈ナ形〉
格好	[かっこう]		【かっこう】外形；样子；装束〈名〉
格差	[かくさ]		【かくさ】差距〈名〉
栽培	[さいばい]		【さいばい】栽培；种植〈名〉
桁	[けた]		【けた】位数；（桥梁）梁〈名〉
案	[あん]		【あん】方案；主意；草案〈名〉
案じる	[あんじる]		【あんじる】思考；担心；念（经）〈动2〉
案の定	[あんのじょう]		【あんのじょう】果然；不出所料〈副〉
案内	[あんない]		【あんない】引导；导游；通知〈名〉
案外	[あんがい]		【あんがい】意外地；出乎意料〈副〉
桐	[きり]		【きり】桐树；泡桐〈名〉
桜	[さくら]		【さくら】樱花；樱树〈名〉
桟橋	[さんばし]		【さんばし】栈桥；码头〈名〉
梅	[うめ]		【うめ】梅；梅子〈名〉
梅干	[うめぼし]		【うめぼし】梅干；咸梅〈名〉
梅雨	[つゆ]		【つゆ】梅雨；梅雨季节〈名〉
梢	[こずえ]		【こずえ】树梢〈名〉
梯子	[はしご]		【はしご】梯子〈名〉
棄権	[きけん]		【きけん】弃权〈名〉
棒	[ぼう]		【ぼう】棍；棒；杆〈名〉
棚	[たな]		【たな】架子；搁板〈名〉
棟	[とう]		【とう】（量）栋；（建筑的）栋〈名〉
森	[もり]		【もり】森林〈名〉
森林	[しんりん]		【しんりん】森林〈名〉
椀	[わん]		【わん】（木）碗〈名〉
椅子	[いす]		【いす】椅子〈名〉
植える	[うえる]		【うえる】种植；栽种〈动2〉
植わる	[うわる]		【うわる】（植物）种着；栽着〈动1〉
植木	[うえき]		【うえき】栽种的树；盆栽〈名〉
植民地	[しょくみんち]		【しょくみんち】殖民地〈名〉
植物	[しょくぶつ]		【しょくぶつ】植物〈名〉
検事	[けんじ]		【けんじ】检察官〈名〉
検査	[けんさ]		【けんさ】检查〈名〉
検討	[けんとう]		【けんとう】研究；讨论；斟酌〈名〉
楕円	[だえん]		【だえん】椭圆〈名〉
業	[ごう]		【ごう】业；（佛教）业报〈名〉
業務	[ぎょうむ]		【ぎょうむ】业务；工作〈名〉
業績	[ぎょうせき]		【ぎょうせき】业绩；成就〈名〉
業者	[ぎょうしゃ]		【ぎょうしゃ】业者；商人〈名〉
極	[ごく]		【ごく】极；极其（ごく）〈副〉
極めて	[きわめて]		【きわめて】极其；非常〈副〉
極楽	[ごくらく]		【ごくらく】极乐（世界）；安乐〈名〉
極端	[きょくたん]		【きょくたん】极端〈ナ形〉
楽	[らく]		【らく】轻松；舒服；快乐〈ナ形〉
楽しい	[たのしい]		【たのしい】愉快的；快乐的；高兴的〈イ形〉
楽しみ	[たのしみ]		【たのしみ】乐趣；期待；盼望〈名〉
楽しむ	[たのしむ]		【たのしむ】享受；欣赏（=楽しむ）〈动1〉
楽器	[がっき]		【がっき】乐器〈名〉
楽観	[らっかん]		【らっかん】乐观〈名〉
楽譜	[がくふ]		【がくふ】乐谱〈名〉
概念	[がいねん]		【がいねん】概念〈名〉
概略	[がいりゃく]		【がいりゃく】概略；梗概〈名〉
概説	[がいせつ]		【がいせつ】概论；概述〈名〉
概論	[がいろん]		【がいろん】概论〈名〉
構う	[かまう]		【かまう】介意；（否定）没关系〈动1〉
構え	[かまえ]		【かまえ】姿势；架势；准备〈名〉
構える	[かまえる]		【かまえる】摆（架势）；开设；（房子）盖在〈动2〉
構想	[こうそう]		【こうそう】构想；构思〈名〉
構成	[こうせい]		【こうせい】构成；结构〈名〉
構造	[こうぞう]		【こうぞう】构造；结构〈名〉
様	[よう]		【よう】样子；（接尾）~先生/女士（敬称）〈名〉
様々	[さまざま]		【さまざま】各种各样的〈ナ形〉
様子	[ようす]		【ようす】样子；情况；状态〈名〉
様式	[ようしき]		【ようしき】样式；格式；风格〈名〉
様相	[ようそう]		【ようそう】情况；局面；样态〈名〉
標本	[ひょうほん]		【ひょうほん】标本；样本〈名〉
標準	[ひょうじゅん]		【ひょうじゅん】标准〈名〉
標語	[ひょうご]		【ひょうご】标语；口号〈名〉
標識	[ひょうしき]		【ひょうしき】标识；标记〈名〉
模倣	[もほう]		【もほう】模仿〈名〉
模型	[もけい]		【もけい】模型〈名〉
模様	[もよう]		【もよう】花纹；图案〈名〉
模範	[もはん]		【もはん】模范；榜样〈名〉
模索	[もさく]		【もさく】摸索〈名〉
権	[けん]		【けん】权；权利〈名〉
権利	[けんり]		【けんり】权利〈名〉
権力	[けんりょく]		【けんりょく】权力〈名〉
権威	[けんい]		【けんい】权威〈名〉
権限	[けんげん]		【けんげん】权限；职权〈名〉
横	[よこ]		【よこ】旁边；横向；宽度〈名〉
横切る	[よこぎる]		【よこぎる】横穿；横过〈动1〉
横断	[おうだん]		【おうだん】横穿；横渡〈名〉
横綱	[よこづな]		【よこづな】横纲（相扑最高等级）〈名〉
樹木	[じゅもく]		【じゅもく】树木〈名〉
樹立	[じゅりつ]		【じゅりつ】树立；建立〈名〉
橋	[はし]		【はし】桥；桥梁〈名〉
橋渡し	[はしわたし]		【はしわたし】架桥；牵线；桥梁（作用）〈名〉
機	[はた]		【はた】织布机〈名〉
機会	[きかい]		【きかい】机会；时机〈名〉
機嫌	[きげん]		【きげん】心情；（情绪）好〈名〉
機械	[きかい]		【きかい】机械；机器〈名〉
機構	[きこう]		【きこう】机构；结构；机制〈名〉
機能	[きのう]		【きのう】功能；机能〈名〉
機関	[きかん]		【きかん】机关；发动机；机构〈名〉
機関車	[きかんしゃ]		【きかんしゃ】机车；火车头〈名〉
檻	[おり]		【おり】笼；栏〈名〉
櫛	[くし]		【くし】梳子〈名〉
欄	[らん]		【らん】栏；（表格）栏〈名〉
欠く	[かく]		【かく】缺少；欠缺；开（缺口）〈动1〉
欠ける	[かける]		【かける】缺少；（边缘）缺损〈动2〉
欠乏	[けつぼう]		【けつぼう】缺乏；匮乏〈名〉
欠席	[けっせき]		【けっせき】缺席〈名〉
欠点	[けってん]		【けってん】缺点〈名〉
欠陥	[けっかん]		【けっかん】缺陷；毛病〈名〉
次	[つぎ]		【つぎ】下一个；其次〈名〉
次々	[つぎつぎ]		【つぎつぎ】接连不断；陆续〈副〉
次いで	[ついで]		【ついで】接着；其次〈副〉
次ぐ	[つぐ]		【つぐ】次于；紧接着〈动1〉
次第	[しだい]		【しだい】次序；（～次第：一……立刻；全凭）〈名〉
欧米	[おうべい]		【おうべい】欧美〈名〉
欲しい	[ほしい]		【ほしい】想要；希望得到〈イ形〉
欲張り	[よくばり]		【よくばり】贪心；贪得无厌（的人）〈ナ形〉
欲望	[よくぼう]		【よくぼう】欲望〈名〉
欲深い	[よくふかい]		【よくふかい】贪婪的〈イ形〉
欺く	[あざむく]		【あざむく】欺骗；胜似〈动1〉
歌	[うた]		【うた】歌；歌曲〈名〉
歌う	[うたう]		【うたう】唱；唱歌〈动1〉
歌手	[かしゅ]		【かしゅ】歌手〈名〉
歌謡	[かよう]		【かよう】歌谣；歌曲〈名〉
歎	[たん]		【たん】叹；悲叹〈名〉
歓声	[かんせい]		【かんせい】欢声；欢呼〈名〉
歓迎	[かんげい]		【かんげい】欢迎〈名〉
止す	[よす]		【よす】停止；作罢（よす）〈动1〉
止まる	[とまる]		【とまる】停止；停下；（车）停住〈动1〉
止む	[やむ]		【やむ】（雨、雪等）停；止住〈动1〉
止むを得ない	[やむをえない]		【やむをえない】不得已；无可奈何〈イ形〉
止める	[とめる]		【とめる】让……停下；制止；关闭〈动2〉
正	[せい]		【せい】正；（算术）正〈名〉
正しい	[ただしい]		【ただしい】正确的；正当的〈イ形〉
正午	[しょうご]		【しょうご】正午；中午〈名〉
正味	[しょうみ]		【しょうみ】净重；实际内容〈名〉
正常	[せいじょう]		【せいじょう】正常〈ナ形〉
正式	[せいしき]		【せいしき】正式〈ナ形〉
正当	[せいとう]		【せいとう】正当；合理〈ナ形〉
正方形	[せいほうけい]		【せいほうけい】正方形〈名〉
正直	[しょうじき]		【しょうじき】诚实；坦率〈ナ形〉
正確	[せいかく]		【せいかく】正确；准确〈ナ形〉
正義	[せいぎ]		【せいぎ】正义〈名〉
正規	[せいき]		【せいき】正规〈名〉
正解	[せいかい]		【せいかい】正确答案；正确理解〈名〉
正門	[せいもん]		【せいもん】正门〈名〉
正面	[しょうめん]		【しょうめん】正面〈名〉
武力	[ぶりょく]		【ぶりょく】武力〈名〉
武器	[ぶき]		【ぶき】武器；兵器〈名〉
武士	[ぶし]		【ぶし】武士〈名〉
武装	[ぶそう]		【ぶそう】武装〈名〉
歩	[ふ]		【ふ】（将棋的）步；卒〈名〉
歩く	[あるく]		【あるく】走；步行〈动1〉
歩み	[あゆみ]		【あゆみ】步行；脚步；（历史）进程〈名〉
歩む	[あゆむ]		【あゆむ】步行；（人生）走过〈动1〉
歩道	[ほどう]		【ほどう】人行道〈名〉
歪む	[いがむ]		【いがむ】歪曲；扭曲；变形〈动1〉
歯	[は]		【は】牙齿〈名〉
歯医者	[はいしゃ]		【はいしゃ】牙科医生；牙科诊所〈名〉
歯磨	[はみがき]		【はみがき】刷牙；（俗）牙膏〈名〉
歯磨き	[はみがき]		【はみがき】牙膏；刷牙〈名〉
歯科	[しか]		【しか】牙科〈名〉
歯車	[はぐるま]		【はぐるま】齿轮〈名〉
歳	[さい]		【さい】岁；（接尾）…岁〈名〉
歴史	[れきし]		【れきし】历史〈名〉
死	[し]		【し】死；死亡〈名〉
死ぬ	[しぬ]		【しぬ】死；死亡；（比赛等）告吹〈动1〉
死亡	[しぼう]		【しぼう】死亡〈名〉
死体	[したい]		【したい】尸体〈名〉
死刑	[しけい]		【しけい】死刑〈名〉
残す	[のこす]		【のこす】留下；保留〈动1〉
残らず	[のこらず]		【のこらず】全部；一个不剩〈副〉
残り	[のこり]		【のこり】剩余；剩下〈名〉
残る	[のこる]		【のこる】剩下；留下；（记忆）留存〈动1〉
残念	[ざんねん]		【ざんねん】遗憾；可惜〈ナ形〉
残酷	[ざんこく]		【ざんこく】残酷〈ナ形〉
残金	[ざんきん]		【ざんきん】余款；剩钱〈名〉
残高	[ざんだか]		【ざんだか】（存款）余额〈名〉
殴る	[なぐる]		【なぐる】殴打〈动1〉
段	[だん]		【だん】台阶；（等级）段；（量词）层〈名〉
段階	[だんかい]		【だんかい】阶段〈名〉
殺す	[ころす]		【ころす】杀；杀死；消（音）〈动1〉
殺人	[さつじん]		【さつじん】杀人〈名〉
殻	[から]		【から】壳；外壳〈名〉
殿	[しんがり]		【しんがり】殿后；后卫〈名〉
殿様	[とのさま]		【とのさま】（封建）诸侯；老爷〈名〉
母校	[ぼこう]		【ぼこう】母校〈名〉
母親	[ははおや]		【ははおや】母亲；妈妈〈名〉
毎	[ごと]		【ごと】（接尾）每〈接尾〉
毎年	[まいねん・まいとし]		【まいねん・まいとし】每年〈名〉
毎度	[まいど]		【まいど】每次；（商店）欢迎光临〈名〉
毎日	[まいにち]		【まいにち】每天〈名〉
毎晩	[まいばん]		【まいばん】每天晚上〈名〉
毎月	[まいつき・まいげつ]		【まいつき・まいげつ】每月〈名〉
毎朝	[まいあさ]		【まいあさ】每天早晨〈名〉
毎週	[まいしゅう]		【まいしゅう】每周〈名〉
毒	[どく]		【どく】毒；毒药〈名〉
比べる	[くらべる]		【くらべる】比较；比得上〈动2〉
比例	[ひれい]		【ひれい】比例；（成）正比〈名〉
比率	[ひりつ]		【ひりつ】比率〈名〉
比較	[ひかく]		【ひかく】比较〈名〉
比較的	[ひかくてき]		【ひかくてき】比较地〈副〉
比重	[ひじゅう]		【ひじゅう】比重；相对重要性〈名〉
毛	[け]		【け】毛；毛发；绒毛〈名〉
毛布	[もうふ]		【もうふ】毛毯；毯子〈名〉
毛皮	[けがわ]		【けがわ】毛皮〈名〉
毛糸	[けいと]		【けいと】毛线〈名〉
毟る	[むしる]		【むしる】揪；拔（毛）；抢夺〈动1〉
氏	[し]		【し】姓；氏族；氏（人名后，书面）〈名〉
氏名	[しめい]		【しめい】姓名〈名〉
民主	[みんしゅ]		【みんしゅ】民主〈名〉
民俗	[みんぞく]		【みんぞく】民俗〈名〉
民宿	[みんしゅく]		【みんしゅく】民宿；（乡下）家庭旅馆〈名〉
民族	[みんぞく]		【みんぞく】民族〈名〉
民謡	[みんよう]		【みんよう】民谣〈名〉
民間	[みんかん]		【みんかん】民间；民营〈名〉
気	[き]		【き】气；精神；心思（気にする：在意）〈名〉
気に入る	[きにいる]		【きにいる】中意；喜欢〈惯〉
気の毒	[きのどく]		【きのどく】可怜；过意不去〈ナ形〉
気まぐれ	[きまぐれ]		【きまぐれ】无常；心血来潮〈ナ形〉
気を付ける	[きをつける]		【きをつける】小心；注意〈惯〉
気付く	[きづく]		【きづく】注意到；意识到〈动1〉
気体	[きたい]		【きたい】气体〈名〉
気候	[きこう]		【きこう】气候〈名〉
気兼ね	[きがね]		【きがね】顾忌；拘谨〈名〉
気分	[きぶん]		【きぶん】心情；情绪；（身体）舒服〈名〉
気味	[きみ]		【きみ】（接尾）~感；（身体状况）~（風邪気味）〈接尾〉
気品	[きひん]		【きひん】品格；风度〈名〉
気圧	[きあつ]		【きあつ】气压〈名〉
気持ち	[きもち]		【きもち】心情；感受〈名〉
気楽	[きらく]		【きらく】轻松；无拘无束〈ナ形〉
気流	[きりゅう]		【きりゅう】气流〈名〉
気温	[きおん]		【きおん】气温〈名〉
気立て	[きだて]		【きだて】性情；天性〈名〉
気象	[きしょう]		【きしょう】气象；天气〈名〉
気質	[かたぎ]		【かたぎ】气质；脾气〈名〉
気軽	[きがる]		【きがる】轻松愉快；爽快〈ナ形〉
気配	[けはい]		【けはい】迹象；（市场的）动向〈名〉
気風	[きふう]		【きふう】风气；作风〈名〉
水	[みず]		【みず】水；凉水〈名〉
水分	[すいぶん]		【すいぶん】水分〈名〉
水平	[すいへい]		【すいへい】水平〈名〉
水平線	[すいへいせん]		【すいへいせん】水平线；海平线〈名〉
水曜	[すいよう]		【すいよう】星期三〈名〉
水曜日	[すいようび]		【すいようび】星期三〈名〉
水気	[すいき]		【すいき】水分；湿气〈名〉
水泳	[すいえい]		【すいえい】游泳〈名〉
水洗	[すいせん]		【すいせん】水洗；冲水〈名〉
水源	[すいげん]		【すいげん】水源〈名〉
水準	[すいじゅん]		【すいじゅん】水平；水准〈名〉
水滴	[すいてき]		【すいてき】水滴〈名〉
水産	[すいさん]		【すいさん】水产〈名〉
水田	[すいでん]		【すいでん】水田；稻田〈名〉
水筒	[すいとう]		【すいとう】水壶〈名〉
水素	[すいそ]		【すいそ】氢〈名〉
水蒸気	[すいじょうき]		【すいじょうき】水蒸气〈名〉
水道	[すいどう]		【すいどう】自来水；自来水管道〈名〉
氷	[こおり]		【こおり】冰〈名〉
永い	[ながい]		【ながい】长久的；漫长的〈イ形〉
永久	[えいきゅう]		【えいきゅう】永久；永远〈名〉
永遠	[えいえん]		【えいえん】永远；永恒〈名〉
氾濫	[はんらん]		【はんらん】泛滥〈名〉
汁	[しる]		【しる】汁；（味噌）汤〈名〉
求める	[もとめる]		【もとめる】寻求；要求；追求〈动2〉
汗	[あせ]		【あせ】汗；汗水〈名〉
汚い	[きたない]		【きたない】脏的；（手段）卑鄙；（字）潦草〈イ形〉
汚す	[よごす]		【よごす】弄脏；玷污〈动1〉
汚らわしい	[けがらわしい]		【けがらわしい】污秽的；肮脏的〈イ形〉
汚れ	[よごれ]		【よごれ】污垢；污渍；（精神）污点〈名〉
汚れる	[よごれる]		【よごれる】变脏；（心）不纯洁〈动2〉
汚染	[おせん]		【おせん】污染〈名〉
池	[いけ]		【いけ】池塘；水池〈名〉
汲む	[くむ]		【くむ】打（水）；汲取〈动1〉
決して	[けっして]		【けっして】决（不）；千万（不）〈副〉
決まり	[きまり]		【きまり】规则；定局〈名〉
決まり悪い	[きまりわるい]		【きまりわるい】不好意思；难为情〈イ形〉
決まる	[きまる]		定下来；决定〈动1〉
決める	[きめる]		【きめる】决定；规定〈动2〉
決勝	[けっしょう]		【けっしょう】决赛〈名〉
決定	[けってい]		【けってい】决定〈名〉
決心	[けっしん]		【けっしん】决心〈名〉
決意	[けつい]		【けつい】决心〈名〉
決断	[けつだん]		【けつだん】决断；果断决定〈名〉
決算	[けっさん]		【けっさん】决算；结算〈名〉
決行	[けっこう]		【けっこう】毅然实行〈名〉
決議	[けつぎ]		【けつぎ】决议；表决〈名〉
汽船	[きせん]		【きせん】轮船；汽船〈名〉
汽車	[きしゃ]		【きしゃ】蒸汽火车〈名〉
沈む	[しずむ]		【しずむ】下沉；消沉；（日）落〈动1〉
沈める	[しずめる]		【しずめる】使下沉；使没落〈动2〉
沈殿	[ちんでん]		【ちんでん】沉淀〈名〉
沈没	[ちんぼつ]		【ちんぼつ】（船）沉没〈名〉
沈黙	[ちんもく]		【ちんもく】沉默〈名〉
沖	[おき]		【おき】海上；外海〈名〉
没収	[ぼっしゅう]		【ぼっしゅう】没收〈名〉
没落	[ぼつらく]		【ぼつらく】没落；衰败〈名〉
河	[かわ]		【かわ】河；河流〈名〉
河川	[かせん]		【かせん】河流〈名〉
沸かす	[わかす]		【わかす】把（水）烧开；使沸腾〈动1〉
沸く	[わく]		【わく】（水）烧开；沸腾；（会场）沸腾〈动1〉
沸騰	[ふっとう]		【ふっとう】沸腾〈名〉
油	[あぶら]		【あぶら】油〈名〉
油断	[ゆだん]		【ゆだん】疏忽；大意〈名〉
油絵	[あぶらえ]		【あぶらえ】油画〈名〉
治す	[なおす]		【なおす】治疗；改正〈动1〉
治まる	[おさまる]		【おさまる】平息；（国家）治理得好〈动1〉
治める	[おさめる]		【おさめる】治理；管理〈动2〉
治る	[なおる]		【なおる】（病）痊愈；（伤）愈合〈动1〉
治安	[ちあん]		【ちあん】治安〈名〉
治療	[ちりょう]		【ちりょう】治疗〈名〉
沼	[ぬま]		【ぬま】沼泽；池塘〈名〉
沿い	[ぞい]		【ぞい】沿着…（的街道）〈接尾〉
沿う	[そう]		【そう】沿着；遵从〈动1〉
沿岸	[えんがん]		【えんがん】沿岸〈名〉
沿線	[えんせん]		【えんせん】沿（铁路）线〈名〉
泉	[いずみ]		【いずみ】泉水；泉〈名〉
泊	[はく]		【はく】（量）宿（住一夜）〈量〉
泊まる	[とまる]		【とまる】住宿；投宿〈动1〉
泊める	[とめる]		【とめる】留（人）住宿〈动2〉
法	[ほう]		【ほう】法律；（～法）方法、法则〈名〉
法則	[ほうそく]		【ほうそく】法则；定律〈名〉
法学	[ほうがく]		【ほうがく】法学；法律学〈名〉
法廷	[ほうてい]		【ほうてい】法庭〈名〉
法律	[ほうりつ]		【ほうりつ】法律〈名〉
法案	[ほうあん]		【ほうあん】法案〈名〉
泡	[あわ]		【あわ】泡沫；气泡〈名〉
波	[なみ]		【なみ】波浪；（波浪）波〈名〉
泣く	[なく]		【なく】哭；哭泣〈动1〉
泥	[どろ]		【どろ】泥；泥巴〈名〉
泥棒	[どろぼう]		【どろぼう】小偷；盗贼〈名〉
注	[ちゅう]		【ちゅう】注释；注解〈名〉
注ぐ	[そそぐ]		【そそぐ】注入；倒入；（光）照射〈动1〉
注す	[さす]		【さす】倒（酒）；斟〈动1〉
注射	[ちゅうしゃ]		【ちゅうしゃ】注射；打针〈名〉
注意	[ちゅうい]		【ちゅうい】注意；小心；提醒〈名〉
注文	[ちゅうもん]		【ちゅうもん】订货；点菜；（意见）要求〈名〉
注目	[ちゅうもく]		【ちゅうもく】注目；注视〈名〉
泳ぎ	[およぎ]		【およぎ】游泳（方式）〈名〉
泳ぎ方	[およぎかた]		【およぎかた】游泳方法；泳姿〈名〉
泳ぐ	[およぐ]		【およぐ】游泳〈动1〉
洋品店	[ようひんてん]		【ようひんてん】服装（百货）店〈名〉
洋服	[ようふく]		【ようふく】西服；（西式）服装〈名〉
洋風	[ようふう]		【ようふう】西式；洋式〈名〉
洒落	[しゃれ]		【しゃれ】俏皮话；双关语；（人）时髦〈名〉
洗う	[あらう]		【あらう】洗；洗涤；调查（彻底查）〈动1〉
洗剤	[せんざい]		【せんざい】洗涤剂〈名〉
洗濯	[せんたく]		【せんたく】洗衣服；洗涤〈名〉
津波	[つなみ]		【つなみ】海啸〈名〉
洪水	[こうずい]		【こうずい】洪水〈名〉
活ける	[いける]		【いける】插（花）；使生存〈动2〉
活力	[かつりょく]		【かつりょく】活力〈名〉
活動	[かつどう]		【かつどう】活动〈名〉
活字	[かつじ]		【かつじ】活字；铅字〈名〉
活気	[かっき]		【かっき】活力；生气〈名〉
活用	[かつよう]		【かつよう】活用；（语法）活用〈名〉
活発	[かっぱつ]		【かっぱつ】活泼；活跃〈ナ形〉
活躍	[かつやく]		【かつやく】活跃〈名〉
派	[は]		【は】派；流派；（接尾）…派〈名〉
派手	[はで]		【はで】艳丽；花哨；（行为）张扬〈ナ形〉
派遣	[はけん]		【はけん】派遣〈名〉
流	[りゅう]		【りゅう】流派；（接尾）…流〈名〉
流し	[ながし]		【ながし】洗漱池；（出租车）流动揽客〈名〉
流す	[ながす]		【ながす】冲走；（音乐）播放；（出租车）兜客〈动1〉
流れ	[ながれ]		【ながれ】水流；流动；趋势〈名〉
流れる	[ながれる]		【ながれる】流；（时间）流逝；（音乐）播放〈动2〉
流域	[りゅういき]		【りゅういき】流域〈名〉
流石	[さすが]		【さすが】不愧是；（接否定）即便是也〈副〉
流行	[りゅうこう]		【りゅうこう】流行；时尚〈名〉
流行る	[はやる]		【はやる】流行；（生意）兴旺〈动1〉
流通	[りゅうつう]		【りゅうつう】流通；分销〈名〉
浅い	[あさい]		【あさい】浅的；（经验）浅薄的〈イ形〉
浅ましい	[あさましい]		【あさましい】可鄙的；悲惨的〈イ形〉
浜	[はま]		【はま】海滨；沙滩〈名〉
浜辺	[はまべ]		【はまべ】海边；湖滨〈名〉
浪費	[ろうひ]		【ろうひ】浪费〈名〉
浮かぶ	[うかぶ]		【うかぶ】漂浮；浮现；想起〈动1〉
浮かべる	[うかべる]		【うかべる】使浮起；（脸）现出〈动2〉
浮く	[うく]		【うく】浮起；（齿）松动；格格不入〈动1〉
浮力	[ふりょく]		【ふりょく】浮力〈名〉
浮気	[うわき]		【うわき】（感情）不专一；外遇〈名〉
浴びる	[あびる]		【あびる】淋；晒；蒙受（批评）〈动2〉
浴室	[よくしつ]		【よくしつ】浴室〈名〉
浴衣	[ゆかた]		【ゆかた】浴衣；夏季单衣〈名〉
海	[うみ]		【うみ】海；大海〈名〉
海外	[かいがい]		【かいがい】海外；国外〈名〉
海岸	[かいがん]		【かいがん】海岸；海滨〈名〉
海峡	[かいきょう]		【かいきょう】海峡〈名〉
海抜	[かいばつ]		【かいばつ】海拔〈名〉
海水浴	[かいすいよく]		【かいすいよく】海水浴〈名〉
海洋	[かいよう]		【かいよう】海洋〈名〉
海流	[かいりゅう]		【かいりゅう】海流；洋流〈名〉
海路	[かいろ]		【かいろ】海路；航线〈名〉
海運	[かいうん]		【かいうん】海运；航运〈名〉
浸ける	[つける]		【つける】浸泡〈动2〉
浸す	[ひたす]		【ひたす】浸；泡〈动1〉
消える	[きえる]		【きえる】消失；（火、灯）熄灭〈动2〉
消しゴム	[けしゴム]		【けしゴム】橡皮〈名〉
消す	[けす]		【けす】关掉（电源等）；擦掉；抹去〈动1〉
消化	[しょうか]		【しょうか】消化；（内容）理解〈名〉
消去	[しょうきょ]		【しょうきょ】消去；消除〈名〉
消息	[しょうそく]		【しょうそく】消息；音信〈名〉
消極的	[しょうきょくてき]		【しょうきょくてき】消极的〈ナ形〉
消毒	[しょうどく]		【しょうどく】消毒〈名〉
消耗	[しょうもう]		【しょうもう】消耗〈名〉
消費	[しょうひ]		【しょうひ】消费〈名〉
消防	[しょうぼう]		【しょうぼう】消防；消防队〈名〉
消防署	[しょうぼうしょ]		【しょうぼうしょ】消防站；消防队〈名〉
涙	[なみだ]		【なみだ】眼泪〈名〉
液	[えき]		【えき】液；液体〈名〉
液体	[えきたい]		【えきたい】液体〈名〉
涸れる	[かれる]		【かれる】干涸；（心）枯竭〈动2〉
涼しい	[すずしい]		【すずしい】凉爽的；凉快的〈イ形〉
涼む	[すずむ]		【すずむ】乘凉；纳凉〈动1〉
淡水	[たんすい]		【たんすい】淡水〈名〉
深い	[ふかい]		【ふかい】深的；（程度）深；（关系）深〈イ形〉
深まる	[ふかまる]		【ふかまる】加深〈动1〉
深める	[ふかめる]		【ふかめる】加深；加强〈动2〉
深刻	[しんこく]		【しんこく】严重；深刻〈ナ形〉
深夜	[しんや]		【しんや】深夜〈名〉
混ざる	[まざる]		【まざる】掺杂；混入〈动1〉
混じる	[まじる]		【まじる】夹杂；混〈动1〉
混ぜる	[まぜる]		【まぜる】混合；搅拌〈动2〉
混む	[こむ]		【こむ】拥挤〈动1〉
混乱	[こんらん]		【こんらん】混乱〈名〉
混合	[こんごう]		【こんごう】混合；混合物〈名〉
混同	[こんどう]		【こんどう】混同；混淆〈名〉
混血	[こんけつ]		【こんけつ】混血〈名〉
混雑	[こんざつ]		【こんざつ】拥挤；混乱〈名〉
添う	[そう]		【そう】相伴；（愿）相伴〈动1〉
添える	[そえる]		【そえる】添上；附上〈动2〉
清々しい	[すがすがしい]		【すがすがしい】清爽；清新〈イ形〉
清い	[きよい]		【きよい】清澈；纯洁〈イ形〉
清らか	[きよらか]		【きよらか】清澈；纯洁〈ナ形〉
清掃	[せいそう]		【せいそう】清扫〈名〉
清書	[せいしょ]		【せいしょ】誊写；清稿〈名〉
清潔	[せいけつ]		【せいけつ】清洁；干净〈ナ形〉
清濁	[せいだく]		【せいだく】清浊；（与人）善恶〈名〉
清算	[せいさん]		【せいさん】清算；（关系）了断〈名〉
清純	[せいじゅん]		【せいじゅん】清纯〈ナ形〉
渇く	[かわく]		【かわく】口渴；渴望〈动1〉
済ます	[すます]		【すます】做完；对付〈动1〉
済ませる	[すませる]		【すませる】做完；办完〈动2〉
済まない	[すまない]		【すまない】对不起；过意不去〈イ形〉
済みません	[すみません]		【すみません】对不起；劳驾〈感〉
済む	[すむ]		【すむ】完成；结束；（事）了结〈动1〉
渋い	[しぶい]		【しぶい】涩；（人）素朴；（脸）阴沉〈イ形〉
渋滞	[じゅうたい]		【じゅうたい】停滞；堵塞（交通）；进展不畅〈名〉
減らす	[へらす]		【へらす】减少；削减〈动1〉
減る	[へる]		【へる】减少；（体重）减轻〈动1〉
減少	[げんしょう]		【げんしょう】减少〈名〉
減点	[げんてん]		【げんてん】减分〈名〉
渡す	[わたす]		【わたす】递给；交给；渡过（对岸）〈动1〉
渡り鳥	[わたりどり]		【わたりどり】候鸟〈名〉
渡る	[わたる]		【わたる】过（河、马路）；渡过〈动1〉
渦	[うず]		【うず】涡；漩涡〈名〉
温い	[ぬるい]		【ぬるい】温的；不烫的；（态度）不严格〈イ形〉
温和	[おんわ]		【おんわ】温和〈ナ形〉
温室	[おんしつ]		【おんしつ】温室〈名〉
温帯	[おんたい]		【おんたい】温带〈名〉
温度	[おんど]		【おんど】温度〈名〉
温暖	[おんだん]		【おんだん】温暖〈ナ形〉
温泉	[おんせん]		【おんせん】温泉〈名〉
測る	[はかる]		【はかる】测；测量〈动1〉
測定	[そくてい]		【そくてい】测定；测量〈名〉
測量	[そくりょう]		【そくりょう】测量；测绘〈名〉
港	[みなと]		【みなと】港口；码头〈名〉
湖	[みずうみ]		【みずうみ】湖；湖泊〈名〉
湧く	[わく]		【わく】涌出；（情绪）涌起〈动1〉
湯	[ゆ]		【ゆ】热水；洗澡水；温泉〈名〉
湯気	[ゆげ]		【ゆげ】蒸汽；热气〈名〉
湯飲み	[ゆのみ]		【ゆのみ】茶碗；茶杯〈名〉
湾	[わん]		【わん】湾；海湾〈名〉
湿る	[しめる]		【しめる】受潮；湿润〈动1〉
湿度	[しつど]		【しつど】湿度〈名〉
湿気	[しっけ]		【しっけ】湿气〈名〉
湿気る	[しける]		【しける】返潮；发潮〈动1〉
満たす	[みたす]		【みたす】充满；满足（要求）〈动1〉
満ちる	[みちる]		【みちる】充满；（潮）涨；（期限）届满〈动2〉
満員	[まんいん]		【まんいん】满员；客满〈名〉
満場	[まんじょう]		【まんじょう】满场；全场〈名〉
満月	[まんげつ]		【まんげつ】满月〈名〉
満点	[まんてん]		【まんてん】满分〈名〉
満足	[まんぞく]		【まんぞく】满足；满意〈名〉
源	[みなもと]		【みなもと】源泉；来源；水源〈名〉
準じる	[じゅんじる]		【じゅんじる】按照；以……为准〈动2〉
準ずる	[じゅんずる]		【じゅんずる】按照（準じる的汉字语）〈动3〉
準備	[じゅんびする]		【じゅんびする】准备〈动3〉
準急	[じゅんきゅう]		【じゅんきゅう】准急（列车）〈名〉
溜まり	[たまり]		【たまり】积存处；（事务）积压〈名〉
溜まる	[たまる]		【たまる】积攒；（压力）积压〈动1〉
溜める	[ためる]		【ためる】积攒；储存〈动2〉
溜息	[ためいき]		【ためいき】叹气〈名〉
溝	[みぞ]		【みぞ】沟；水渠；隔阂〈名〉
溢れる	[あふれる]		【あふれる】溢出；（人）满怀〈动2〉
溶かす	[とかす]		【とかす】熔化；溶解〈动1〉
溶く	[とく]		【とく】调开；溶开〈动1〉
溶ける	[とける]		【とける】融化；溶解〈动2〉
溶け込む	[とけこむ]		【とけこむ】融入〈动1〉
溶岩	[ようがん]		【ようがん】熔岩〈名〉
溶液	[ようえき]		【ようえき】溶液〈名〉
溺れる	[おぼれる]		【おぼれる】溺水；沉迷〈动2〉
滅びる	[ほろびる]		【ほろびる】灭亡〈动2〉
滅ぼす	[ほろぼす]		【ほろぼす】使灭亡〈动1〉
滅亡	[めつぼう]		【めつぼう】灭亡〈名〉
滅多に	[めったに]		【めったに】很少（接否定）〈副〉
滅茶苦茶	[めちゃくちゃ]		【めちゃくちゃ】乱七八糟；毫无道理〈ナ形〉
滑らか	[なめらか]		【なめらか】光滑；（说）流利〈ナ形〉
滑る	[すべる]		【すべる】滑；滑倒；（成绩）下滑〈动1〉
滑稽	[こっけい]		【こっけい】滑稽；可笑〈ナ形〉
滝	[たき]		【たき】瀑布〈名〉
滞る	[とどこおる]		【とどこおる】拖欠；（进展）停滞〈动1〉
滞在	[たいざい]		【たいざい】逗留；停留〈名〉
滞納	[たいのう]		【たいのう】拖欠〈名〉
滲む	[にじむ]		【にじむ】渗；（字）模糊〈动1〉
漁師	[りょうし]		【りょうし】渔夫〈名〉
漁村	[ぎょそん]		【ぎょそん】渔村〈名〉
漁業	[ぎょぎょう]		【ぎょぎょう】渔业〈名〉
漁船	[ぎょせん]		【ぎょせん】渔船〈名〉
漂う	[ただよう]		【ただよう】漂；（香味）飘〈动1〉
漏らす	[もらす]		【もらす】漏；泄露（秘密）〈动1〉
漏る	[もる]		【もる】漏〈动1〉
漏れる	[もれる]		【もれる】漏出；（信息）走漏〈动2〉
演じる	[えんじる]		【えんじる】演（角色）；扮演〈动2〉
演ずる	[えんずる]		【えんずる】演（演じる的书面语）〈动3〉
演出	[えんしゅつ]		【えんしゅつ】演出；（舞台）导演〈名〉
演劇	[えんげき]		【えんげき】戏剧；话剧〈名〉
演奏	[えんそう]		【えんそう】演奏〈名〉
演技	[えんぎ]		【えんぎ】演技；表演〈名〉
演習	[えんしゅう]		【えんしゅう】演习；（军事）练习〈名〉
演説	[えんぜつ]		【えんぜつ】演讲；演说〈名〉
漕ぐ	[こぐ]		【こぐ】划（船）；蹬（车）〈动1〉
漠然	[ばくぜん]		【ばくぜん】含糊；不明确〈ナ形〉
漢和	[かんわ]		【かんわ】汉和（汉字-日语）〈名〉
漢字	[かんじ]		【かんじ】汉字〈名〉
漢語	[かんご]		【かんご】汉语词；汉语（词）〈名〉
漫画	[まんが]		【まんが】漫画〈名〉
漬ける	[つける]		【つける】腌；泡；浸（渍物）〈动2〉
漸く	[ようやく]		【ようやく】好不容易；渐渐〈副〉
潜る	[もぐる]		【もぐる】钻；（水中）潜；逃（票）〈动1〉
潜入	[せんにゅう]		【せんにゅう】潜入〈名〉
潜水	[せんすい]		【せんすい】潜水〈名〉
潤う	[うるおう]		【うるおう】湿润；（资金）充足〈动1〉
潮	[しお]		【しお】潮；海潮〈名〉
潰す	[つぶす]		【つぶす】弄碎；（店）关；（时间）消磨〈动1〉
潰れる	[つぶれる]		【つぶれる】垮；（店）倒闭；（气泡）破〈动2〉
澄ます	[すます]		【すます】澄清；（神色）装作〈动1〉
澄む	[すむ]		【すむ】清澈；（空气）清新；（心）平静〈动1〉
激しい	[はげしい]		【はげしい】激烈的；剧烈的〈イ形〉
激励	[げきれい]		【げきれい】激励〈名〉
激増	[げきぞう]		【げきぞう】激增〈名〉
濁る	[にごる]		【にごる】浑浊；（声音）含糊〈动1〉
濃い	[こい]		【こい】（颜色）深；（酒）浓；（雾）浓〈イ形〉
濃度	[のうど]		【のうど】浓度〈名〉
濠	[ほり]		【ほり】护城河；壕沟〈名〉
濡らす	[ぬらす]		【ぬらす】弄湿〈动1〉
濡れる	[ぬれる]		【ぬれる】淋湿；濡湿〈动2〉
濫用	[らんよう]		【らんよう】滥用〈名〉
濯ぐ	[すすぐ]		【すすぐ】涮洗；漱〈动1〉
瀬戸物	[せともの]		【せともの】陶瓷器〈名〉
火	[ひ]		【ひ】火；火苗〈名〉
火事	[かじ]		【かじ】火灾〈名〉
火傷	[やけど]		【やけど】烧伤；烫伤〈名〉
火口	[かこう]		【かこう】火山口〈名〉
火山	[かざん]		【かざん】火山〈名〉
火星	[かせい]		【かせい】火星〈名〉
火曜	[かよう]		【かよう】星期二〈名〉
火曜日	[かようび]		【かようび】星期二〈名〉
火災	[かさい]		【かさい】火灾〈名〉
火燵	[こたつ]		【こたつ】（被炉）暖桌〈名〉
火花	[ひばな]		【ひばな】火花；（谈判）火药味〈名〉
灯	[ひ]		【ひ】灯火；灯光〈名〉
灯台	[とうだい]		【とうだい】灯塔〈名〉
灯油	[とうゆ]		【とうゆ】灯油；煤油〈名〉
灰	[はい]		【はい】灰；灰烬〈名〉
灰皿	[はいざら]		【はいざら】烟灰缸〈名〉
灰色	[はいいろ]		【はいいろ】灰色〈名〉
災害	[さいがい]		【さいがい】灾害〈名〉
災難	[さいなん]		【さいなん】灾难〈名〉
炊く	[たく]		【たく】煮（饭）〈动1〉
炊事	[すいじ]		【すいじ】做饭；炊事〈名〉
炎	[ほのお]		【ほのお】火焰；火苗〈名〉
炒める	[いためる]		【いためる】炒；（金属）加热〈动2〉
炙る	[あぶる]		【あぶる】烤；烘〈动1〉
炭素	[たんそ]		【たんそ】碳〈名〉
炭鉱	[たんこう]		【たんこう】煤矿〈名〉
点	[てん]		【てん】分；分数；点〈名〉
点々	[てんてん]		【てんてん】点点；零零散散〈副〉
点く	[つく]		【つく】（灯）亮；（火）点着〈动1〉
点ける	[つける]		【つける】点（灯）；开（灯）〈动2〉
点数	[てんすう]		【てんすう】分数；得分〈名〉
点検	[てんけん]		【てんけん】检查〈名〉
点火	[てんか]		【てんか】点火〈名〉
点線	[てんせん]		【てんせん】虚线〈名〉
為	[ため]		【ため】为了；因为；好处〈名〉
為さる	[なさる]		【なさる】做（する的尊敬语）〈动1〉
為す	[なす]		【なす】做；为〈动1〉
為る	[する]		【する】做（する的汉字写法）〈动3〉
為替	[かわせ]		【かわせ】汇兑；（邮）汇〈名〉
為来り	[しきたり]		【しきたり】惯例；常规〈名〉
焚く	[たく]		【たく】焚（火）；烧〈动1〉
焚火	[たきび]		【たきび】篝火〈名〉
無	[ぶ]		【ぶ】无；没有（接头词）〈接头〉
無くす	[なくす]		【なくす】丢失；弄丢；丧失〈动1〉
無くなる	[なくなる]		【なくなる】没有了；丢失；用完〈动1〉
無し	[なし]		【なし】没有；无〈名〉
無事	[ぶじ]		【ぶじ】平安无事；顺利〈ナ形〉
無効	[むこう]		【むこう】无效〈名〉
無口	[むくち]		【むくち】寡言〈ナ形〉
無地	[むじ]		【むじ】素色；纯色〈名〉
無念	[むねん]		【むねん】懊悔；（不甘心）〈ナ形〉
無意味	[むいみ]		【むいみ】无意义〈ナ形〉
無数	[むすう]		【むすう】无数〈名〉
無料	[むりょう]		【むりょう】免费〈ナ形〉
無断	[むだん]		【むだん】擅自（無断転載）〈名〉
無沙汰	[ぶさた]		【ぶさた】久疏问候〈名〉
無理	[むり]		【むり】无理；勉强；不可能〈ナ形〉
無用	[むよう]		【むよう】无用；（人）不要紧〈ナ形〉
無知	[むち]		【むち】无知〈ナ形〉
無礼	[ぶれい]		【ぶれい】无礼〈ナ形〉
無線	[むせん]		【むせん】无线；（对讲）机〈名〉
無能	[むのう]		【むのう】无能〈ナ形〉
無茶	[むちゃ]		【むちゃ】胡来；（价格）离谱〈ナ形〉
無茶苦茶	[むちゃくちゃ]		【むちゃくちゃ】乱七八糟〈ナ形〉
無視	[むし]		【むし】无视；忽视〈名〉
無言	[むごん]		【むごん】无言；沉默〈名〉
無論	[むろん]		【むろん】当然；不用说；自不必说〈副〉
無邪気	[むじゃき]		【むじゃき】天真〈ナ形〉
無闇に	[むやみに]		【むやみに】随便；胡乱〈副〉
無限	[むげん]		【むげん】无限〈名〉
無難	[ぶなん]		【ぶなん】无灾无难；（人）稳妥〈ナ形〉
無駄	[むだ]		【むだ】无用；浪费〈ナ形〉
無駄遣い	[むだづかい]		【むだづかい】浪费（钱）〈名〉
焦がす	[こがす]		【こがす】烧焦；（心）思恋〈动1〉
焦げる	[こげる]		【こげる】烧焦〈动2〉
焦げ茶	[こげちゃ]		【こげちゃ】深茶色〈名〉
焦る	[あせる]		【あせる】急躁〈动1〉
焦点	[しょうてん]		【しょうてん】焦点〈名〉
然うして	[そうして]		【そうして】然后；那样（=そうして）〈接〉
然し	[しかし]		【しかし】但是（=しかし）〈接〉
然して	[そして]		【そして】然后（=そして）〈接〉
然しながら	[しかしながら]		【しかしながら】然而（=しかしながら）〈接〉
然も	[さも]		【さも】俨然；仿佛；而且；然而〈副〉
焼く	[やく]		【やく】烤；烧；加热〈动1〉
焼ける	[やける]		【やける】烤好；（东西）烧焦；（皮肤）晒黑〈动2〉
煉瓦	[れんが]		【れんが】砖〈名〉
煌々と	[こうこうと]		【こうこうと】亮堂堂〈副〉
煌びやか	[きらびやか]		【きらびやか】金碧辉煌〈ナ形〉
煎る	[いる]		【いる】炒；焙炒〈动1〉
煙	[けむり]		【けむり】烟；烟雾〈名〉
煙い	[けむい]		【けむい】呛人的；烟熏〈イ形〉
煙たい	[けむたい]		【けむたい】呛人；（人）难相处〈イ形〉
煙る	[けむる]		【けむる】冒烟；（雨雾中）朦胧〈动1〉
煙突	[えんとつ]		【えんとつ】烟囱〈名〉
煙草	[たばこ]		【たばこ】香烟；烟〈名〉
照らす	[てらす]		【てらす】照；对照〈动1〉
照り返す	[てりかえす]		【てりかえす】反射（光）〈动1〉
照る	[てる]		【てる】照耀；（天）晴〈动1〉
照合	[しょうごう]		【しょうごう】对照；核对〈名〉
照明	[しょうめい]		【しょうめい】照明〈名〉
煩い	[うるさい]		【うるさい】吵闹的；烦人的；（催促）快〈イ形〉
煩わしい	[わずらわしい]		【わずらわしい】烦琐；缠人〈イ形〉
煮える	[にえる]		【にえる】煮熟〈动2〉
煮る	[にる]		【にる】炖；煮〈动2〉
煽てる	[おだてる]		【おだてる】捧；怂恿〈动2〉
熟語	[じゅくご]		【じゅくご】熟语；复合词〈名〉
熱	[ねつ]		【ねつ】热；热度；发烧〈名〉
熱い	[あつい]		【あつい】（物体、气温）烫；热；（感情）热烈〈イ形〉
熱する	[ねっする]		【ねっする】加热〈动3〉
熱中	[ねっちゅう]		【ねっちゅう】热衷；着迷〈名〉
熱帯	[ねったい]		【ねったい】热带〈名〉
熱心	[ねっしん]		【ねっしん】热心；热情〈ナ形〉
熱意	[ねつい]		【ねつい】热情〈名〉
熱湯	[ねっとう]		【ねっとう】开水〈名〉
熱量	[ねつりょう]		【ねつりょう】热量〈名〉
燃える	[もえる]		【もえる】燃烧；（情绪）高涨〈动2〉
燃やす	[もやす]		【もやす】烧；燃烧〈动1〉
燃料	[ねんりょう]		【ねんりょう】燃料〈名〉
燃焼	[ねんしょう]		【ねんしょう】燃烧〈名〉
爆弾	[ばくだん]		【ばくだん】炸弹〈名〉
爆発	[ばくはつ]		【ばくはつ】爆炸；（情绪）爆发〈名〉
爆破	[ばくは]		【ばくは】爆破〈名〉
爪	[つめ]		【つめ】指甲；（兽）爪〈名〉
父母	[ふぼ]		【ふぼ】父母〈名〉
父親	[ちちおや]		【ちちおや】父亲；爸爸〈名〉
爽やか	[さわやか]		【さわやか】清爽；爽朗〈ナ形〉
片付く	[かたづく]		【かたづく】收拾好；（问题）解决〈动1〉
片付け	[かたづけ]		【かたづけ】收拾；整理〈名〉
片付ける	[かたづける]		【かたづける】收拾；整理；解决〈动2〉
片仮名	[かたかな]		【かたかな】片假名〈名〉
片寄る	[かたよる]		【かたよる】偏；（意见）偏颇〈动1〉
片思い	[かたおもい]		【かたおもい】单恋〈名〉
片言	[かたこと]		【かたこと】片言；（婴儿）发音不清〈名〉
片道	[かたみち]		【かたみち】单程〈名〉
版	[はん]		【はん】版；版次〈名〉
版画	[はんが]		【はんが】版画〈名〉
牛	[うし]		【うし】牛〈名〉
牛乳	[ぎゅうにゅう]		【ぎゅうにゅう】牛奶〈名〉
牛肉	[ぎゅうにく]		【ぎゅうにく】牛肉〈名〉
牧場	[ぼくじょう]		【ぼくじょう】牧场〈名〉
牧師	[ぼくし]		【ぼくし】牧师〈名〉
牧畜	[ぼくちく]		【ぼくちく】畜牧〈名〉
物	[もの]		【もの】东西；物品；事物〈名〉
物事	[ものごと]		【ものごと】事物；事情〈名〉
物体	[ぶったい]		【ぶったい】物体〈名〉
物体ない	[もったいない]		【もったいない】可惜的；浪费的〈イ形〉
物価	[ぶっか]		【ぶっか】物价〈名〉
物凄い	[ものすごい]		【ものすごい】惊人的；厉害的〈イ形〉
物好き	[ものずき]		【ものずき】好奇；爱猎奇〈名〉
物差し	[ものさし]		【ものさし】尺子；（衡量）标准〈名〉
物理	[ぶつり]		【ぶつり】物理；物理学〈名〉
物置	[ものおき]		【ものおき】储藏室〈名〉
物置き	[ものおき]		【ものおき】储藏室〈名〉
物語	[ものがたり]		【ものがたり】故事；传说〈名〉
物語る	[ものがたる]		【ものがたる】讲述；表明〈动1〉
物議	[ぶつぎ]		【ぶつぎ】物议（物議を醸す）〈名〉
物資	[ぶっし]		【ぶっし】物资〈名〉
物質	[ぶっしつ]		【ぶっしつ】物质〈名〉
物足りない	[ものたりない]		【ものたりない】不够；（意）不足〈イ形〉
物音	[ものおと]		【ものおと】响声；（异常）动静〈名〉
物騒	[ぶっそう]		【ぶっそう】不安宁；（世道）乱〈ナ形〉
特に	[とくに]		【とくに】特别；尤其〈副〉
特別	[とくべつ]		【とくべつ】特别；特殊〈ナ形〉
特売	[とくばい]		【とくばい】特卖〈名〉
特定	[とくてい]		【とくてい】特定〈名〉
特徴	[とくちょう]		【とくちょう】特征；特点〈名〉
特急	[とっきゅう]		【とっきゅう】特快列车〈名〉
特技	[とくぎ]		【とくぎ】特长〈名〉
特有	[とくゆう]		【とくゆう】特有〈ナ形〉
特権	[とっけん]		【とっけん】特权〈名〉
特殊	[とくしゅ]		【とくしゅ】特殊〈ナ形〉
特派	[とくは]		【とくは】特派（记者）〈名〉
特産	[とくさん]		【とくさん】特产〈名〉
特色	[とくしょく]		【とくしょく】特色〈名〉
特許	[とっきょ]		【とっきょ】专利〈名〉
特長	[とくちょう]		【とくちょう】特长〈名〉
特集	[とくしゅう]		【とくしゅう】特辑；专题〈名〉
犠牲	[ぎせい]		【ぎせい】牺牲〈名〉
犬	[いぬ]		【いぬ】狗〈名〉
犯す	[おかす]		【おかす】犯（错）；侵犯〈动1〉
犯人	[はんにん]		【はんにん】犯人；凶手〈名〉
犯罪	[はんざい]		【はんざい】犯罪〈名〉
状	[じょう]		【じょう】（接尾）状〈接尾〉
状態	[じょうたい]		【じょうたい】状态；情形〈名〉
状況	[じょうきょう]		【じょうきょう】状况；形势〈名〉
狂う	[くるう]		【くるう】发疯；（计划）打乱；（钟表）不准〈动1〉
狙い	[ねらい]		【ねらい】瞄准；目的〈名〉
狙う	[ねらう]		【ねらう】瞄准；企图〈动1〉
狡い	[ずるい]		【ずるい】狡猾；奸诈〈イ形〉
独り	[ひとり]		【ひとり】独自；一个人〈名〉
独り言	[ひとりごと]		【ひとりごと】自言自语〈名〉
独創	[どくそう]		【どくそう】独创〈名〉
独占	[どくせん]		【どくせん】垄断；独占〈名〉
独特	[どくとく]		【どくとく】独特〈ナ形〉
独立	[どくりつ]		【どくりつ】独立；自立〈名〉
独自	[どくじ]		【どくじ】独自〈ナ形〉
独裁	[どくさい]		【どくさい】独裁〈名〉
独身	[どくしん]		【どくしん】独身；单身〈名〉
狭い	[せまい]		【せまい】狭窄的；（心胸）狭隘〈イ形〉
猛烈	[もうれつ]		【もうれつ】猛烈〈ナ形〉
猫	[ねこ]		【ねこ】猫〈名〉
献立	[こんだて]		【こんだて】菜单；（活动、会议的）日程安排〈名〉
猿	[さる]		【さる】猴子〈名〉
獣	[けだもの]		【けだもの】兽；野兽〈名〉
獲得	[かくとく]		【かくとく】获得；取得〈名〉
獲物	[えもの]		【えもの】猎物；（运动）战利品〈名〉
玄人	[くろうと]		【くろうと】内行；老手〈名〉
玄関	[げんかん]		【げんかん】玄关；门口；正门〈名〉
率	[りつ]		【りつ】比率；率（概率）〈名〉
率いる	[ひきいる]		【ひきいる】率领〈动2〉
率直	[そっちょく]		【そっちょく】坦率〈ナ形〉
玉	[たま]		【たま】球；珠；硬币〈名〉
王	[おう]		【おう】王；国王〈名〉
王女	[おうじょ]		公主；王的女儿〈名〉
王子	[おうじ]		【おうじ】王子〈名〉
王様	[おうさま]		【おうさま】国王〈名〉
玩具	[おもちゃ]		【おもちゃ】玩具〈名〉
珍しい	[めずらしい]		【めずらしい】珍奇的；少见的；新颖的〈イ形〉
班	[はん]		【はん】班；组〈名〉
現す	[あらわす]		【あらわす】表现；显示；表明〈动1〉
現に	[げんに]		【げんに】实际上；确实〈副〉
現れ	[あらわれ]		【あらわれ】表现；象征〈名〉
現れる	[あらわれる]		【あらわれる】出现；显露〈动2〉
現われ	[あらわれ]		【あらわれ】表现；显现〈名〉
現われる	[あらわれる]		【あらわれる】出现〈动2〉
現代	[げんだい]		【げんだい】现代；当代〈名〉
現像	[げんぞう]		【げんぞう】（胶卷）显影〈名〉
現在	[げんざい]		【げんざい】现在；目前〈名〉
現地	[げんち]		【げんち】当地；现场〈名〉
現場	[げんば]		【げんば】现场；（工作）现场〈名〉
現実	[げんじつ]		【げんじつ】现实〈名〉
現状	[げんじょう]		【げんじょう】现状〈名〉
現行	[げんこう]		【げんこう】现行〈名〉
現象	[げんしょう]		【げんしょう】现象〈名〉
現金	[げんきん]		【げんきん】现金；现款；（态度）势利〈名〉
球	[きゅう]		【きゅう】球；球体〈名〉
球根	[きゅうこん]		【きゅうこん】球根（花卉）〈名〉
理屈	[りくつ]		【りくつ】道理；（歪）理〈名〉
理性	[りせい]		【りせい】理性〈名〉
理想	[りそう]		【りそう】理想〈名〉
理由	[りゆう]		【りゆう】理由；缘故〈名〉
理科	[りか]		【りか】理科〈名〉
理解	[りかい]		【りかい】理解；了解〈名〉
理論	[りろん]		【りろん】理论〈名〉
琴	[こと]		【こと】筝；古琴〈名〉
環境	[かんきょう]		【かんきょう】环境〈名〉
瓦	[かわら]		【かわら】瓦；瓦片〈名〉
瓶	[びん]		【びん】瓶子〈名〉
瓶詰	[びんづめ]		【びんづめ】瓶装〈名〉
甘い	[あまい]		【あまい】甜的；（人）宽容；（想法）天真〈イ形〉
甘える	[あまえる]		【あまえる】撒娇；（人）得寸进尺〈动2〉
甘やかす	[あまやかす]		【あまやかす】溺爱；娇惯〈动1〉
甘口	[あまくち]		【あまくち】甜口；（话）温和〈名〉
甚だ	[はなはだ]		【はなはだ】甚；非常〈副〉
甚だしい	[はなはだしい]		【はなはだしい】非常的；过分的〈イ形〉
生	[せい]		【せい】生；未加工；（生啤酒）鲜〈名〉
生える	[はえる]		【はえる】（毛发、植物）长出〈动2〉
生かす	[いかす]		【いかす】使活；（经验）活用〈动1〉
生きる	[いきる]		【いきる】活着；生存；生活〈动2〉
生き物	[いきもの]		【いきもの】生物；动物〈名〉
生き生き	[いきいき]		【いきいき】生气勃勃〈副〉
生け花	[いけばな]		【いけばな】插花（艺术）〈名〉
生じる	[しょうじる]		【しょうじる】产生；发生〈动2〉
生ずる	[しょうずる]		【しょうずる】产生；发生〈动3〉
生まれ	[うまれ]		【うまれ】出生；出生地〈名〉
生まれつき	[うまれつき]		【うまれつき】天生；生来〈副〉
生まれる	[うまれる]		【うまれる】出生；诞生；产生〈动2〉
生やす	[はやす]		【はやす】使长（胡子）；培育〈动1〉
生る	[なる]		【なる】结（果实）〈动1〉
生命	[せいめい]		【せいめい】生命〈名〉
生地	[きじ]		【きじ】布料；（面团）生坯；本性〈名〉
生存	[せいぞん]		【せいぞん】生存〈名〉
生年月日	[せいねんがっぴ]		【せいねんがっぴ】出生日期〈名〉
生徒	[せいと]		【せいと】学生（多指中学生）〈名〉
生意気	[なまいき]		【なまいき】狂妄；（小孩）逞强〈ナ形〉
生死	[せいし]		【せいし】生死〈名〉
生活	[せいかつ]		【せいかつ】生活〈名〉
生温い	[なまぬるい]		【なまぬるい】微温；（态度）不冷不热〈イ形〉
生物	[せいぶつ]		【せいぶつ】生物；生物体〈名〉
生理	[せいり]		【せいり】生理；月经〈名〉
生産	[せいさん]		【せいさん】生产〈名〉
生真面目	[きまじめ]		【きまじめ】过于认真；一丝不苟〈ナ形〉
生育	[せいいく]		【せいいく】生育；（植物）生长〈名〉
生臭い	[なまぐさい]		【なまぐさい】腥；（僧）不洁〈イ形〉
生計	[せいけい]		【せいけい】生计〈名〉
生身	[なまみ]		【なまみ】血肉之躯〈名〉
生長	[せいちょう]		【せいちょう】生长〈名〉
産む	[うむ]		【うむ】生（孩子）〈动1〉
産休	[さんきゅう]		【さんきゅう】产假〈名〉
産出	[さんしゅつ]		【さんしゅつ】出产〈名〉
産地	[さんち]		【さんち】产地〈名〉
産婦人科	[さんふじんか]		【さんふじんか】妇产科〈名〉
産後	[さんご]		【さんご】产后〈名〉
産業	[さんぎょう]		【さんぎょう】产业；工业〈名〉
産物	[さんぶつ]		【さんぶつ】产物；（地方）特产〈名〉
甥	[おい]		【おい】侄子；外甥〈名〉
用	[よう]		【よう】事情；用途（用がある：有事）〈名〉
用いる	[もちいる]		【もちいる】使用；采用；任用〈动2〉
用事	[ようじ]		【ようじ】要办的事；事情〈名〉
用件	[ようけん]		【ようけん】事情〈名〉
用品	[ようひん]		【ようひん】用品〈名〉
用心	[ようじん]		【ようじん】小心；注意；警惕〈名〉
用意	[ようい]		【ようい】准备；预备〈名〉
用法	[ようほう]		【ようほう】用法〈名〉
用紙	[ようし]		【ようし】（表）单〈名〉
用語	[ようご]		【ようご】用语；术语〈名〉
用途	[ようと]		【ようと】用途〈名〉
田	[た]		【た】水田；田地〈名〉
田んぼ	[たんぼ]		【たんぼ】水田；稻田〈名〉
田園	[でんえん]		【でんえん】田园〈名〉
田植え	[たうえ]		【たうえ】插秧〈名〉
田舎	[いなか]		【いなか】乡下；农村；老家〈名〉
甲	[きのえ]		【きのえ】甲；第一〈名〉
申し上げる	[もうしあげる]		【もうしあげる】说、讲（言う的自谦语）〈动2〉
申し入れる	[もうしいれる]		【もうしいれる】提出；提议〈动2〉
申し出る	[もうしでる]		【もうしでる】申报；（主动）提出〈动2〉
申し分	[もうしぶん]		【もうしぶん】缺点；（没有）可挑剔的〈名〉
申し訳	[もうしわけ]		【もうしわけ】辩解；歉意（申し訳ない：抱歉）〈名〉
申し訳ない	[もうしわけない]		【もうしわけない】十分抱歉〈惯〉
申し込み	[もうしこみ]		【もうしこみ】申请；报名〈名〉
申し込む	[もうしこむ]		【もうしこむ】申请；报名；提议〈动1〉
申す	[もうす]		【もうす】叫做；说（言う的自谦语）〈动1〉
申出	[もうしで]		【もうしで】申述；申报〈名〉
申告	[しんこく]		【しんこく】申报；报税〈名〉
申請	[しんせい]		【しんせい】申请〈名〉
男	[おとこ]		【おとこ】男人；男性〈名〉
男の人	[おとこのひと]		【おとこのひと】男人；男士〈名〉
男の子	[おとこのこ]		【おとこのこ】男孩；男孩子〈名〉
男子	[だんし]		【だんし】男子；男孩〈名〉
男性	[だんせい]		【だんせい】男性；男人〈名〉
町	[まち]		【まち】城镇；街道〈名〉
画	[かく]		【かく】画；一幅画；笔画〈名/量〉
画家	[がか]		【がか】画家〈名〉
画期	[かっき]		【かっき】划时代（画期的）〈名〉
畏まりました	[かしこまりました]		【かしこまりました】遵命〈感〉
畑	[はたけ]		【はたけ】田地；旱田；（专长）领域〈名〉
留まる	[とどまる]		【とどまる】停留；止于〈动2〉
留める	[とどめる]		【とどめる】停止；止住；留任；限定〈动2〉
留学	[りゅうがく]		【りゅうがく】留学〈名〉
留学生	[りゅうがくせい]		【りゅうがくせい】留学生〈名〉
留守	[るす]		【るす】不在家；外出〈名〉
留守番	[るすばん]		【るすばん】看家〈名〉
畜生	[ちくしょう]		【ちくしょう】畜生；（骂）该死〈名〉
畜産	[ちくさん]		【ちくさん】畜产〈名〉
略す	[りゃくす]		【りゃくす】省略；缩写〈动1〉
略奪	[りゃくだつ]		【りゃくだつ】掠夺〈名〉
略語	[りゃくご]		【りゃくご】略语；缩写〈名〉
番号	[ばんごう]		【ばんごう】号码；编号〈名〉
番地	[ばんち]		【ばんち】门牌号；街区号〈名〉
番目	[ばんめ]		【ばんめ】（接尾）第~个〈接尾〉
番組	[ばんぐみ]		【ばんぐみ】节目；电视节目〈名〉
異なる	[ことなる]		【ことなる】不同；相异〈动1〉
異動	[いどう]		【いどう】调动〈名〉
異常	[いじょう]		【いじょう】异常；反常〈ナ形〉
異性	[いせい]		【いせい】异性〈名〉
異見	[いけん]		【いけん】异议〈名〉
異論	[いろん]		【いろん】异议；不同意见〈名〉
異議	[いぎ]		【いぎ】异议〈名〉
畳	[たたみ]		【たたみ】榻榻米（草垫）〈名〉
畳む	[たたむ]		【たたむ】叠；收起；（店）关〈动1〉
疎か	[おろそか]		【おろそか】怠慢；马虎；疏忽〈ナ形〉
疑う	[うたがう]		【うたがう】怀疑；猜疑〈动1〉
疑問	[ぎもん]		【ぎもん】疑问〈名〉
疑惑	[ぎわく]		【ぎわく】疑惑〈名〉
疲れ	[つかれ]		【つかれ】疲劳；疲惫〈名〉
疲れる	[つかれる]		【つかれる】疲劳；累〈动2〉
疲労	[ひろう]		【ひろう】疲劳〈名〉
疾っくに	[とっくに]		【とっくに】早就〈副〉
病	[やまい]		【やまい】病〈名〉
病む	[やむ]		【やむ】患病；烦恼；忧愁〈动1〉
病気	[びょうき]		【びょうき】疾病；生病〈名〉
病院	[びょういん]		【びょういん】医院〈名〉
症	[しょう]		【しょう】（接尾）~症〈接尾〉
症状	[しょうじょう]		【しょうじょう】症状〈名〉
痒い	[かゆい]		【かゆい】痒〈イ形〉
痛い	[いたい]		【いたい】疼；痛；痛苦〈イ形〉
痛み	[いたみ]		【いたみ】疼痛；（心）痛苦〈名〉
痛む	[いたむ]		【いたむ】痛；（心）痛〈动1〉
痛める	[いためる]		【いためる】使疼痛；损伤；使痛心〈动2〉
痛切	[つうせつ]		【つうせつ】痛切；深刻〈ナ形〉
痛感	[つうかん]		【つうかん】痛感〈名〉
痩せる	[やせる]		【やせる】变瘦；消瘦〈动2〉
痺れる	[しびれる]		【しびれる】麻木；（身体）麻〈动2〉
癌	[がん]		【がん】癌〈名〉
癖	[くせ]		【くせ】习惯（多指坏习惯）；毛病〈名〉
発	[はつ]		【はつ】（量词）发；（火车）～发〈量〉
発つ	[たつ]		【たつ】出发；动身〈动1〉
発作	[ほっさ]		【ほっさ】发作；（病）发作〈名〉
発売	[はつばい]		【はつばい】发售；上市〈名〉
発射	[はっしゃ]		【はっしゃ】发射〈名〉
発展	[はってん]		【はってん】发展〈名〉
発想	[はっそう]		【はっそう】想法；（思维）构思〈名〉
発掘	[はっくつ]		【はっくつ】发掘〈名〉
発揮	[はっき]		【はっき】发挥〈名〉
発明	[はつめい]		【はつめい】发明〈名〉
発条	[ばね]		【ばね】发条；弹簧〈名〉
発生	[はっせい]		【はっせい】发生〈名〉
発病	[はつびょう]		【はつびょう】发病〈名〉
発育	[はついく]		【はついく】发育〈名〉
発芽	[はつが]		【はつが】发芽〈名〉
発行	[はっこう]		【はっこう】发行〈名〉
発表	[はっぴょう]		【はっぴょう】发表；公布〈名〉
発見	[はっけん]		【はっけん】发现〈名〉
発言	[はつげん]		【はつげん】发言〈名〉
発足	[はっそく]		【はっそく】（机构）成立〈名〉
発車	[はっしゃ]		【はっしゃ】发车；开车〈名〉
発達	[はったつ]		【はったつ】发达；发育〈名〉
発電	[はつでん]		【はつでん】发电〈名〉
発音	[はつおん]		【はつおん】发音〈名〉
登る	[のぼる]		【のぼる】攀登；爬（山）；登上〈动1〉
登場	[とうじょう]		【とうじょう】登场；（新商品）上市〈名〉
登山	[とざん]		【とざん】登山〈名〉
登校	[とうこう]		【とうこう】上学〈名〉
登録	[とうろく]		【とうろく】登记〈名〉
白	[しろ]		【しろ】白色〈名〉
白い	[しろい]		【しろい】白色的〈イ形〉
白状	[はくじょう]		【はくじょう】坦白〈名〉
白髪	[しらが]		【しらが】白发〈名〉
百	[ひゃく]		【ひゃく】百；一百〈数〉
百科事典	[ひゃっかじてん]		【ひゃっかじてん】百科全书〈名〉
百科辞典	[ひゃっかじてん]		【ひゃっかじてん】百科全书〈名〉
的	[てき]		【てき】（接尾）~的〈接尾〉
的確	[てきかく]		【てきかく】准确；恰当〈ナ形〉
皆	[みな]		【みな】大家；全体〈代〉
皆さん	[みなさん]		【みなさん】各位；大家〈名〉
皇居	[こうきょ]		【こうきょ】皇居〈名〉
皮	[かわ]		【かわ】皮；皮肤；皮革〈名〉
皮肉	[ひにく]		【ひにく】讽刺；挖苦〈名〉
皮膚	[ひふ]		【ひふ】皮肤〈名〉
皺	[しわ]		【しわ】皱；皱纹〈名〉
皿	[さら]		【さら】盘子；碟子〈名〉
盆	[ぼん]		【ぼん】盂兰盆节；盆〈名〉
盆地	[ぼんち]		【ぼんち】盆地〈名〉
益々	[ますます]		【ますます】越发；越来越〈副〉
盗み	[ぬすみ]		【ぬすみ】偷窃〈名〉
盗む	[ぬすむ]		【ぬすむ】偷盗；窃取〈动1〉
盗難	[とうなん]		【とうなん】被盗；失窃〈名〉
盛り	[さかり]		【さかり】盛；（饭）一碗；（身体的）旺盛期〈名〉
盛り上がる	[もりあがる]		【もりあがる】（气氛）热烈；（地势）隆起〈动1〉
盛る	[もる]		【もる】盛（饭）；调配（药）〈动1〉
盛ん	[さかん]		【さかん】兴盛；旺盛；盛行〈ナ形〉
盛大	[せいだい]		【せいだい】盛大〈ナ形〉
盛装	[せいそう]		【せいそう】盛装〈名〉
監督	[かんとく]		【かんとく】监督；导演〈名〉
監視	[かんし]		【かんし】监视〈名〉
目	[め]		【め】眼睛；眼光；（表格）栏〈名〉
目上	[めうえ]		【めうえ】长辈；上级〈名〉
目下	[めした]		【めした】晚辈；部下〈名〉
目付き	[めつき]		【めつき】眼神〈名〉
目印	[めじるし]		【めじるし】记号；目标记号〈名〉
目安	[めやす]		【めやす】标准；目标〈名〉
目指す	[めざす]		【めざす】以……为目标〈动1〉
目方	[めかた]		【めかた】分量〈名〉
目標	[もくひょう]		【もくひょう】目标；指标〈名〉
目次	[もくじ]		【もくじ】目录〈名〉
目的	[もくてき]		【もくてき】目的〈名〉
目盛	[めもり]		【めもり】刻度〈名〉
目眩	[めまい]		【めまい】眩晕〈名〉
目立つ	[めだつ]		【めだつ】显眼；引人注目〈动1〉
目蓋	[まぶた]		【まぶた】眼皮〈名〉
目覚し	[めざまし]		【めざまし】闹钟〈名〉
目覚しい	[めざましい]		【めざましい】显著的；惊人的〈イ形〉
目覚める	[めざめる]		【めざめる】睡醒；觉醒〈动2〉
目論見	[もくろみ]		【もくろみ】计划；企图〈名〉
目録	[もくろく]		【もくろく】目录〈名〉
盲点	[もうてん]		【もうてん】盲点〈名〉
直	[じき]		【じき】立刻；（距离）紧挨着〈名〉
直ぐ	[すぐ]		【すぐ】马上；（距离）很近〈副〉
直す	[なおす]		【なおす】修理；修改；改正；重做〈动1〉
直ちに	[ただちに]		【ただちに】立即；当场〈副〉
直に	[じかに]		【じかに】直接地；亲自（じかに）〈副〉
直る	[なおる]		【なおる】修好；（病）痊愈；改正〈动1〉
直前	[ちょくぜん]		【ちょくぜん】即将……之前〈名〉
直径	[ちょっけい]		【ちょっけい】直径〈名〉
直後	[ちょくご]		【ちょくご】……之后马上〈名〉
直感	[ちょっかん]		【ちょっかん】直觉〈名〉
直接	[ちょくせつ]		【ちょくせつ】直接〈ナ形〉
直流	[ちょくりゅう]		【ちょくりゅう】直流（电）〈名〉
直線	[ちょくせん]		【ちょくせん】直线〈名〉
直角	[ちょっかく]		【ちょっかく】直角〈名〉
直通	[ちょくつう]		【ちょくつう】直通〈名〉
直面	[ちょくめん]		【ちょくめん】面对〈名〉
相	[あい]		【あい】（副词前缀）相；彼此〈接头〉
相互	[そうご]		【そうご】相互〈名〉
相場	[そうば]		【そうば】行情；（老）规矩〈名〉
相変わらず	[あいかわらず]		【あいかわらず】依旧；照旧〈副〉
相対	[そうたい]		【そうたい】相对〈名〉
相当	[そうとう]		【そうとう】相当；适合；（数值）相当〈ナ形〉
相応	[そうおう]		【そうおう】相应〈ナ形〉
相応しい	[ふさわしい]		【ふさわしい】相称的；适合的〈イ形〉
相手	[あいて]		【あいて】对方；伙伴；对手〈名〉
相撲	[すもう]		【すもう】相扑〈名〉
相続	[そうぞく]		【そうぞく】继承〈名〉
相談	[そうだん]		【そうだん】商量；咨询〈名〉
相違	[そうい]		【そうい】不同；差异〈名〉
盾	[たて]		【たて】盾；（~を盾に）挡箭牌〈名〉
省く	[はぶく]		【はぶく】省略；省去；节省〈动1〉
省みる	[かえりみる]		【かえりみる】反省；（往昔）回顾〈动2〉
省略	[しょうりゃく]		【しょうりゃく】省略〈名〉
眉	[まゆ]		【まゆ】眉毛〈名〉
看板	[かんばん]		【かんばん】招牌；牌子〈名〉
看病	[かんびょう]		【かんびょう】看护；护理〈名〉
看護	[かんご]		【かんご】看护〈名〉
看護婦	[かんごふ]		【かんごふ】护士（旧称）〈名〉
県	[けん]		【けん】县（日本行政区划）〈名〉
県庁	[けんちょう]		【けんちょう】县厅；县政府〈名〉
真っ二つ	[まっぷたつ]		【まっぷたつ】分成两半〈名〉
真っ先	[まっさき]		【まっさき】最先；首先〈名〉
真っ暗	[まっくら]		【まっくら】漆黑〈ナ形〉
真っ白	[まっしろ]		【まっしろ】雪白〈ナ形〉
真っ直ぐ	[まっすぐ]		【まっすぐ】笔直；正直；直率〈ナ形〉
真っ赤	[まっか]		【まっか】通红；（完全）彻底〈ナ形〉
真っ青	[まっさお]		【まっさお】深蓝；（脸）苍白〈ナ形〉
真っ黒	[まっくろ]		【まっくろ】漆黑；乌黑〈ナ形〉
真に	[まことに]		【まことに】真；实在〈副〉
真ん中	[まんなか]		【まんなか】正中；中央〈名〉
真ん丸い	[まんまるい]		【まんまるい】滚圆〈イ形〉
真ん前	[まんまえ]		【まんまえ】正前方〈名〉
真上	[まうえ]		【まうえ】正上方〈名〉
真下	[ました]		【ました】正下方〈名〉
真中	[まんなか]		【まんなか】正中央；正中间〈名〉
真似	[まね]		【まね】模仿；（行为）样子〈名〉
真似る	[まねる]		【まねる】模仿〈动2〉
真剣	[しんけん]		【しんけん】认真；严肃〈ナ形〉
真実	[しんじつ]		【しんじつ】真实；真相〈名〉
真心	[まごころ]		【まごころ】真心〈名〉
真珠	[しんじゅ]		【しんじゅ】珍珠〈名〉
真理	[しんり]		【しんり】真理〈名〉
真相	[しんそう]		【しんそう】真相〈名〉
真空	[しんくう]		【しんくう】真空〈名〉
真面目	[まじめ]		【まじめ】认真；踏实；老实〈ナ形〉
眠い	[ねむい]		【ねむい】困倦的；想睡的〈イ形〉
眠たい	[ねむたい]		【ねむたい】困；想睡〈イ形〉
眠る	[ねむる]		【ねむる】睡觉；沉睡〈动1〉
眩しい	[まぶしい]		【まぶしい】晃眼；（人）耀眼〈イ形〉
眺め	[ながめ]		【ながめ】景色；眺望〈名〉
眺める	[ながめる]		【ながめる】眺望；凝视〈动2〉
眼球	[がんきゅう]		【がんきゅう】眼球〈名〉
眼科	[がんか]		【がんか】眼科〈名〉
眼鏡	[めがね]		【めがね】眼镜〈名〉
着	[ちゃく]		【ちゃく】（衣服的量词）件；到达〈名〉
着々	[ちゃくちゃく]		【ちゃくちゃく】稳步地〈副〉
着く	[つく]		【つく】到达；抵达〈动1〉
着ける	[つける]		【つける】系（带）；装上；（名字）取〈动2〉
着せる	[きせる]		【きせる】给……穿上〈动2〉
着る	[きる]		【きる】穿（衬衫、外套等上身衣物）〈动2〉
着工	[ちゃっこう]		【ちゃっこう】开工（建筑）〈名〉
着席	[ちゃくせき]		【ちゃくせき】入席〈名〉
着手	[ちゃくしゅ]		【ちゃくしゅ】着手〈名〉
着替え	[きがえ]		【きがえ】换衣服；换洗衣服〈名〉
着物	[きもの]		【きもの】和服；衣服〈名〉
着目	[ちゃくもく]		【ちゃくもく】着眼于〈名〉
着色	[ちゃくしょく]		【ちゃくしょく】着色〈名〉
着陸	[ちゃくりく]		【ちゃくりく】着陆〈名〉
着飾る	[きかざる]		【きかざる】打扮〈动1〉
睡眠	[すいみん]		【すいみん】睡眠〈名〉
睨む	[にらむ]		【にらむ】瞪眼；（局势）注视〈动1〉
瞑る	[つぶる]		【つぶる】闭眼；瞑目〈动1〉
瞬き	[またたき]		【またたき】眨眼；闪烁〈名〉
瞬間	[しゅんかん]		【しゅんかん】瞬间；刹那〈名〉
瞳	[ひとみ]		【ひとみ】瞳孔；眼睛〈名〉
矛盾	[むじゅん]		【むじゅん】矛盾〈名〉
矢	[や]		【や】箭；矢〈名〉
矢っ張り	[やっぱり]		【やっぱり】果然；还是〈副〉
矢印	[やじるし]		【やじるし】箭头〈名〉
矢鱈に	[やたらに]		【やたらに】胡乱；随便〈副〉
知らせ	[しらせ]		【しらせ】通知；消息〈名〉
知らせる	[しらせる]		【しらせる】通知；告知〈动2〉
知り合い	[しりあい]		【しりあい】熟人〈名〉
知る	[しる]		【しる】知道；了解；认识〈动1〉
知事	[ちじ]		【ちじ】（都道府县）知事〈名〉
知人	[ちじん]		【ちじん】熟人；朋友〈名〉
知合い	[しりあい]		【しりあい】熟人〈名〉
知性	[ちせい]		【ちせい】知性；智力〈名〉
知恵	[ちえ]		【ちえ】智慧；主意〈名〉
知的	[ちてき]		【ちてき】智慧的；理性的〈ナ形〉
知能	[ちのう]		【ちのう】智能；智力〈名〉
知識	[ちしき]		【ちしき】知识〈名〉
短い	[みじかい]		【みじかい】短的；简短的〈イ形〉
短大	[たんだい]		【たんだい】短期大学〈名〉
短所	[たんしょ]		【たんしょ】短处；缺点〈名〉
短期	[たんき]		【たんき】短期〈名〉
短歌	[たんか]		【たんか】短歌〈名〉
短気	[たんき]		【たんき】性急；急性子〈ナ形〉
短波	[たんぱ]		【たんぱ】短波〈名〉
短編	[たんぺん]		【たんぺん】短篇〈名〉
短縮	[たんしゅく]		【たんしゅく】缩短；缩写〈名〉
石	[いし]		【いし】石头〈名〉
石油	[せきゆ]		【せきゆ】石油〈名〉
石炭	[せきたん]		【せきたん】煤炭〈名〉
石鹸	[せっけん]		【せっけん】肥皂〈名〉
砂	[すな]		【すな】沙；沙子〈名〉
砂利	[じゃり]		【じゃり】碎石；砂砾〈名〉
砂漠	[さばく]		【さばく】沙漠〈名〉
砂糖	[さとう]		【さとう】糖；砂糖〈名〉
研ぐ	[とぐ]		【とぐ】磨（刀）；擦亮〈动1〉
研修	[けんしゅう]		【けんしゅう】研修；培训〈名〉
研究	[けんきゅう]		【けんきゅう】研究〈名〉
研究室	[けんきゅうしつ]		【けんきゅうしつ】研究室；（大学）教研室〈名〉
砕く	[くだく]		【くだく】打碎；粉碎〈动1〉
砕ける	[くだける]		【くだける】破碎；（浪）碎〈动2〉
破る	[やぶる]		【やぶる】撕破；（约）失；（记录）打破〈动1〉
破れる	[やぶれる]		【やぶれる】破损；（约）破；（记录）被破〈动2〉
破壊	[はかい]		【はかい】破坏〈名〉
破損	[はそん]		【はそん】破损〈名〉
破棄	[はき]		【はき】废除；撕毁（条约）〈名〉
破片	[はへん]		【はへん】碎片〈名〉
破産	[はさん]		【はさん】破产〈名〉
破裂	[はれつ]		【はれつ】破裂〈名〉
硬い	[かたい]		【かたい】硬的；（文章）生硬的；拘谨的〈イ形〉
硬貨	[こうか]		【こうか】硬币〈名〉
碁	[ご]		【ご】围棋〈名〉
碁盤	[ごばん]		【ごばん】围棋盘〈名〉
碌な	[ろくな]		【ろくな】不很好的（接否定：碌な~ない）〈连体〉
碌に	[ろくに]		【ろくに】（接否定）好好地；充分地〈副〉
碑	[いしぶみ]		【いしぶみ】碑；石碑〈名〉
碗	[わん]		【わん】碗〈名〉
確か	[たしか]		【たしか】确实；记得是（表不确定的确认）〈ナ形〉
確かめる	[たしかめる]		【たしかめる】确认；弄清〈动2〉
確り	[しっかり]		【しっかり】结实；牢牢〈副〉
確保	[かくほ]		【かくほ】确保〈名〉
確信	[かくしん]		【かくしん】确信〈名〉
確定	[かくてい]		【かくてい】确定〈名〉
確実	[かくじつ]		【かくじつ】确实；可靠〈ナ形〉
確率	[かくりつ]		【かくりつ】概率〈名〉
確立	[かくりつ]		【かくりつ】确立〈名〉
確認	[かくにん]		【かくにん】确认〈名〉
磁器	[じき]		【じき】瓷器〈名〉
磁気	[じき]		【じき】磁；磁性〈名〉
磁石	[じしゃく]		【じしゃく】磁铁〈名〉
磨く	[みがく]		【みがく】刷（牙）；磨；擦亮；磨练〈动1〉
示す	[しめす]		【しめす】表示；显示；出示〈动1〉
礼	[れい]		【れい】礼；行礼；谢意〈名〉
礼儀	[れいぎ]		【れいぎ】礼仪；礼貌〈名〉
社	[やしろ]		【やしろ】神社〈名〉
社交	[しゃこう]		【しゃこう】社交〈名〉
社会	[しゃかい]		【しゃかい】社会〈名〉
社会科学	[しゃかいかがく]		【しゃかいかがく】社会科学〈名〉
社宅	[しゃたく]		【しゃたく】公司宿舍〈名〉
社説	[しゃせつ]		【しゃせつ】社论〈名〉
社長	[しゃちょう]		【しゃちょう】总经理；社长〈名〉
祈り	[いのり]		【いのり】祈祷〈名〉
祈る	[いのる]		【いのる】祈祷；祈求〈动1〉
祖先	[そせん]		【そせん】祖先〈名〉
祖母	[そぼ]		【そぼ】祖母；奶奶；外婆〈名〉
祖父	[そふ]		【そふ】祖父；爷爷；外公〈名〉
祝い	[いわい]		【いわい】祝贺；贺礼〈名〉
祝う	[いわう]		【いわう】祝贺；庆祝〈动1〉
祝日	[しゅくじつ]		【しゅくじつ】节日；法定假日〈名〉
祝賀	[しゅくが]		【しゅくが】祝贺〈名〉
神	[かみ]		【かみ】神；上帝〈名〉
神様	[かみさま]		【かみさま】神；神明〈名〉
神殿	[しんでん]		【しんでん】神殿〈名〉
神社	[じんじゃ]		【じんじゃ】神社〈名〉
神秘	[しんぴ]		【しんぴ】神秘〈名〉
神経	[しんけい]		【しんけい】神经；（过敏）敏感〈名〉
神聖	[しんせい]		【しんせい】神圣〈ナ形〉
神話	[しんわ]		【しんわ】神话〈名〉
票	[ひょう]		【ひょう】选票；票数〈名〉
祭	[まつり]		【まつり】祭典；节日〈名〉
祭る	[まつる]		【まつる】祭祀；供奉〈动1〉
祭日	[さいじつ]		【さいじつ】祭日；节日〈名〉
禁じる	[きんじる]		【きんじる】禁止〈动2〉
禁ずる	[きんずる]		【きんずる】禁止（=禁じる）〈动3〉
禁止	[きんし]		【きんし】禁止〈名〉
禁煙	[きんえん]		【きんえん】禁烟；戒烟〈名〉
禁物	[きんもつ]		【きんもつ】忌讳；禁忌〈名〉
禅	[ぜん]		【ぜん】禅〈名〉
福	[ふく]		【ふく】福；福气〈名〉
福祉	[ふくし]		【ふくし】福利〈名〉
私	[わたくし]		【わたくし】我（わたくし更郑重）〈代〉
私有	[しゆう]		【しゆう】私有〈名〉
私物	[しぶつ]		【しぶつ】私物〈名〉
私用	[しよう]		【しよう】私事〈名〉
私立	[しりつ]		【しりつ】私立〈名〉
私鉄	[してつ]		【してつ】私营铁路〈名〉
秋	[あき]		【あき】秋天；秋季〈名〉
科	[か]		【か】（接尾）科；（生物）科〈接尾〉
科学	[かがく]		【かがく】科学〈名〉
科目	[かもく]		【かもく】科目；（学校的）学科〈名〉
秒	[びょう]		【びょう】（量词）秒〈量〉
秘密	[ひみつ]		【ひみつ】秘密〈名〉
秘書	[ひしょ]		【ひしょ】秘书〈名〉
秤	[はかり]		【はかり】秤〈名〉
秩序	[ちつじょ]		【ちつじょ】秩序〈名〉
称する	[しょうする]		【しょうする】称为；号称〈动3〉
移す	[うつす]		【うつす】移；挪；（病）传染；（注意力）转移〈动1〉
移る	[うつる]		【うつる】迁移；转变；（火势）蔓延；传染〈动1〉
移住	[いじゅう]		【いじゅう】移居；移民〈名〉
移動	[いどう]		【いどう】移动；转移〈名〉
移民	[いみん]		【いみん】移民〈名〉
移行	[いこう]		【いこう】过渡；转变〈名〉
移転	[いてん]		【いてん】迁移；（公司）搬迁〈名〉
稀	[まれ]		【まれ】稀少；罕见〈ナ形〉
程	[ほど]		【ほど】程度；（时间、距离）……左右〈名〉
程度	[ていど]		【ていど】程度〈名〉
稍	[やや]		【やや】稍微（やや）〈副〉
税務署	[ぜいむしょ]		【ぜいむしょ】税务局〈名〉
税金	[ぜいきん]		【ぜいきん】税；税款〈名〉
税関	[ぜいかん]		【ぜいかん】海关〈名〉
種	[たね]		【たね】种子；原因；（种类）类〈名〉
種々	[しゅじゅ]		【しゅじゅ】种种；各种〈名〉
種類	[しゅるい]		【しゅるい】种类〈名〉
稲	[いね]		【いね】稻；水稻〈名〉
稲光	[いなびかり]		【いなびかり】闪电〈名〉
稼ぐ	[かせぐ]		【かせぐ】挣钱；赚取〈动1〉
稽古	[けいこ]		【けいこ】练习；（艺）学习〈名〉
穀物	[こくもつ]		【こくもつ】谷物；粮食〈名〉
穂	[ほ]		【ほ】穗〈名〉
積む	[つむ]		【つむ】堆；装（货）〈动1〉
積もり	[つもり]		【つもり】打算（つもり的汉字写法）〈名〉
積もる	[つもる]		【つもる】堆积；（雪）积〈动1〉
積極的	[せっきょくてき]		【せっきょくてき】积极的〈ナ形〉
穏やか	[おだやか]		【おだやか】平稳；（天气、性格）温和〈ナ形〉
穴	[あな]		【あな】洞；孔；窟窿〈名〉
究極	[きゅうきょく]		【きゅうきょく】最终；终极；究竟〈名〉
空	[そら]		【そら】天空；空中〈名〉
空き	[あき]		【あき】空位；空闲；空隙〈名〉
空く	[あく]		【あく】（座位）空；（时间）空出〈动1〉
空しい	[むなしい]		【むなしい】空虚；徒劳〈イ形〉
空っぽ	[からっぽ]		【からっぽ】空；空洞〈ナ形〉
空ろ	[うつろ]		【うつろ】空洞；（眼神）发呆〈ナ形〉
空中	[くうちゅう]		【くうちゅう】空中〈名〉
空想	[くうそう]		【くうそう】空想；幻想〈名〉
空気	[くうき]		【くうき】空气；气氛〈名〉
空港	[くうこう]		【くうこう】机场〈名〉
空腹	[くうふく]		【くうふく】空腹；饿〈名〉
空間	[くうかん]		【くうかん】空间〈名〉
突き当たり	[つきあたり]		【つきあたり】（路）尽头〈名〉
突き当たる	[つきあたる]		【つきあたる】撞上；（路）到头〈动1〉
突く	[つく]		【つく】刺；扎；（时钟）鸣响；捅；戳〈动1〉
突っ張る	[つっぱる]		【つっぱる】绷紧；（态度）僵硬〈动1〉
突っ込む	[つっこむ]		【つっこむ】冲进；深入；插进；尖锐评论〈动1〉
突如	[とつじょ]		【とつじょ】突然〈副〉
突然	[とつぜん]		【とつぜん】突然〈ナ形〉
突破	[とっぱ]		【とっぱ】突破〈名〉
窒息	[ちっそく]		【ちっそく】窒息〈名〉
窓	[まど]		【まど】窗户〈名〉
窓口	[まどぐち]		【まどぐち】窗口；（办事）窗口〈名〉
窮乏	[きゅうぼう]		【きゅうぼう】穷困〈名〉
窮屈	[きゅうくつ]		【きゅうくつ】拘束；（衣服）紧〈ナ形〉
立ち上がる	[たちあがる]		【たちあがる】站起来；起立〈动1〉
立ち寄る	[たちよる]		【たちよる】顺便去；靠近〈动1〉
立ち止まる	[たちどまる]		【たちどまる】停步；站住〈动1〉
立つ	[たつ]		【たつ】站立；（烟）冒；（计划）成立〈动1〉
立てる	[たてる]		【たてる】立起；（计划）制定；（声音）发出〈动2〉
立体	[りったい]		【りったい】立体〈名〉
立場	[たちば]		【たちば】立场；处境〈名〉
立方	[りっぽう]		【りっぽう】立方〈名〉
立法	[りっぽう]		【りっぽう】立法〈名〉
立派	[りっぱ]		【りっぱ】气派；优秀；宏伟〈ナ形〉
章	[しょう]		【しょう】章；章节；勋章〈名〉
童話	[どうわ]		【どうわ】童话〈名〉
端	[はし]		【はし】边；端头；（片断）一端〈名〉
競争	[きょうそう]		【きょうそう】竞争；竞赛〈名〉
競技	[きょうぎ]		【きょうぎ】比赛；（体育）竞赛〈名〉
競馬	[けいば]		【けいば】赛马〈名〉
竹	[たけ]		【たけ】竹；竹子〈名〉
竿	[さお]		【さお】竿；杆〈名〉
笑い	[わらい]		【わらい】笑；笑声〈名〉
笑う	[わらう]		【わらう】笑；嘲笑〈动1〉
笑顔	[えがお]		【えがお】笑脸；笑容〈名〉
笛	[ふえ]		【ふえ】笛子；哨子〈名〉
符号	[ふごう]		【ふごう】符号；标记〈名〉
第	[だい]		【だい】第（接头）〈接头〉
第一	[だいいち]		【だいいち】第一；首先〈副〉
筆	[ふで]		【ふで】毛笔；笔迹〈名〉
筆者	[ひっしゃ]		【ひっしゃ】笔者；作者〈名〉
筆記	[ひっき]		【ひっき】笔记；（考试）笔试〈名〉
筈	[はず]		【はず】应该；（箭）筈〈名〉
等	[など]		【など】等等；等（之类）〈助〉
等しい	[ひとしい]		【ひとしい】相等；等于〈イ形〉
等分	[とうぶん]		【とうぶん】等分；平均分〈名〉
等級	[とうきゅう]		【とうきゅう】等级〈名〉
筋	[すじ]		【すじ】筋；肌；（道理）条理〈名〉
筋肉	[きんにく]		【きんにく】肌肉〈名〉
筒	[つつ]		【つつ】筒；筒状物〈名〉
答	[こたえ]		【こたえ】回答；答案〈名〉
答え	[こたえ]		【こたえ】回答；答案〈名〉
答える	[こたえる]		【こたえる】回答；答复〈动2〉
答案	[とうあん]		【とうあん】答卷；试卷〈名〉
策	[さく]		【さく】计策；对策〈名〉
箇所	[かしょ]		【かしょ】（量词）处；个地方〈名〉
箇条書き	[かじょうがき]		【かじょうがき】分条写；列条〈名〉
箇箇	[ここ]		【ここ】各个；个别（=個々）〈名〉
箒	[ほうき]		【ほうき】扫帚〈名〉
算数	[さんすう]		【さんすう】算术〈名〉
算盤	[そろばん]		【そろばん】算盘〈名〉
管	[くだ]		【くだ】管子；管道〈名〉
管理	[かんり]		【かんり】管理〈名〉
箪笥	[たんす]		【たんす】衣柜；抽屉柜〈名〉
箱	[はこ]		【はこ】箱子；盒子〈名〉
箸	[はし]		【はし】筷子〈名〉
節	[ふし]		【ふし】节；（音乐的）调子；骨节〈名〉
節約	[せつやく]		【せつやく】节约；节省〈名〉
範囲	[はんい]		【はんい】范围〈名〉
築く	[きずく]		【きずく】构筑；（地位）建立〈动1〉
篭る	[こもる]		【こもる】闭门不出；闷在〈动1〉
簡単	[かんたん]		【かんたん】简单；容易〈ナ形〉
簡易	[かんい]		【かんい】简易〈ナ形〉
簡潔	[かんけつ]		【かんけつ】简明〈ナ形〉
簡素	[かんそ]		【かんそ】简朴〈ナ形〉
籠	[かご]		【かご】篮子；筐；笼〈名〉
籤引	[くじびき]		【くじびき】抽签〈名〉
米	[こめ]		【こめ】大米；稻米〈名〉
粉	[こな]		【こな】粉；粉末；面粉〈名〉
粉々	[こなごな]		【こなごな】粉碎；粉身碎骨〈副〉
粉末	[ふんまつ]		【ふんまつ】粉末〈名〉
粋	[いき]		【いき】潇洒；地道〈ナ形〉
粒	[つぶ]		【つぶ】颗粒；（量词）粒〈名〉
粗	[あら]		【あら】缺点；瑕疵〈名〉
粗い	[あらい]		【あらい】粗糙的；（态度）粗鲁〈イ形〉
粗末	[そまつ]		【そまつ】简陋；粗糙；（不珍惜）糟蹋〈ナ形〉
粗筋	[あらすじ]		【あらすじ】梗概；大意〈名〉
粘り	[ねばり]		【ねばり】黏性；韧劲〈名〉
粘る	[ねばる]		【ねばる】坚持；黏〈动1〉
粥	[かゆ]		【かゆ】粥〈名〉
精々	[せいぜい]		【せいぜい】至多；充其量〈副〉
精密	[せいみつ]		【せいみつ】精密〈ナ形〉
精巧	[せいこう]		【せいこう】精巧〈ナ形〉
精神	[せいしん]		【せいしん】精神；心理〈名〉
糊	[のり]		【のり】浆糊；（鱼糕）糊〈名〉
糸	[いと]		【いと】线；丝〈名〉
系	[けい]		【けい】（接尾）系；系统〈接尾〉
系統	[けいとう]		【けいとう】系统；（水）管系；（血）统〈名〉
約	[やく]		【やく】约；大约〈副〉
約束	[やくそく]		【やくそく】约定；约会；许诺〈名〉
紅茶	[こうちゃ]		【こうちゃ】红茶〈名〉
紅葉	[こうよう]		【こうよう】红叶；（秋天）观红叶〈名〉
納まる	[おさまる]		【おさまる】收纳；（于心）安〈动1〉
納める	[おさめる]		【おさめる】收纳；（税）缴纳；完成〈动1〉
納入	[のうにゅう]		【のうにゅう】缴纳；交付〈名〉
納得	[なっとく]		【なっとく】理解并同意；信服〈名〉
紐	[ひも]		【ひも】绳；带子；细绳〈名〉
純情	[じゅんじょう]		【じゅんじょう】纯情〈名〉
純粋	[じゅんすい]		【じゅんすい】纯粹；纯真〈ナ形〉
紙	[かみ]		【かみ】纸〈名〉
紙屑	[かみくず]		【かみくず】废纸；碎纸〈名〉
紙幣	[しへい]		【しへい】纸币；钞票〈名〉
級	[きゅう]		【きゅう】级；等级；（学校）班级〈名〉
紛らわしい	[まぎらわしい]		【まぎらわしい】容易混淆的；烦闷的〈イ形〉
紛れる	[まぎれる]		【まぎれる】混同；（心）忘忧〈动2〉
紛争	[ふんそう]		【ふんそう】纠纷；争端〈名〉
紛失	[ふんしつ]		【ふんしつ】遗失〈名〉
素	[もと]		【もと】素；本源（もと）〈名〉
素っ気ない	[そっけない]		【そっけない】冷淡；不客气〈イ形〉
素人	[しろうと]		【しろうと】外行；业余爱好者〈名〉
素敵	[すてき]		【すてき】极好的；漂亮的〈ナ形〉
素早い	[すばやい]		【すばやい】快的；敏捷的〈イ形〉
素晴らしい	[すばらしい]		【すばらしい】极好的；出色的〈イ形〉
素朴	[そぼく]		【そぼく】朴素；单纯〈ナ形〉
素材	[そざい]		【そざい】素材；原料〈名〉
素直	[すなお]		【すなお】坦率；老实；纯朴〈ナ形〉
素質	[そしつ]		【そしつ】素质；资质〈名〉
紡績	[ぼうせき]		【ぼうせき】纺织〈名〉
索引	[さくいん]		【さくいん】索引〈名〉
紫	[むらさき]		【むらさき】紫色〈名〉
細い	[ほそい]		【ほそい】细的；纤细的；瘦的〈イ形〉
細かい	[こまかい]		【こまかい】细小的；细致的；（钱）零碎的〈イ形〉
細やか	[こまやか]		【こまやか】细心；深厚（情谊）〈ナ形〉
細工	[さいく]		【さいく】工艺品；（幕后）手脚〈名〉
細胞	[さいぼう]		【さいぼう】细胞〈名〉
細菌	[さいきん]		【さいきん】细菌〈名〉
紳士	[しんし]		【しんし】绅士〈名〉
紹介	[しょうかい]		【しょうかい】介绍〈名〉
紺	[こん]		【こん】藏青；深蓝〈名〉
終	[おわり]		【おわり】终；完（「終」字幕）〈名〉
終える	[おえる]		【おえる】完成；做完〈动2〉
終わり	[おわり]		【おわり】结束；末尾〈名〉
終わる	[おわる]		【おわる】结束；完毕〈动1〉
終了	[しゅうりょう]		【しゅうりょう】终了；结束〈名〉
終始	[しゅうし]		【しゅうし】始终〈副〉
終日	[しゅうじつ]		【しゅうじつ】终日；一整天〈名〉
終点	[しゅうてん]		【しゅうてん】终点站〈名〉
組	[くみ]		【くみ】（学校的）班；组；（接尾）~组〈名〉
組み合わせ	[くみあわせ]		【くみあわせ】组合；搭配〈名〉
組み合わせる	[くみあわせる]		【くみあわせる】组合；搭配〈动2〉
組み立てる	[くみたてる]		【くみたてる】组装；组织（语言）〈动2〉
組み込む	[くみこむ]		【くみこむ】编入；纳入〈动1〉
組む	[くむ]		【くむ】合伙；组队；搭伙〈动1〉
組合	[くみあい]		【くみあい】工会；行会；合伙〈名〉
組合せ	[くみあわせ]		【くみあわせ】组合；搭配〈名〉
組織	[そしき]		【そしき】组织；（生物）组织〈名〉
経つ	[たつ]		【たつ】（时间）过去〈动1〉
経る	[へる]		【へる】经历；（时间）经过〈动2〉
経営	[けいえい]		【けいえい】经营；管理〈名〉
経度	[けいど]		【けいど】经度〈名〉
経歴	[けいれき]		【けいれき】经历〈名〉
経済	[けいざい]		【けいざい】经济〈名〉
経由	[けいゆ]		【けいゆ】经由；经过〈名〉
経緯	[いきさつ]		【いきさつ】经过；原委〈名〉
経費	[けいひ]		【けいひ】经费〈名〉
経路	[けいろ]		【けいろ】路线；途径〈名〉
経過	[けいか]		【けいか】经过；（病情）进展〈名〉
経験	[けいけん]		【けいけん】经验；经历〈名〉
結び	[むすび]		【むすび】结；（谈话）结束〈名〉
結び付き	[むすびつき]		【むすびつき】联系；关联〈名〉
結び付く	[むすびつく]		【むすびつく】结合；有关联〈动1〉
結び付ける	[むすびつける]		【むすびつける】使结合；使联系〈动2〉
結ぶ	[むすぶ]		【むすぶ】系；连接；（合同）签订〈动1〉
結合	[けつごう]		【けつごう】结合〈名〉
結婚	[けっこん]		【けっこん】结婚〈名〉
結局	[けっきょく]		【けっきょく】结果；归根结底〈副〉
結成	[けっせい]		【けっせい】结成〈名〉
結晶	[けっしょう]		【けっしょう】结晶〈名〉
結束	[けっそく]		【けっそく】团结〈名〉
結果	[けっか]		【けっか】结果〈名〉
結核	[けっかく]		【けっかく】结核〈名〉
結構	[けっこう]		【けっこう】很好；足够；（委婉拒绝）不用了〈ナ形〉
結論	[けつろん]		【けつろん】结论〈名〉
絞る	[しぼる]		【しぼる】拧；（思路）集中；（利润）榨取〈动1〉
絡む	[からむ]		【からむ】纠缠；牵连〈动1〉
給う	[たまう]		【たまう】给（赐う）〈动1〉
給与	[きゅうよ]		【きゅうよ】薪金；供给〈名〉
給仕	[きゅうじ]		【きゅうじ】（餐厅）服务员；打杂〈名〉
給料	[きゅうりょう]		【きゅうりょう】工资；薪水〈名〉
給食	[きゅうしょく]		【きゅうしょく】供给餐饮；（学校）供餐〈名〉
絨毯	[じゅうたん]		【じゅうたん】地毯〈名〉
統一	[とういつ]		【とういつ】统一〈名〉
統制	[とうせい]		【とうせい】统制〈名〉
統合	[とうごう]		【とうごう】统合；合并〈名〉
統治	[とうじ]		【とうじ】统治〈名〉
統率	[とうそつ]		【とうそつ】统率〈名〉
統計	[とうけい]		【とうけい】统计〈名〉
絵	[え]		【え】画；图画〈名〉
絵の具	[えのぐ]		【えのぐ】颜料〈名〉
絵画	[かいが]		【かいが】绘画；图画〈名〉
絶えず	[たえず]		【たえず】不断地〈副〉
絶える	[たえる]		【たえる】断绝；不绝〈动2〉
絶つ	[たつ]		【たつ】断绝；切断〈动1〉
絶対	[ぜったい]		【ぜったい】绝对；绝对（不）〈ナ形〉
絶望	[ぜつぼう]		【ぜつぼう】绝望〈名〉
絶滅	[ぜつめつ]		【ぜつめつ】灭绝〈名〉
絶版	[ぜっぱん]		【ぜっぱん】绝版〈名〉
絹	[きぬ]		【きぬ】丝绸；丝织品〈名〉
継ぎ目	[つぎめ]		【つぎめ】接缝；接合处〈名〉
継ぐ	[つぐ]		【つぐ】继承；（杯）接〈动1〉
継続	[けいぞく]		【けいぞく】继续；延续〈名〉
続々	[ぞくぞく]		【ぞくぞく】陆续；纷纷〈副〉
続き	[つづき]		【つづき】继续；续集〈名〉
続く	[つづく]		【つづく】继续；接连不断；（路）通向〈动1〉
続ける	[つづける]		【つづける】继续；坚持〈动2〉
維持	[いじ]		【いじ】维持〈名〉
綱	[つな]		【つな】绳索；缆绳〈名〉
網	[あみ]		【あみ】网；网络〈名〉
綴じる	[とじる]		【とじる】装订；（书）合上〈动2〉
綻びる	[ほころびる]		【ほころびる】绽线；（花）初开〈动2〉
綿	[めん]		【めん】棉；棉花〈名〉
緊張	[きんちょう]		【きんちょう】紧张〈名〉
緊急	[きんきゅう]		【きんきゅう】紧急〈ナ形〉
総	[そう]		总；全〈接头〉
総会	[そうかい]		【そうかい】大会；全体会议〈名〉
総合	[そうごう]		【そうごう】综合〈名〉
総理大臣	[そうりだいじん]		【そうりだいじん】总理大臣〈名〉
緑	[みどり]		【みどり】绿色〈名〉
線	[せん]		【せん】线；线路；（电车）线路〈名〉
線路	[せんろ]		【せんろ】铁轨；线路〈名〉
締める	[しめる]		【しめる】系紧；拧紧；勒紧；收紧〈动2〉
締め切り	[しめきり]		【しめきり】截止（日期）〈名〉
締め切る	[しめきる]		【しめきる】截止；（投稿、报名）停止〈动1〉
締切	[しめきり]		【しめきり】截止（日期）〈名〉
編	[へん]		【へん】（量词）编；（书）编〈量〉
編む	[あむ]		【あむ】编织〈动1〉
編物	[あみもの]		【あみもの】编织物；毛线活〈名〉
編集	[へんしゅう]		【へんしゅう】编辑〈名〉
緩い	[ゆるい]		【ゆるい】松；（规则）松；（速度）缓〈イ形〉
緩む	[ゆるむ]		【ゆるむ】松弛；（紧）松〈动1〉
緩める	[ゆるめる]		【ゆるめる】放松；放缓〈动2〉
緩やか	[ゆるやか]		【ゆるやか】缓慢；宽松〈ナ形〉
緩和	[かんわ]		【かんわ】缓和〈名〉
緯度	[いど]		【いど】纬度〈名〉
練る	[ねる]		【ねる】揉；（计划）周密制定〈动1〉
練習	[れんしゅう]		【れんしゅうする】练习〈名〉
縁	[ふち]		【ふち】边；缘；（眼镜）框〈名〉
縁側	[えんがわ]		【えんがわ】（日式房屋的）檐廊；外廊〈名〉
縁談	[えんだん]		【えんだん】亲事；婚约〈名〉
縄	[なわ]		【なわ】绳；绳索〈名〉
縛る	[しばる]		【しばる】捆；绑〈动1〉
縞	[しま]		【しま】条纹〈名〉
縦	[たて]		【たて】纵；竖〈名〉
縫う	[ぬう]		【ぬう】缝；（路）穿行〈动1〉
縮まる	[ちぢまる]		【ちぢまる】缩短；（差距）缩小〈动1〉
縮む	[ちぢむ]		【ちぢむ】缩短；（差距）缩小〈动1〉
縮める	[ちぢめる]		【ちぢめる】使缩短；缩减〈动2〉
縮れる	[ちぢれる]		【ちぢれる】（头发）卷曲〈动2〉
縮小	[しゅくしょう]		【しゅくしょう】缩小〈名〉
繁栄	[はんえい]		【はんえい】繁荣〈名〉
繁殖	[はんしょく]		【はんしょく】繁殖〈名〉
繁盛	[はんじょう]		【はんじょう】兴旺〈名〉
繊維	[せんい]		【せんい】纤维〈名〉
繋がり	[つながり]		【つながり】联系；关系〈名〉
繋がる	[つながる]		【つながる】连接；相连；（电话）接通〈动1〉
繋ぐ	[つなぐ]		【つなぐ】系；连接；（电话）接通〈动1〉
繋げる	[つなげる]		【つなげる】连接；（电话）接通〈动2〉
織	[おり]		【おり】织；织物〈名〉
織る	[おる]		【おる】织〈动1〉
織物	[おりもの]		【おりもの】织物；纺织品〈名〉
繕う	[つくろう]		【つくろう】修补；（态度）掩饰〈动1〉
繰り返す	[くりかえす]		【くりかえす】重复；反复〈动1〉
纏まり	[まとまり]		【まとまり】归纳；一致〈名〉
纏まる	[まとまる]		【まとまる】凑齐；（意见）统一〈动1〉
纏め	[まとめ]		【まとめ】归纳；汇总〈名〉
纏める	[まとめる]		【まとめる】汇总；解决；收拾〈动2〉
缶	[かん]		【かん】罐；罐头〈名〉
缶詰	[かんづめ]		【かんづめ】罐头〈名〉
罪	[つみ]		【つみ】罪；罪责〈名〉
置く	[おく]		【おく】放置；搁下〈动1〉
罰	[ばつ]		【ばつ】罚；（天）罚〈名〉
罰する	[ばっする]		【ばっする】处罚；惩罚〈动3〉
署名	[しょめい]		【しょめい】签名；署名〈名〉
罵る	[ののしる]		【ののしる】骂〈动1〉
罹る	[かかる]		【かかる】患（病）；蒙受（灾难）〈动1〉
羊毛	[ようもう]		【ようもう】羊毛〈名〉
美	[び]		【び】美；美丽〈名〉
美しい	[うつくしい]		【うつくしい】美丽的；美好的〈イ形〉
美人	[びじん]		【びじん】美人；美女〈名〉
美味しい	[おいしい]		【おいしい】好吃〈イ形〉
美容	[びよう]		【びよう】美容〈名〉
美術	[びじゅつ]		【びじゅつ】美术〈名〉
美術館	[びじゅつかん]		【びじゅつかん】美术馆〈名〉
群	[ぐん]		【ぐん】群；（数学）群〈名〉
群がる	[むらがる]		【むらがる】群集〈动1〉
群れ	[むれ]		【むれ】群；（鸟兽）群〈名〉
群集	[ぐんしゅう]		【ぐんしゅう】人群〈名〉
羨ましい	[うらやましい]		【うらやましい】令人羡慕的；眼红的〈イ形〉
羨む	[うらやむ]		【うらやむ】羡慕〈动1〉
義務	[ぎむ]		【ぎむ】义务；职责〈名〉
義理	[ぎり]		【ぎり】情义；人情〈名〉
羽	[はね]		【はね】（量词，鸟、兔）只；羽毛〈量〉
羽根	[はね]		【はね】羽毛；翅膀；羽毛球〈名〉
習う	[ならう]		【ならう】学习（跟随老师学）〈动1〉
習字	[しゅうじ]		【しゅうじ】习字；书法〈名〉
習慣	[しゅうかん]		【しゅうかん】习惯；习俗〈名〉
翻訳	[ほんやく]		【ほんやく】翻译（笔译）〈名〉
翼	[つばさ]		【つばさ】翅膀；机翼〈名〉
老い	[おい]		【おい】老；年老〈名〉
老いる	[おいる]		【おいる】年老〈动2〉
老ける	[ふける]		【ふける】上年纪；显老〈动2〉
老人	[ろうじん]		【ろうじん】老人〈名〉
老衰	[ろうすい]		【ろうすい】衰老〈名〉
考え	[かんがえ]		【かんがえ】想法；主意〈名〉
考える	[かんがえる]		【かんがえる】思考；考虑；认为〈动2〉
考古学	[こうこがく]		【こうこがく】考古学〈名〉
考慮	[こうりょ]		【こうりょ】考虑〈名〉
者	[もの]		【もの】者；人；（接尾）~者〈名〉
而も	[しかも]		【しかも】而且（しかも的汉字写法）〈接〉
耐える	[たえる]		【たえる】耐；经得住〈动2〉
耕す	[たがやす]		【たがやす】耕种；（田）耕〈动1〉
耕作	[こうさく]		【こうさく】耕作〈名〉
耕地	[こうち]		【こうち】耕地〈名〉
耳	[みみ]		【みみ】耳朵〈名〉
耳鼻科	[じびか]		【じびか】耳鼻喉科〈名〉
聖書	[せいしょ]		【せいしょ】圣经〈名〉
聞き取り	[ききとり]		【ききとり】听清；听取；听力〈名〉
聞く	[きく]		【きく】听；听（音乐）；问〈动1〉
聞こえる	[きこえる]		【きこえる】听得见；（声音）传到〈动2〉
聳える	[そびえる]		【そびえる】耸立〈动2〉
聴覚	[ちょうかく]		【ちょうかく】听觉〈名〉
聴診器	[ちょうしんき]		【ちょうしんき】听诊器〈名〉
聴講	[ちょうこう]		【ちょうこう】旁听〈名〉
職	[しょく]		【しょく】职业；职务〈名〉
職人	[しょくにん]		【しょくにん】工匠；手艺人〈名〉
職務	[しょくむ]		【しょくむ】职务〈名〉
職員	[しょくいん]		【しょくいん】职员〈名〉
職業	[しょくぎょう]		【しょくぎょう】职业〈名〉
肉	[にく]		【にく】肉〈名〉
肉体	[にくたい]		【にくたい】肉体〈名〉
肉親	[にくしん]		【にくしん】骨肉；血亲〈名〉
肌	[はだ]		【はだ】皮肤；肌理〈名〉
肌着	[はだぎ]		【はだぎ】内衣〈名〉
肘	[ひじ]		【ひじ】肘；胳膊肘〈名〉
肝心	[かんじん]		【かんじん】首要；关键〈ナ形〉
股	[また]		【また】股；胯〈名〉
肥料	[ひりょう]		【ひりょう】肥料〈名〉
肩	[かた]		【かた】肩膀〈名〉
肯定	[こうてい]		【こうてい】肯定〈名〉
育ち	[そだち]		【そだち】生长；（人）教养〈名〉
育つ	[そだつ]		【そだつ】成长；发育〈动1〉
育てる	[そだてる]		【そだてる】养育；培育；培养〈动2〉
育児	[いくじ]		【いくじ】育儿〈名〉
育成	[いくせい]		【いくせい】培育；培养〈名〉
肺	[はい]		【はい】肺〈名〉
胃	[い]		【い】胃〈名〉
背	[せ]		【せ】身高；个子；背〈名〉
背く	[そむく]		【そむく】违背〈动1〉
背中	[せなか]		【せなか】背；脊背〈名〉
背広	[せびろ]		【せびろ】西装；西服〈名〉
背後	[はいご]		【はいご】背后〈名〉
背景	[はいけい]		【はいけい】背景〈名〉
背負う	[せおう]		【せおう】背；肩负〈动1〉
胡椒	[こしょう]		【こしょう】胡椒〈名〉
胴	[どう]		【どう】躯干；（乐器）共鸣箱〈名〉
胸	[むね]		【むね】胸；胸口；（心）胸〈名〉
能	[のう]		【のう】才干；本领；（古典剧）能〈名〉
能力	[のうりょく]		【のうりょく】能力〈名〉
能率	[のうりつ]		【のうりつ】效率〈名〉
脂	[あぶら]		【あぶら】脂肪；油〈名〉
脂肪	[しぼう]		【しぼう】脂肪〈名〉
脅かす	[おびやかす]		【おびやかす】吓唬；（生计）威胁〈动1〉
脅す	[おどす]		【おどす】威胁〈动1〉
脅迫	[きょうはく]		【きょうはく】胁迫〈名〉
脆い	[もろい]		【もろい】脆；（人）不坚强〈イ形〉
脇	[わき]		【わき】腋下；旁边〈名〉
脈	[みゃく]		【みゃく】脉；（一线）希望〈名〉
脚本	[きゃくほん]		【きゃくほん】剧本〈名〉
脚色	[きゃくしょく]		【きゃくしょく】改编；（话）添油加醋〈名〉
脱ぐ	[ぬぐ]		【ぬぐ】脱（衣、鞋、帽）；摘〈动1〉
脱する	[だっする]		【だっする】脱；摆脱〈动3〉
脱出	[だっしゅつ]		【だっしゅつ】逃脱〈名〉
脱線	[だっせん]		【だっせん】（火车）脱轨；（话题）离题〈名〉
脱退	[だったい]		【だったい】退出〈名〉
脳	[のう]		【のう】脑〈名〉
腐る	[くさる]		【くさる】腐烂；（心）变坏〈动1〉
腐敗	[ふはい]		【ふはい】腐败〈名〉
腕	[うで]		【うで】手臂；本领〈名〉
腕前	[うでまえ]		【うでまえ】本领；技能〈名〉
腫れる	[はれる]		【はれる】肿〈动2〉
腰	[こし]		【こし】腰；态度；干劲〈名〉
腰掛け	[こしかけ]		【こしかけ】凳子；坐具〈名〉
腰掛ける	[こしかける]		【こしかける】坐下〈动2〉
腸	[ちょう]		【ちょう】肠〈名〉
腹	[はら]		【はら】肚子；（度量）心胸〈名〉
腹立ち	[はらだち]		【はらだち】怒气〈名〉
腿	[もも]		【もも】腿；大腿〈名〉
膜	[まく]		【まく】膜〈名〉
膝	[ひざ]		【ひざ】膝盖〈名〉
膨らます	[ふくらます]		【ふくらます】使鼓起；（希望）膨胀〈动1〉
膨らむ	[ふくらむ]		【ふくらむ】鼓起；（理想）膨胀〈动1〉
膨れる	[ふくれる]		【ふくれる】鼓起；（人）不高兴〈动2〉
膨大	[ぼうだい]		【ぼうだい】庞大〈ナ形〉
膨脹	[ぼうちょう]		【ぼうちょう】膨胀〈名〉
膳	[ぜん]		【ぜん】膳；（小）饭桌〈名〉
臆病	[おくびょう]		【おくびょう】胆怯〈ナ形〉
臍	[へそ]		【へそ】肚脐〈名〉
臨む	[のぞむ]		【のぞむ】面对；出席〈动1〉
臨時	[りんじ]		【りんじ】临时〈名〉
自ずから	[おのずから]		【おのずから】自然而然〈副〉
自主	[じしゅ]		【じしゅ】自主〈名〉
自信	[じしん]		【じしん】自信〈名〉
自分	[じぶん]		【じぶん】自己〈名〉
自動	[じどう]		【じどう】自动〈名〉
自動詞	[じどうし]		【じどうし】自动词〈名〉
自動車	[じどうしゃ]		【じどうしゃ】汽车；机动车〈名〉
自在	[じざい]		【じざい】自在〈ナ形〉
自尊心	[じそんしん]		【じそんしん】自尊心〈名〉
自己	[じこ]		【じこ】自己〈名〉
自惚れ	[うぬぼれ]		【うぬぼれ】自负〈名〉
自慢	[じまん]		【じまん】自夸；骄傲〈名〉
自我	[じが]		【じが】自我〈名〉
自殺	[じさつ]		【じさつ】自杀〈名〉
自治	[じち]		【じち】自治〈名〉
自然	[しぜん]		【しぜん】自然；大自然〈名〉
自然科学	[しぜんかがく]		【しぜんかがく】自然科学〈名〉
自由	[じゆう]		【じゆう】自由；随便〈ナ形〉
自立	[じりつ]		【じりつ】自立〈名〉
自習	[じしゅう]		【じしゅう】自习；自学〈名〉
自衛	[じえい]		【じえい】自卫〈名〉
自覚	[じかく]		【じかく】自觉〈名〉
自身	[じしん]		【じしん】自身；本人〈名〉
自転	[じてん]		【じてん】自转〈名〉
自転車	[じてんしゃ]		【じてんしゃ】自行车〈名〉
自首	[じしゅ]		【じしゅ】自首〈名〉
臭い	[くさい]		【くさい】臭的；（态度）可疑〈イ形〉
至って	[いたって]		【いたって】非常；极其〈副〉
至る	[いたる]		【いたる】到达；至于（～に至る）〈动1〉
至急	[しきゅう]		【しきゅう】火速；赶快〈副〉
致す	[いたす]		【いたす】做（する的自谦语）〈动1〉
興じる	[きょうじる]		【きょうじる】娱乐〈动2〉
興味	[きょうみ]		【きょうみ】兴趣；兴致〈名〉
興奮	[こうふん]		【こうふん】兴奋〈名〉
興業	[こうぎょう]		【こうぎょう】娱乐业；演出业〈名〉
舌	[した]		【した】舌头〈名〉
舗装	[ほそう]		【ほそう】铺装；铺设路面〈名〉
舞う	[まう]		【まう】舞；（雪）飘舞〈动1〉
舞台	[ぶたい]		【ぶたい】舞台；（人生的）舞台〈名〉
舟	[ふね]		【ふね】小船；舟〈名〉
航海	[こうかい]		【こうかい】航海〈名〉
航空	[こうくう]		【こうくう】航空〈名〉
船	[ふね]		【ふね】船；轮船〈名〉
船便	[ふなびん]		【ふなびん】船运；海运邮件〈名〉
船舶	[せんぱく]		【せんぱく】船舶〈名〉
良い	[よい]		【よい】好（よい）〈イ形〉
良好	[りょうこう]		【りょうこう】良好〈ナ形〉
良心	[りょうしん]		【りょうしん】良心〈名〉
良識	[りょうしき]		【りょうしき】良知〈名〉
良質	[りょうしつ]		【りょうしつ】优质〈ナ形〉
色	[いろ]		【いろ】颜色；色彩〈名〉
色々	[いろいろ]		【いろいろ】各种各样〈ナ形〉
色彩	[しきさい]		【しきさい】色彩〈名〉
艶	[つや]		【つや】光泽；（颜色）光润〈名〉
芝	[しば]		【しば】草皮〈名〉
芝居	[しばい]		【しばい】戏；（自导自演的）把戏〈名〉
芝生	[しばふ]		【しばふ】草坪〈名〉
芯	[しん]		【しん】芯；核心〈名〉
花	[はな]		【はな】花；樱花〈名〉
花びら	[はなびら]		【はなびら】花瓣〈名〉
花壇	[かだん]		【かだん】花坛〈名〉
花嫁	[はなよめ]		【はなよめ】新娘〈名〉
花火	[はなび]		【はなび】烟花；烟火〈名〉
花瓶	[かびん]		【かびん】花瓶〈名〉
花粉	[かふん]		【かふん】花粉〈名〉
花見	[はなみ]		【はなみ】赏花；（尤指）赏樱〈名〉
芸能	[げいのう]		【げいのう】文艺；演艺〈名〉
芸術	[げいじゅつ]		【げいじゅつ】艺术〈名〉
芽	[め]		【め】芽；（苗头）萌芽〈名〉
苗	[なえ]		【なえ】苗；秧苗〈名〉
苛々	[いらいら]		【いらいら】烦躁〈副〉
苛める	[いじめる]		【いじめる】欺负〈动2〉
若々しい	[わかわかしい]		【わかわかしい】年轻的〈イ形〉
若い	[わかい]		【わかい】年轻的；幼小的〈イ形〉
若し	[もし]		【もし】如果（もし的汉字写法）〈副〉
若しかしたら	[もしかしたら]		【もしかしたら】也许〈副〉
若しかして	[もしかして]		【もしかして】或许〈副〉
若しかすると	[もしかすると]		【もしかすると】或许〈副〉
若しくは	[もしくは]		【もしくは】或〈接〉
若しも	[もしも]		【もしも】万一〈副〉
若干	[じゃっかん]		【じゃっかん】若干〈名〉
苦い	[にがい]		【にがい】苦的；（经验）痛苦〈イ形〉
苦しい	[くるしい]		【くるしい】痛苦的；艰难的；（钱）紧〈イ形〉
苦しむ	[くるしむ]		【くるしむ】受苦；苦恼〈动1〉
苦しめる	[くるしめる]		【くるしめる】使痛苦；折磨〈动2〉
苦労	[くろう]		【くろう】辛苦；操劳〈名〉
苦心	[くしん]		【くしん】苦心；费心〈名〉
苦情	[くじょう]		【くじょう】投诉；不满〈名〉
苦手	[にがて]		【にがて】不擅长；（人）难对付〈ナ形〉
苦痛	[くつう]		【くつう】痛苦〈名〉
英和	[えいわ]		【えいわ】英和（英日）〈名〉
英字	[えいじ]		【えいじ】英文字母〈名〉
英文	[えいぶん]		【えいぶん】英文；英语文章〈名〉
英語	[えいご]		【えいご】英语〈名〉
英雄	[えいゆう]		【えいゆう】英雄〈名〉
茂る	[しげる]		【しげる】（草木）茂盛〈动1〉
茎	[くき]		【くき】茎〈名〉
茶	[ちゃ]		【ちゃ】茶〈名〉
茶の湯	[ちゃのゆ]		【ちゃのゆ】茶道〈名〉
茶の間	[ちゃのま]		【ちゃのま】（日式）客厅；家人吃饭的房间〈名〉
茶碗	[ちゃわん]		【ちゃわん】饭碗；茶碗〈名〉
茶色	[ちゃいろ]		【ちゃいろ】茶色；棕色；褐色〈名〉
茹でる	[ゆでる]		【ゆでる】煮（面、蛋）〈动2〉
草	[くさ]		【くさ】草；杂草〈名〉
草履	[ぞうり]		【ぞうり】草履（日式凉鞋）〈名〉
草臥れる	[くたびれる]		【くたびれる】疲劳〈动2〉
荒い	[あらい]		【あらい】粗暴的；（海浪）汹涌〈イ形〉
荒っぽい	[あらっぽい]		【あらっぽい】粗暴〈イ形〉
荒らす	[あらす]		【あらす】糟蹋；（网站）恶意灌水〈动1〉
荒廃	[こうはい]		【こうはい】荒废〈名〉
荷	[に]		【に】行李；负荷〈名〉
荷物	[にもつ]		【にもつ】行李；货物〈名〉
荷造り	[にづくり]		【にづくり】打包装箱〈名〉
莫大	[ばくだい]		【ばくだい】莫大；巨额〈ナ形〉
菓子	[かし]		【かし】点心；糕点〈名〉
華々しい	[はなばなしい]		【はなばなしい】华丽的；显赫的〈イ形〉
華やか	[はなやか]		【はなやか】华丽；鲜艳〈ナ形〉
華奢	[きゃしゃ]		【きゃしゃ】纤细；（建筑）精致〈ナ形〉
華美	[かび]		【かび】华美〈ナ形〉
萎びる	[しなびる]		【しなびる】蔫；干瘪〈动2〉
萎む	[しぼむ]		【しぼむ】枯萎；泄气〈动2〉
落し物	[おとしもの]		【おとしもの】失物〈名〉
落ちる	[おちる]		【おちる】落下（=落ちる）〈动2〉
落ち着き	[おちつき]		【おちつき】沉着；镇静〈名〉
落ち葉	[おちば]		【おちば】落叶〈名〉
落ち込む	[おちこむ]		【おちこむ】沮丧；消沉；（行情）下跌〈动2〉
落とす	[おとす]		【おとす】弄掉；使落下（=落とす）〈动1〉
落下	[らっか]		【らっか】落下；坠落〈名〉
落着く	[おちつく]		【おちつく】平静；（心情）安定〈动1〉
落第	[らくだい]		【らくだい】落第；留级〈名〉
葉	[は]		【は】叶子〈名〉
葉書	[はがき]		【はがき】明信片〈名〉
著	[ちょ]		【ちょ】显著；非常〈接尾〉
著しい	[いちじるしい]		【いちじるしい】显著的；明显的〈イ形〉
著す	[あらわす]		【あらわす】著；写（书）〈动1〉
著名	[ちょめい]		【ちょめい】著名的；知名的〈ナ形〉
著書	[ちょしょ]		【ちょしょ】著作；作品〈名〉
著者	[ちょしゃ]		【ちょしゃ】作者；著者〈名〉
葦	[あし]		【あし】芦苇〈名〉
葬る	[ほうむる]		【ほうむる】埋葬；使埋没〈动1〉
葬式	[そうしき]		【そうしき】葬礼〈名〉
蒔く	[まく]		【まく】播种〈动1〉
蒸し暑い	[むしあつい]		【むしあつい】闷热〈イ形〉
蒸す	[むす]		【むす】蒸；闷热〈动1〉
蒸気	[じょうき]		【じょうき】蒸汽〈名〉
蒸留	[じょうりゅう]		【じょうりゅう】蒸馏〈名〉
蒸発	[じょうはつ]		【じょうはつ】蒸发；（人）失踪〈名〉
蓄える	[たくわえる]		【たくわえる】储备；积蓄〈动2〉
蓄積	[ちくせき]		【ちくせき】积蓄；积累〈名〉
蓋	[ふた]		【ふた】盖子〈名〉
蓮	[はす]		【はす】莲花〈名〉
蔵	[くら]		【くら】仓库；库房〈名〉
蔵相	[ぞうしょう]		【ぞうしょう】大藏大臣（旧日本的财政部长）〈名〉
蕎麦	[そば]		【そば】荞麦面〈名〉
蕩ける	[とろける]		【とろける】融化；（身心）酥软；出神〈动2〉
蕾	[つぼみ]		【つぼみ】花蕾；含苞待放〈名〉
薄い	[うすい]		【うすい】薄的；（颜色）浅；（味道）淡；（感情）淡薄〈イ形〉
薄める	[うすめる]		【うすめる】稀释；冲淡〈动2〉
薄弱	[はくじゃく]		【はくじゃく】薄弱；虚弱〈ナ形〉
薄暗い	[うすぐらい]		【うすぐらい】昏暗；微暗〈イ形〉
薬	[くすり]		【くすり】药；药物〈名〉
薬品	[やくひん]		【やくひん】药品；化学制品〈名〉
薬局	[やっきょく]		【やっきょく】药店〈名〉
薬指	[くすりゆび]		【くすりゆび】无名指〈名〉
薬缶	[やかん]		【やかん】水壶〈名〉
藁	[わら]		【わら】稻草；麦秸〈名〉
藍褸	[ぼろ]		【ぼろ】破布；破烂衣服〈名〉
藻掻く	[もがく]		【もがく】挣扎；折腾；焦急〈动1〉
蘇る	[よみがえる]		【よみがえる】复活；苏醒〈动1〉
虎	[とら]		【とら】虎；老虎〈名〉
虫	[むし]		【むし】虫子；昆虫〈名〉
虫歯	[むしば]		【むしば】蛀牙；龋齿〈名〉
虹	[にじ]		【にじ】彩虹〈名〉
蚊	[か]		【か】蚊子〈名〉
蛇口	[じゃぐち]		【じゃぐち】（水）龙头〈名〉
蛋白質	[たんぱくしつ]		【たんぱくしつ】蛋白质〈名〉
蛍光灯	[けいこうとう]		【けいこうとう】荧光灯〈名〉
蜂蜜	[はちみつ]		【はちみつ】蜂蜜〈名〉
蜜	[みつ]		【みつ】蜜；甜汁〈名〉
蝋燭	[ろうそく]		【ろうそく】蜡烛〈名〉
蝶	[ちょう]		【ちょう】蝴蝶〈名〉
融資	[ゆうし]		【ゆうし】融资；贷款〈名〉
融通	[ゆうずう]		【ゆうずう】通融（资金）；灵活变通〈名〉
血	[ち]		【ち】血；血液〈名〉
血圧	[けつあつ]		【けつあつ】血压〈名〉
血液	[けつえき]		【けつえき】血液〈名〉
血管	[けっかん]		【けっかん】血管〈名〉
衆	[しゅう]		【しゅう】众人；（接尾）…众〈名〉
衆議院	[しゅうぎいん]		【しゅうぎいん】众议院（日本下议院）〈名〉
行	[ぎょう]		【ぎょう】（量）行；排〈名〉
行い	[おこない]		【おこない】行为；品行〈名〉
行う	[おこなう]		【おこなう】举行；进行；实施〈动1〉
行き	[いき]		【いき】去；（接尾）往～〈名〉
行き成り	[いきなり]		【いきなり】突然；冷不防〈副〉
行き違い	[いきちがい]		【いきちがい】误会；不一致；（信件）交错〈名〉
行く	[いく]		【いく】去；前往；进行〈动1〉
行事	[ぎょうじ]		【ぎょうじ】（传统）活动；例行活动〈名〉
行儀	[ぎょうぎ]		【ぎょうぎ】举止；礼貌〈名〉
行列	[ぎょうれつ]		【ぎょうれつ】行列；队伍；（数学）矩阵〈名〉
行動	[こうどう]		【こうどう】行动〈名〉
行員	[こういん]		【こういん】银行职员〈名〉
行政	[ぎょうせい]		【ぎょうせい】行政〈名〉
行為	[こうい]		【こうい】行为；举动〈名〉
行進	[こうしん]		【こうしん】行进；游行〈名〉
街	[まち]		【まち】街；街道；城镇〈名〉
街角	[まちかど]		【まちかど】街角；街头〈名〉
街道	[かいどう]		【かいどう】大道；驿道〈名〉
街頭	[がいとう]		【がいとう】街头；街上〈名〉
衛星	[えいせい]		【えいせい】卫星〈名〉
衛生	[えいせい]		【えいせい】卫生〈名〉
衝撃	[しょうげき]		【しょうげき】冲击；打击；震动〈名〉
衝突	[しょうとつ]		【しょうとつ】冲撞；（意见）冲突〈名〉
衣料	[いりょう]		【いりょう】衣料；衣物〈名〉
衣服	[いふく]		【いふく】衣服；衣物〈名〉
衣装	[いしょう]		【いしょう】衣服；装束；戏服〈名〉
衣類	[いるい]		【いるい】衣服；衣物〈名〉
衣食住	[いしょくじゅう]		【いしょくじゅう】衣食住；生活的必需〈名〉
表	[おもて]		【おもて】正面；表面；表〈名〉
表す	[あらわす]		【あらわす】表达；表示〈动1〉
表情	[ひょうじょう]		【ひょうじょう】表情〈名〉
表現	[ひょうげん]		【ひょうげん】表达；表现〈名〉
表紙	[ひょうし]		【ひょうし】封面〈名〉
表面	[ひょうめん]		【ひょうめん】表面〈名〉
衰える	[おとろえる]		【おとろえる】衰弱；衰退〈动2〉
袋	[ふくろ]		【ふくろ】袋子；口袋〈名〉
袖	[そで]		【そで】袖子〈名〉
被せる	[かぶせる]		【かぶせる】盖上；蒙上〈动2〉
被る	[かぶる]		【かぶる】戴（帽子等）；遭受；蒙受〈动1〉
被害	[ひがい]		【ひがい】受害；损失〈名〉
裁く	[さばく]		【さばく】裁决；审判；处理〈动1〉
裁判	[さいばん]		【さいばん】审判；裁判〈名〉
裁縫	[さいほう]		【さいほう】裁缝；针线活〈名〉
裂く	[さく]		【さく】撕开；割裂〈动1〉
裂ける	[さける]		【さける】裂开；破裂〈动2〉
装備	[そうび]		【そうび】装备〈名〉
装置	[そうち]		【そうち】装置；设备〈名〉
装飾	[そうしょく]		【そうしょく】装饰〈名〉
裏	[うら]		【うら】背面；反面；里面〈名〉
裏切る	[うらぎる]		【うらぎる】背叛；辜负（期待）〈动1〉
裏口	[うらぐち]		【うらぐち】后门〈名〉
裏返し	[うらがえし]		【うらがえし】表里反过来；颠倒〈名〉
裏返す	[うらがえす]		【うらがえす】翻过来；翻里作面〈动1〉
補う	[おぎなう]		【おぎなう】补；补偿〈动1〉
補償	[ほしょう]		【ほしょう】补偿；赔偿〈名〉
補充	[ほじゅう]		【ほじゅう】补充；补足〈名〉
補助	[ほじょ]		【ほじょ】辅助；补助〈名〉
補強	[ほきょう]		【ほきょう】加固；增强〈名〉
補給	[ほきゅう]		【ほきゅう】补给；供应〈名〉
補足	[ほそく]		【ほそく】补充；补充说明〈名〉
裸	[はだか]		【はだか】裸体；赤裸〈名〉
裸足	[はだし]		【はだし】赤脚；光脚〈名〉
製	[せい]		【せい】（接尾）…制造；…产〈接尾〉
製作	[せいさく]		【せいさく】制作；（影视）制作〈名〉
製品	[せいひん]		【せいひん】产品；制品〈名〉
製法	[せいほう]		【せいほう】制法；制作方法〈名〉
製造	[せいぞう]		【せいぞう】制造〈名〉
製鉄	[せいてつ]		【せいてつ】炼铁；制铁〈名〉
裾	[すそ]		【すそ】下摆；（山）麓〈名〉
複写	[ふくしゃ]		【ふくしゃ】复制；复印〈名〉
複合	[ふくごう]		【ふくごう】复合；合成〈名〉
複数	[ふくすう]		【ふくすう】复数；多个〈名〉
複雑	[ふくざつ]		【ふくざつ】复杂〈ナ形〉
褒める	[ほめる]		【ほめる】夸奖；表扬〈动2〉
褒美	[ほうび]		【ほうび】奖赏；奖品〈名〉
襖	[ふすま]		【ふすま】隔扇；（日式）纸门〈名〉
襟	[えり]		【えり】领子；衣领〈名〉
襲う	[おそう]		【おそう】袭击；承袭；继承〈动1〉
襲撃	[しゅうげき]		【しゅうげき】袭击；突击〈名〉
西	[にし]		【にし】西；西方〈名〉
西日	[にしび]		【にしび】西斜的夕阳〈名〉
西暦	[せいれき]		【せいれき】公历；公元〈名〉
西洋	[せいよう]		【せいよう】西洋；欧美〈名〉
要する	[ようする]		【ようする】需要；要〈动3〉
要するに	[ようするに]		【ようするに】总而言之〈副〉
要る	[いる]		【いる】需要；必要〈动1〉
要因	[よういん]		【よういん】主要原因；主因〈名〉
要旨	[ようし]		【ようし】要旨；要点〈名〉
要望	[ようぼう]		【ようぼう】要求；期望〈名〉
要求	[ようきゅう]		【ようきゅう】要求〈名〉
要点	[ようてん]		【ようてん】要点〈名〉
要素	[ようそ]		【ようそ】要素；因素〈名〉
要請	[ようせい]		【ようせい】要求；（必要性）请求〈名〉
要領	[ようりょう]		【ようりょう】要领；（做事的）诀窍〈名〉
覆う	[おおう]		【おおう】覆盖；掩盖〈动1〉
覆す	[くつがえす]		【くつがえす】推翻；颠覆〈动1〉
覆面	[ふくめん]		【ふくめん】蒙面；伪装〈名〉
見える	[みえる]		【みえる】看得见；能看见〈动2〉
見すぼらしい	[みすぼらしい]		【みすぼらしい】寒碜；破旧的〈イ形〉
見せびらかす	[みせびらかす]		【みせびらかす】炫耀；卖弄〈动1〉
見せる	[みせる]		【みせる】给……看；展示〈动2〉
見せ物	[みせもの]		【みせもの】节目；表演；展览品〈名〉
見っともない	[みっともない]		【みっともない】不成样子；不像样的〈イ形〉
見つかる	[みつかる]		【みつかる】被找到；（人）被发现〈动1〉
見つける	[みつける]		【みつける】找到；发现〈动2〉
見る	[みる]		【みる】看；观看；观察〈动2〉
見下ろす	[みおろす]		【みおろす】俯视；（人）轻视〈动1〉
見事	[みごと]		【みごと】精彩；漂亮；出色〈ナ形〉
見付かる	[みつかる]		【みつかる】被找到；被发现〈动1〉
見付ける	[みつける]		【みつける】找到；发现〈动2〉
見出し	[みだし]		【みだし】标题；（词典）词头〈名〉
見合い	[みあい]		【みあい】相亲（为结婚的见面）〈名〉
見合わせる	[みあわせる]		【みあわせる】互相对视；暂停；中止〈动2〉
見地	[けんち]		【けんち】观点；见解〈名〉
見学	[けんがく]		【けんがく】参观；见学〈名〉
見当	[けんとう]		【けんとう】估计；大略（見当がつく：能估计到）〈名〉
見慣れる	[みなれる]		【みなれる】看惯〈动2〉
見掛け	[みかけ]		【みかけ】外表；外观〈名〉
見掛ける	[みかける]		【みかける】偶然看见；开始看〈动2〉
見方	[みかた]		【みかた】看法；观点〈名〉
見晴らし	[みはらし]		【みはらし】眺望（的景色）；视野〈名〉
見本	[みほん]		【みほん】样品；样本〈名〉
見渡す	[みわたす]		【みわたす】纵览；环视〈动1〉
見物	[けんぶつ]		【けんぶつ】观光；游览；观看〈名〉
見直す	[みなおす]		【みなおす】重新看；（评价）改观〈动1〉
見積り	[みつもり]		【みつもり】估计；估算；报价〈名〉
見舞	[みまい]		【みまい】探望；慰问〈名〉
見舞い	[みまい]		【みまい】探望；慰问〈名〉
見舞う	[みまう]		【みまう】探望；问候〈动1〉
見苦しい	[みぐるしい]		【みぐるしい】难看的；丑陋的〈イ形〉
見落とす	[みおとす]		【みおとす】看漏；忽略〈动1〉
見解	[けんかい]		【けんかい】见解〈名〉
見込み	[みこみ]		【みこみ】预料；期望；可能性〈名〉
見送り	[みおくり]		【みおくり】送行；观望（暂缓）〈名〉
見送る	[みおくる]		【みおくる】送行；（提议）搁置〈动1〉
見逃す	[みのがす]		【みのがす】看漏；放过；放走〈动1〉
見通し	[みとおし]		【みとおし】预测；展望；眺望〈名〉
規制	[きせい]		【きせい】限制；规定〈名〉
規則	[きそく]		【きそく】规则；规章〈名〉
規定	[きてい]		【きてい】规定；章程〈名〉
規律	[きりつ]		【きりつ】纪律；规律〈名〉
規格	[きかく]		【きかく】规格；标准〈名〉
規模	[きぼ]		【きぼ】规模〈名〉
規準	[きじゅん]		【きじゅん】标准；基准〈名〉
規範	[きはん]		【きはん】规范；标准〈名〉
規約	[きやく]		【きやく】章程；规约；协约〈名〉
視察	[しさつ]		【しさつ】视察；考察〈名〉
視点	[してん]		【してん】视点；观点〈名〉
視覚	[しかく]		【しかく】视觉〈名〉
視野	[しや]		【しや】视野〈名〉
覗く	[のぞく]		【のぞく】窥视；（缝里）看〈动1〉
覚え	[おぼえ]		【おぼえ】记忆；（对…）熟悉；体验〈名〉
覚える	[おぼえる]		【おぼえる】记住；记得；学会〈动2〉
覚ます	[さます]		【さます】叫醒；使醒悟〈动1〉
覚める	[さめる]		【さめる】醒来；（梦）醒；（兴趣）减退〈动2〉
覚悟	[かくご]		【かくご】决心；精神准备〈名〉
親	[おや]		【おや】父母；双亲〈名〉
親しい	[したしい]		【したしい】亲近的；亲密的〈イ形〉
親しむ	[したしむ]		【したしむ】亲近；爱好；熟悉〈动1〉
親切	[しんせつ]		【しんせつ】热情；好意；亲切〈ナ形〉
親友	[しんゆう]		【しんゆう】好友；挚友〈名〉
親善	[しんぜん]		【しんぜん】友好；亲善〈名〉
親戚	[しんせき]		【しんせき】亲戚〈名〉
親指	[おやゆび]		【おやゆび】拇指〈名〉
親類	[しんるい]		【しんるい】亲戚〈名〉
観	[かん]		【かん】观点；看法〈名〉
観光	[かんこう]		【かんこう】观光；旅游〈名〉
観客	[かんきゃく]		【かんきゃく】观众〈名〉
観察	[かんさつ]		【かんさつ】观察〈名〉
観念	[かんねん]		【かんねん】观念；（不好的事）认命〈名〉
観測	[かんそく]		【かんそく】观测〈名〉
観点	[かんてん]		【かんてん】观点〈名〉
観衆	[かんしゅう]		【かんしゅう】观众；围观者〈名〉
観覧	[かんらん]		【かんらん】观看；浏览〈名〉
角	[かど]		【かど】角；拐角；棱角〈名〉
角度	[かくど]		【かくど】角度；（看问题的）角度〈名〉
解く	[とく]		【とく】解开；解答；解除〈动1〉
解ける	[とける]		【とける】解开；（问题）解决；（情绪）缓和〈动2〉
解剖	[かいぼう]		【かいぼう】解剖〈名〉
解放	[かいほう]		【かいほう】解放〈名〉
解散	[かいさん]		【かいさん】解散〈名〉
解決	[かいけつ]		【かいけつ】解决〈名〉
解答	[かいとう]		【かいとう】解答；答案〈名〉
解説	[かいせつ]		【かいせつ】解说；讲解〈名〉
解釈	[かいしゃく]		【かいしゃく】解释；理解〈名〉
解除	[かいじょ]		【かいじょ】解除；取消〈名〉
触る	[さわる]		【さわる】碰；触摸；接触〈动1〉
触れる	[ふれる]		【ふれる】碰；接触；涉及（话题）〈动2〉
言い付ける	[いいつける]		【いいつける】吩咐；（人）告状〈动2〉
言い出す	[いいだす]		【いいだす】开口说出；提议〈动1〉
言い訳	[いいわけ]		【いいわけ】借口；辩解〈名〉
言う	[いう]		【いう】说；讲；称〈动1〉
言わば	[いわば]		【いわば】可以说；好比说〈副〉
言付ける	[ことづける]		【ことづける】托带（口信）〈动2〉
言伝	[ことづて]		【ことづて】口信；传话；传闻〈名〉
言葉	[ことば]		【ことば】语言；词语；说法〈名〉
言葉遣い	[ことばづかい]		【ことばづかい】措辞；说法〈名〉
言語	[げんご]		【げんご】语言〈名〉
言論	[げんろん]		【げんろん】言论〈名〉
訂正	[ていせい]		【ていせい】订正；更正〈名〉
計	[けい]		【けい】计划；合计；（接尾）共计〈名〉
計る	[はかる]		【はかる】测量；计算；谋求〈动1〉
計器	[けいき]		【けいき】仪表；计量器〈名〉
計画	[けいかく]		【けいかく】计划；规划〈名〉
計算	[けいさん]		【けいさん】计算；算计〈名〉
討つ	[うつ]		【うつ】讨伐；报仇〈动1〉
討論	[とうろん]		【とうろん】讨论；辩论〈名〉
討議	[とうぎ]		【とうぎ】讨论；商讨〈名〉
訓	[くん]		【くん】训读（汉字的日语读法）〈名〉
訓練	[くんれん]		【くんれん】训练〈名〉
記す	[しるす]		【しるす】记下；写；记住〈动1〉
記事	[きじ]		【きじ】（新闻）报道；文章〈名〉
記入	[きにゅう]		【きにゅう】填写；记入〈名〉
記号	[きごう]		【きごう】记号；符号〈名〉
記名	[きめい]		【きめい】署名；记名〈名〉
記念	[きねん]		【きねん】纪念〈名〉
記憶	[きおく]		【きおく】记忆〈名〉
記者	[きしゃ]		【きしゃ】记者〈名〉
記載	[きさい]		【きさい】记载；写上〈名〉
記述	[きじゅつ]		【きじゅつ】记述；描述〈名〉
記録	[きろく]		【きろく】记录；（体育）纪录〈名〉
訪ねる	[たずねる]		【たずねる】拜访；访问〈动2〉
訪れる	[おとずれる]		【おとずれる】到访；拜访；（时运）来临〈动2〉
訪問	[ほうもん]		【ほうもん】访问；拜访〈名〉
設ける	[もうける]		【もうける】设置；预备〈动2〉
設備	[せつび]		【せつび】设备；设施〈名〉
設定	[せってい]		【せってい】设定；设立〈名〉
設立	[せつりつ]		【せつりつ】设立；创立〈名〉
設置	[せっち]		【せっち】设置；安置〈名〉
設計	[せっけい]		【せっけい】设计〈名〉
許す	[ゆるす]		【ゆるす】允许；原谅〈动1〉
許可	[きょか]		【きょか】许可；批准〈名〉
許容	[きょよう]		【きょよう】容许；宽容〈名〉
訳	[わけ]		【わけ】理由；缘故；（辨）意思（～という訳だ）〈名〉
訳す	[やくす]		【やくす】翻译〈动1〉
訴え	[うったえ]		【うったえ】控告；申诉；诉求〈名〉
訴える	[うったえる]		【うったえる】起诉；诉说；诉诸〈动2〉
訴訟	[そしょう]		【そしょう】诉讼〈名〉
診る	[みる]		【みる】诊断；看（病）〈动2〉
診察	[しんさつ]		【しんさつ】诊断；诊察〈名〉
診断	[しんだん]		【しんだん】诊断；（性格）判断〈名〉
診療	[しんりょう]		【しんりょう】诊疗；诊治〈名〉
証	[あかし]		【あかし】证明；证据〈名〉
証人	[しょうにん]		【しょうにん】证人〈名〉
証拠	[しょうこ]		【しょうこ】证据〈名〉
証明	[しょうめい]		【しょうめい】证明〈名〉
証言	[しょうげん]		【しょうげん】证言；作证〈名〉
詐欺	[さぎ]		【さぎ】诈骗；欺诈〈名〉
評価	[ひょうか]		【ひょうか】评价；评估〈名〉
評判	[ひょうばん]		【ひょうばん】评价；名声〈名〉
評論	[ひょうろん]		【ひょうろん】评论〈名〉
試し	[ためし]		【ためし】尝试；试验〈名〉
試す	[ためす]		【ためす】尝试；试验〈动1〉
試み	[こころみ]		【こころみ】尝试；试验〈名〉
試みる	[こころみる]		【こころみる】尝试；试验〈动2〉
試合	[しあい]		【しあい】比赛；（体育）竞赛〈名〉
試験	[しけん]		【しけん】考试；试验〈名〉
詩	[し]		【し】诗；诗歌〈名〉
詩人	[しじん]		【しじん】诗人〈名〉
詫び	[わび]		【わび】道歉；赔礼〈名〉
詫びる	[わびる]		【わびる】道歉；赔罪〈动2〉
詰まり	[つまり]		【つまり】总之；到底还是〈副〉；堵塞〈名〉
詰まる	[つまる]		【つまる】堵塞；（话）噎；（理由）说尽〈动1〉
詰める	[つめる]		【つめる】塞进；（座）挤；缩短〈动2〉
詰らない	[つまらない]		【つまらない】无聊的；没意思的〈イ形〉
詰る	[なじる]		【なじる】责备；诘问〈动1〉
話	[はなし]		【はなし】话；谈话；故事〈名〉
話し合い	[はなしあい]		【はなしあい】商量；谈话；协商〈名〉
話し合う	[はなしあう]		【はなしあう】商量；讨论〈动1〉
話し掛ける	[はなしかける]		【はなしかける】搭话；跟……攀谈〈动2〉
話す	[はなす]		【はなす】说；讲；谈〈动1〉
話中	[はなしちゅう]		【はなしちゅう】（电话）占线；正说话时〈名〉
話合い	[はなしあい]		【はなしあい】商量；协商〈名〉
話題	[わだい]		【わだい】话题〈名〉
該当	[がいとう]		【がいとう】符合；相当于〈名〉
詳しい	[くわしい]		【くわしい】详细的；精通的〈イ形〉
詳細	[しょうさい]		【しょうさい】详细；详情〈ナ形〉
誂える	[あつらえる]		【あつらえる】定做；订制〈动2〉
誇り	[ほこり]		【ほこり】自豪；自尊〈名〉
誇る	[ほこる]		【ほこる】夸耀；自豪〈动1〉
誇張	[こちょう]		【こちょう】夸张〈名〉
認める	[みとめる]		【みとめる】承认；认可；认定〈动2〉
認識	[にんしき]		【にんしき】认识；认知〈名〉
誓う	[ちかう]		【ちかう】发誓；起誓〈动1〉
誕生	[たんじょう]		【たんじょう】诞生〈名〉
誕生日	[たんじょうび]		【たんじょうび】生日〈名〉
誘う	[さそう]		【さそう】邀请；劝诱〈动1〉
誘導	[ゆうどう]		【ゆうどう】诱导；引导〈名〉
誘惑	[ゆうわく]		【ゆうわく】诱惑〈名〉
語	[ご]		【ご】（接尾）语；词〈接尾〉
語る	[かたる]		【かたる】讲述；谈〈动1〉
語句	[ごく]		【ごく】词句；词语〈名〉
語学	[ごがく]		【ごがく】外语（学习）；语言学习〈名〉
語彙	[ごい]		【ごい】词汇〈名〉
語源	[ごげん]		【ごげん】词源〈名〉
誠	[まこと]		【まこと】诚；真诚〈名〉
誠実	[せいじつ]		【せいじつ】诚实；真诚〈ナ形〉
誤り	[あやまり]		【あやまり】错误〈名〉
誤る	[あやまる]		【あやまる】犯错误；弄错〈动1〉
誤差	[ごさ]		【ごさ】误差〈名〉
誤解	[ごかい]		【ごかい】误解〈名〉
誤魔化す	[ごまかす]		【ごまかす】敷衍；蒙混；掩饰〈动1〉
説	[せつ]		【せつ】学说；说法；（量词）种（学说）〈名〉
説く	[とく]		【とく】讲解；劝说；宣扬〈动1〉
説得	[せっとく]		【せっとく】说服〈名〉
説明	[せつめい]		【せつめい】说明；解释〈名〉
読み	[よみ]		【よみ】读法；（字）读音〈名〉
読み上げる	[よみあげる]		【よみあげる】朗读；念出（声）〈动2〉
読む	[よむ]		【よむ】读；阅读；念〈动1〉
読書	[どくしょ]		【どくしょ】读书〈名〉
読者	[どくしゃ]		【どくしゃ】读者〈名〉
誰	[だれ]		【だれ】谁〈代〉
誰か	[だれか]		【だれか】某人；有人〈代〉
課	[か]		【か】课；（机关）科；课税〈名〉
課外	[かがい]		【かがい】课外〈名〉
課程	[かてい]		【かてい】课程〈名〉
課税	[かぜい]		【かぜい】课税；征税〈名〉
課長	[かちょう]		【かちょう】科长；课长〈名〉
課題	[かだい]		【かだい】课题；题目；任务〈名〉
調べ	[しらべ]		【しらべ】调查；查明〈名〉
調べる	[しらべる]		【しらべる】调查；查明；（字典）查阅〈动2〉
調停	[ちょうてい]		【ちょうてい】调解；调停〈名〉
調印	[ちょういん]		【ちょういん】签署；签字〈名〉
調味料	[ちょうみりょう]		【ちょうみりょう】调味料〈名〉
調和	[ちょうわ]		【ちょうわ】调和；和谐〈名〉
調子	[ちょうし]		【ちょうし】状态；（乐）调子；（说话）语气〈名〉
調整	[ちょうせい]		【ちょうせい】调整〈名〉
調査	[ちょうさ]		【ちょうさ】调查〈名〉
調理	[ちょうり]		【ちょうり】烹调；料理〈名〉
調節	[ちょうせつ]		【ちょうせつ】调节〈名〉
諄い	[くどい]		【くどい】啰嗦；絮叨；（味道）浓腻〈イ形〉
請う	[こう]		【こう】请求；乞求〈动1〉
請求	[せいきゅう]		【せいきゅう】索款；催缴〈名〉
論じる	[ろんじる]		【ろんじる】论述；讨论〈动2〉
論ずる	[ろんずる]		【ろんずる】论述；讨论〈动3〉
論争	[ろんそう]		【ろんそう】争论；论战〈名〉
論文	[ろんぶん]		【ろんぶん】论文〈名〉
論理	[ろんり]		【ろんり】逻辑〈名〉
論議	[ろんぎ]		【ろんぎ】讨论；争论〈名〉
諦め	[あきらめ]		【あきらめ】死心；断念；接受〈名〉
諦める	[あきらめる]		【あきらめる】死心；放弃〈动2〉
諮る	[はかる]		【はかる】商量；咨询〈动1〉
諸	[しょ]		【しょ】诸；各〈接头〉
諸君	[しょくん]		【しょくん】诸位；各位〈名〉
諺	[ことわざ]		【ことわざ】谚语；格言〈名〉
謎	[なぞ]		【なぞ】谜；谜团〈名〉
謎謎	[なぞなぞ]		【なぞなぞ】谜语〈名〉
謙る	[へりくだる]		【へりくだる】谦逊；谦恭〈动1〉
謙虚	[けんきょ]		【けんきょ】谦虚〈ナ形〉
謙遜	[けんそん]		【けんそん】谦逊；自谦〈名〉
講堂	[こうどう]		【こうどう】礼堂；大讲堂〈名〉
講師	[こうし]		【こうし】讲师〈名〉
講演	[こうえん]		【こうえん】讲演；报告〈名〉
講義	[こうぎ]		【こうぎ】讲课；课程〈名〉
講習	[こうしゅう]		【こうしゅう】讲习；培训〈名〉
講読	[こうどく]		【こうどく】讲读；精读〈名〉
謝る	[あやまる]		【あやまる】道歉；谢罪〈动1〉
謝絶	[しゃぜつ]		【しゃぜつ】谢绝；拒绝〈名〉
警備	[けいび]		【けいび】警备；警戒〈名〉
警告	[けいこく]		【けいこく】警告〈名〉
警官	[けいかん]		【けいかん】警察；警官〈名〉
警察	[けいさつ]		【けいさつ】警察；警方〈名〉
警戒	[けいかい]		【けいかい】警戒；警惕〈名〉
警部	[けいぶ]		【けいぶ】警部（日本警察职称）〈名〉
議事堂	[ぎじどう]		【ぎじどう】议事堂；国会议事堂〈名〉
議会	[ぎかい]		【ぎかい】议会〈名〉
議員	[ぎいん]		【ぎいん】议员〈名〉
議案	[ぎあん]		【ぎあん】议案〈名〉
議決	[ぎけつ]		【ぎけつ】议决；表决〈名〉
議論	[ぎろん]		【ぎろん】议论；争论〈名〉
議長	[ぎちょう]		【ぎちょう】议长；主持人〈名〉
議題	[ぎだい]		【ぎだい】议题〈名〉
譲る	[ゆずる]		【ゆずる】让给；转让；（路）让〈动1〉
譲歩	[じょうほ]		【じょうほ】让步〈名〉
護衛	[ごえい]		【ごえい】护卫；警卫〈名〉
谷	[たに]		【たに】山谷；谷〈名〉
豆	[まめ]		【まめ】豆；豆子〈名〉
豊か	[ゆたか]		【ゆたか】丰富的；富裕的〈ナ形〉
豊作	[ほうさく]		【ほうさく】丰收〈名〉
豊富	[ほうふ]		【ほうふ】丰富〈ナ形〉
豚肉	[ぶたにく]		【ぶたにく】猪肉〈名〉
象	[ぞう]		【ぞう】大象〈名〉
象徴	[しょうちょう]		【しょうちょう】象征〈名〉
豪華	[ごうか]		【ごうか】豪华；奢华〈ナ形〉
貝	[かい]		【かい】贝；贝壳〈名〉
貝殻	[かいがら]		【かいがら】贝壳〈名〉
負う	[おう]		【おう】背；担负；蒙受〈动1〉
負かす	[まかす]		【まかす】打败；击败〈动1〉
負け	[まけ]		【まけ】输；败〈名〉
負ける	[まける]		【まける】输；败；（价格）让利〈动2〉
負債	[ふさい]		【ふさい】负债〈名〉
負傷	[ふしょう]		【ふしょう】负伤；受伤〈名〉
負担	[ふたん]		【ふたん】负担〈名〉
財	[ざい]		【ざい】财富；财宝〈名〉
財布	[さいふ]		【さいふ】钱包〈名〉
財政	[ざいせい]		【ざいせい】财政〈名〉
財源	[ざいげん]		【ざいげん】财源；资金来源〈名〉
財産	[ざいさん]		【ざいさん】财产〈名〉
貢献	[こうけん]		【こうけん】贡献〈名〉
貧しい	[まずしい]		【まずしい】贫穷的；贫乏的〈イ形〉
貧乏	[びんぼう]		【びんぼう】贫穷〈ナ形〉
貧困	[ひんこん]		【ひんこん】贫困；缺乏〈名〉
貧弱	[ひんじゃく]		【ひんじゃく】贫弱；瘦弱〈ナ形〉
貨幣	[かへい]		【かへい】货币〈名〉
貨物	[かもつ]		【かもつ】货物〈名〉
販売	[はんばい]		【はんばい】销售〈名〉
貫く	[つらぬく]		【つらぬく】贯穿；贯彻〈动1〉
貫禄	[かんろく]		【かんろく】威严；气度；魄力〈名〉
責める	[せめる]		【せめる】责备；指责〈动2〉
責任	[せきにん]		【せきにん】责任〈名〉
責務	[せきむ]		【せきむ】职责；义务〈名〉
貯蓄	[ちょちく]		【ちょちく】储蓄〈名〉
貯蔵	[ちょぞう]		【ちょぞう】储藏〈名〉
貯金	[ちょきん]		【ちょきん】存款；攒钱〈名〉
貰う	[もらう]		【もらう】领受；得到；请（人做）〈动1〉
貴い	[たっとい]		【たっとい】珍贵的；尊贵的〈イ形〉
貴女	[あなた]		【あなた】你；您（对女性的敬称）〈代〉
貴族	[きぞく]		【きぞく】贵族〈名〉
貴重	[きちょう]		【きちょう】贵重；珍贵〈ナ形〉
貶す	[けなす]		【けなす】贬低；说坏话〈动1〉
買い物	[かいもの]		【かいもの】购物；买东西〈名〉
買う	[かう]		【かう】买；购买；招致〈动1〉
貸し	[かし]		【かし】出借；（人情）恩惠〈名〉
貸し出し	[かしだし]		【かしだし】出借；（图书）外借〈名〉
貸す	[かす]		【かす】借出；借给；出租〈动1〉
貸家	[かしや]		【かしや】出租的房屋〈名〉
貸間	[かしま]		【かしま】出租的房间〈名〉
費	[ひ]		【ひ】费用〈名〉
費やす	[ついやす]		【ついやす】耗费；花费；浪费〈动1〉
費用	[ひよう]		【ひよう】费用〈名〉
貼る	[はる]		【はる】贴；粘；张（贴）〈动1〉
貿易	[ぼうえき]		【ぼうえき】贸易〈名〉
賃金	[ちんぎん]		【ちんぎん】工资〈名〉
賄う	[まかなう]		【まかなう】供给伙食；维持；设法弄到〈动1〉
資料	[しりょう]		【しりょう】资料〈名〉
資本	[しほん]		【しほん】资本〈名〉
資格	[しかく]		【しかく】资格〈名〉
資源	[しげん]		【しげん】资源〈名〉
資産	[しさん]		【しさん】资产〈名〉
資金	[しきん]		【しきん】资金〈名〉
賑やか	[にぎやか]		【にぎやか】热闹的；繁华的〈ナ形〉
賑わう	[にぎわう]		【にぎわう】热闹；兴旺〈动1〉
賛成	[さんせい]		【さんせい】赞成〈名〉
賛美	[さんび]		【さんび】赞美〈名〉
賜る	[たまわる]		【たまわる】赐；赏赐〈动1〉
賞	[しょう]		【しょう】奖；奖品〈名〉
賞品	[しょうひん]		【しょうひん】奖品〈名〉
賞金	[しょうきん]		【しょうきん】奖金〈名〉
賠償	[ばいしょう]		【ばいしょう】赔偿〈名〉
賢い	[かしこい]		【かしこい】聪明的；明智的〈イ形〉
賢明	[けんめい]		【けんめい】贤明；明智〈ナ形〉
質	[しつ]		【しつ】质量；品质；（人的）素质〈名〉
質問	[しつもん]		【しつもん】提问；问题〈名〉
質疑	[しつぎ]		【しつぎ】质疑；提问〈名〉
質素	[しっそ]		【しっそ】朴素；简朴〈ナ形〉
賭け	[かけ]		【かけ】赌；赌注〈名〉
賭ける	[かける]		【かける】赌；豁出去〈动2〉
購入	[こうにゅう]		【こうにゅう】购买〈名〉
購読	[こうどく]		【こうどく】订阅〈名〉
購買	[こうばい]		【こうばい】购买〈名〉
贅沢	[ぜいたく]		【ぜいたく】奢侈；过分的要求〈ナ形〉
贈り物	[おくりもの]		【おくりもの】礼物；赠品〈名〉
贈る	[おくる]		【おくる】赠送；授予〈动1〉
贋物	[がんぶつ]		【がんぶつ】赝品；假货〈名〉
赤	[あか]		【あか】红色〈名〉
赤い	[あかい]		【あかい】红色的〈イ形〉
赤ちゃん	[あかちゃん]		【あかちゃん】婴儿〈名〉
赤らむ	[あからむ]		【あからむ】发红；脸红〈动1〉
赤ん坊	[あかんぼう]		【あかんぼう】婴儿；宝宝〈名〉
赤字	[あかじ]		【あかじ】赤字；亏空〈名〉
赤道	[せきどう]		【せきどう】赤道〈名〉
走る	[はしる]		【はしる】跑；奔跑；（车）行驶〈动1〉
走行	[そうこう]		【そうこう】行驶；（车辆的）行驶〈名〉
赴く	[おもむく]		【おもむく】赴；前往；趋向〈动1〉
赴任	[ふにん]		【ふにん】赴任；上任〈名〉
起きる	[おきる]		【おきる】起床；（事情）发生〈动2〉
起こす	[おこす]		【おこす】叫醒；引起；掀起〈动1〉
起こる	[おこる]		【おこる】发生；兴起〈动1〉
起伏	[きふく]		【きふく】起伏〈名〉
起床	[きしょう]		【きしょう】起床〈名〉
起源	[きげん]		【きげん】起源〈名〉
起点	[きてん]		【きてん】起点〈名〉
超	[ちょう]		【ちょう】超；超级〈接头〉
超える	[こえる]		【こえる】超过；越过〈动2〉
超す	[こす]		【こす】超过；（气温）超过〈动1〉
超過	[ちょうか]		【ちょうか】超过〈名〉
越える	[こえる]		【こえる】越过；超过〈动2〉
越す	[こす]		【こす】越过；搬家；（敬）去〈动1〉
趣	[おもむき]		【おもむき】趣味；风趣；情景〈名〉
趣味	[しゅみ]		【しゅみ】爱好；兴趣；趣味〈名〉
趣旨	[しゅし]		【しゅし】主旨；宗旨〈名〉
足	[あし]		【あし】脚；腿；（量词）双（鞋袜）〈名〉
足し算	[たしざん]		【たしざん】加法〈名〉
足す	[たす]		【たす】加；加上；添〈动1〉
足りる	[たりる]		【たりる】足够；够〈动2〉
足る	[たる]		【たる】足够〈动1〉
足袋	[たび]		【たび】足袋（分趾袜）〈名〉
足跡	[あしあと]		【あしあと】足迹〈名〉
距離	[きょり]		【きょり】距离；间隔〈名〉
跡	[あと]		【あと】痕迹；遗迹；（前一）任〈名〉
跡切れる	[とぎれる]		【とぎれる】中断；间断〈动2〉
跡継ぎ	[あとつぎ]		【あとつぎ】继承人；接班人〈名〉
跨がる	[またがる]		【またがる】横跨；骑；跨过〈动1〉
跨ぐ	[またぐ]		【またぐ】跨过；跨越〈动1〉
跳ねる	[はねる]		【はねる】跳；（行情）上涨；（水）溅〈动2〉
跳ぶ	[とぶ]		【とぶ】跳；（心）跳〈动1〉
踊り	[おどり]		【おどり】舞蹈〈名〉
踊る	[おどる]		【おどる】跳舞〈动1〉
踏まえる	[ふまえる]		【ふまえる】基于；根据〈动2〉
踏む	[ふむ]		【ふむ】踩；踏；（守）规则〈动1〉
踏切	[ふみきり]		【ふみきり】（铁路）道口；（跳）起跳〈名〉
踵	[かかと]		【かかと】脚后跟；（鞋）跟〈名〉
蹴る	[ける]		【ける】踢〈动1〉
蹴飛ばす	[けとばす]		【けとばす】踢飞；踢开〈动1〉
躊躇う	[ためらう]		【ためらう】犹豫〈动1〉
躓く	[つまずく]		【つまずく】跌倒；受挫〈动1〉
身	[み]		【み】身体；自身〈名〉
身なり	[みなり]		【みなり】打扮；装束〈名〉
身体	[しんたい]		【しんたい】身体〈名〉
身分	[みぶん]		【みぶん】身份〈名〉
身振り	[みぶり]		【みぶり】手势；（对方的态度）示意〈名〉
身近	[みぢか]		【みぢか】身边；周围；切身〈ナ形〉
身長	[しんちょう]		【しんちょう】身高〈名〉
躾	[しつけ]		【しつけ】管教；教养〈名〉
軈て	[やがて]		【やがて】不久；终于〈副〉
車	[くるま]		【くるま】车；汽车〈名〉
車庫	[しゃこ]		【しゃこ】车库〈名〉
車掌	[しゃしょう]		【しゃしょう】（列车）乘务员；列车员〈名〉
車輪	[しゃりん]		【しゃりん】车轮〈名〉
軋む	[きしむ]		【きしむ】嘎吱嘎吱响；（关系）紧张〈动1〉
軌道	[きどう]		【きどう】轨道；（人生）轨迹〈名〉
軍	[ぐん]		【ぐん】军队；（量词）军〈名〉
軍事	[ぐんじ]		【ぐんじ】军事〈名〉
軍備	[ぐんび]		【ぐんび】军备〈名〉
軍服	[ぐんぷく]		【ぐんぷく】军服〈名〉
軍艦	[ぐんかん]		【ぐんかん】军舰〈名〉
軍隊	[ぐんたい]		【ぐんたい】军队〈名〉
軒	[けん]		【けん】房檐；（量词，房屋）户〈名〉
軒並み	[のきなみ]		【のきなみ】（整排）接连；都〈副〉
軟らかい	[やわらかい]		【やわらかい】柔软的；软的〈イ形〉
転がす	[ころがす]		【ころがす】滚动；使倒下〈动1〉
転がる	[ころがる]		【ころがる】滚动；（物体）倒〈动1〉
転じる	[てんじる]		【てんじる】变；转变；改任〈动2〉
転ぶ	[ころぶ]		【ころぶ】摔倒；（方针）转变〈动1〉
転任	[てんにん]		【てんにん】调职；调动〈名〉
転勤	[てんきん]		【てんきん】（工作）调动〈名〉
転回	[てんかい]		【てんかい】旋转；转变〈名〉
転居	[てんきょ]		【てんきょ】迁居；搬家〈名〉
転換	[てんかん]		【てんかん】转换；转变〈名〉
転校	[てんこう]		【てんこう】转学〈名〉
転落	[てんらく]		【てんらく】跌落；堕落；暴跌〈名〉
転転	[てんてん]		【てんてん】辗转；流浪〈名〉
軸	[じく]		【じく】轴；轴心〈名〉
軽い	[かるい]		【かるい】轻的；轻微的；（口味）清淡〈イ形〉
軽快	[けいかい]		【けいかい】轻快；轻便〈ナ形〉
軽減	[けいげん]		【けいげん】减轻〈名〉
軽率	[けいそつ]		【けいそつ】轻率；草率〈ナ形〉
軽蔑	[けいべつ]		【けいべつ】轻蔑〈名〉
載せる	[のせる]		【のせる】装载；（车）载；（报刊）登〈动2〉
載る	[のる]		【のる】（报刊）刊登〈动1〉
輝く	[かがやく]		【かがやく】闪耀；放光〈动1〉
輪	[わ]		【わ】环；圈；（花）圈；（车轮的）量词〈名〉
輸入	[ゆにゅう]		【ゆにゅうする】进口〈名〉
輸出	[ゆしゅつ]		【ゆしゅつする】出口〈名〉
輸血	[ゆけつ]		【ゆけつ】输血〈名〉
輸送	[ゆそう]		【ゆそう】运输〈名〉
轢く	[ひく]		【ひく】（车）碾；轧（人）〈动1〉
辛い	[からい]		【からい】辣的；咸的〈イ形〉
辛うじて	[かろうじて]		【かろうじて】好不容易才；勉强〈副〉
辛抱	[しんぼう]		【しんぼう】忍耐；忍受；耐心〈名〉
辞める	[やめる]		【やめる】辞职；辞退〈动2〉
辞典	[じてん]		【じてん】词典；辞典〈名〉
辞書	[じしょ]		【じしょ】词典；字典〈名〉
辞職	[じしょく]		【じしょく】辞职〈名〉
辞退	[じたい]		【じたい】辞退；谢绝〈名〉
辟易	[へきえき]		【へきえき】畏缩；退缩；厌烦〈名〉
農地	[のうち]		【のうち】农地；耕地〈名〉
農場	[のうじょう]		【のうじょう】农场〈名〉
農家	[のうか]		【のうか】农户；农家〈名〉
農村	[のうそん]		【のうそん】农村〈名〉
農業	[のうぎょう]		【のうぎょう】农业〈名〉
農民	[のうみん]		【のうみん】农民〈名〉
農産物	[のうさんぶつ]		【のうさんぶつ】农产品〈名〉
農耕	[のうこう]		【のうこう】农耕〈名〉
農薬	[のうやく]		【のうやく】农药〈名〉
辺	[へん]		【へん】一带；附近；地区〈名〉
辺り	[あたり]		【あたり】附近；周围〈名〉
辻褄	[つじつま]		【つじつま】前后一致；（话）连贯〈名〉
込む	[こむ]		【こむ】拥挤；进入；包含〈动1〉
込める	[こめる]		【こめる】倾注（感情）；装填〈动2〉
辿り着く	[たどりつく]		【たどりつく】好不容易走到；辗转到达〈动1〉
辿る	[たどる]		【たどる】沿着（走）；追溯；摸索前进〈动1〉
迅速	[じんそく]		【じんそく】迅速〈ナ形〉
迎え	[むかえ]		【むかえ】迎接；（接）人〈名〉
迎える	[むかえる]		【むかえる】迎接；接（人）；聘请〈动2〉
近々	[ちかぢか]		【ちかぢか】近日；不久〈副〉
近い	[ちかい]		【ちかい】近的；靠近的；（关系）亲近〈イ形〉
近く	[ちかく]		【ちかく】附近；近处〈名〉
近付く	[ちかづく]		【ちかづく】靠近；接近；交往起来〈动1〉
近付ける	[ちかづける]		【ちかづける】使靠近；让……接近〈动2〉
近代	[きんだい]		【きんだい】近代；现代〈名〉
近寄る	[ちかよる]		【ちかよる】靠近；接近〈动1〉
近所	[きんじょ]		【きんじょ】附近；邻里〈名〉
近眼	[きんがん]		【きんがん】近视（眼）〈名〉
近視	[きんし]		【きんし】近视〈名〉
近郊	[きんこう]		【きんこう】近郊〈名〉
近頃	[ちかごろ]		【ちかごろ】近来；最近〈名〉
返す	[かえす]		【かえす】归还；偿还〈动1〉
返る	[かえる]		【かえる】返回；恢复（原状）；（记忆）恢复〈动1〉
返事	[へんじ]		【へんじ】回信；回答；答应〈名〉
返済	[へんさい]		【へんさい】偿还；还债〈名〉
返答	[へんとう]		【へんとう】回答；答复〈名〉
返還	[へんかん]		【へんかん】归还；退还〈名〉
迚も	[とても]		【とても】非常；很〈副〉
迫る	[せまる]		【せまる】逼近；（期限）迫近〈动1〉
迫害	[はくがい]		【はくがい】迫害〈名〉
述べる	[のべる]		【のべる】陈述；叙述〈动2〉
述語	[じゅつご]		【じゅつご】谓语〈名〉
迷信	[めいしん]		【めいしん】迷信〈名〉
迷子	[まいご]		【まいご】迷路（的孩子）〈名〉
迷惑	[めいわく]		【めいわく】麻烦；为难〈ナ形〉
追い付く	[おいつく]		【おいつく】赶上；追上〈动1〉
追い出す	[おいだす]		【おいだす】赶出；驱逐〈动1〉
追い掛ける	[おいかける]		【おいかける】追赶；追逐〈动2〉
追い越す	[おいこす]		【おいこす】超过；超车〈动1〉
追い込む	[おいこむ]		【おいこむ】逼入；赶进；陷入〈动1〉
追う	[おう]		【おう】追；赶；追求〈动1〉
追加	[ついか]		【ついか】追加；添加〈名〉
追及	[ついきゅう]		【ついきゅう】追究；追上〈名〉
追放	[ついほう]		【ついほう】驱逐；放逐〈名〉
追跡	[ついせき]		【ついせき】追踪；跟踪〈名〉
退く	[しりぞく・のく]		【しりぞく・のく】后退；退出；撤退〈动1〉
退ける	[どける]		【どける】挪开；（人）撤掉〈动2〉
退化	[たいか]		【たいか】退化〈名〉
退学	[たいがく]		【たいがく】退学〈名〉
退屈	[たいくつ]		【たいくつ】无聊；厌倦〈ナ形〉
退治	[たいじ]		【たいじ】消灭；讨伐〈名〉
退職	[たいしょく]		【たいしょく】退休；离职〈名〉
退院	[たいいんする]		【たいいんする】出院〈名〉
送り仮名	[おくりがな]		【おくりがな】送假名〈名〉
送る	[おくる]		【おくる】寄；送；（人）陪同；度（日）〈动1〉
送別	[そうべつ]		【そうべつ】送别〈名〉
送料	[そうりょう]		【そうりょう】运费；邮费〈名〉
送金	[そうきん]		【そうきん】汇款；寄钱〈名〉
逃がす	[にがす]		【にがす】放走；放跑〈动1〉
逃げる	[にげる]		【にげる】逃跑；躲避〈动2〉
逃げ出す	[にげだす]		【にげだす】逃出；开始逃跑〈动1〉
逃す	[のがす]		【のがす】错过；放跑〈动1〉
逃れる	[のがれる]		【のがれる】逃脱；逃避〈动2〉
逃亡	[とうぼう]		【とうぼう】逃亡〈名〉
逃走	[とうそう]		【とうそう】逃跑；逃走〈名〉
逆	[ぎゃく]		【ぎゃく】逆；相反〈ナ形〉
逆さ	[さかさ]		【さかさ】倒；颠倒〈ナ形〉
逆らう	[さからう]		【さからう】违抗；逆行〈动1〉
逆上る	[さかのぼる]		【さかのぼる】溯（流）而上；追溯〈动1〉
逆様	[さかさま]		【さかさま】颠倒；倒立〈ナ形〉
逆立ち	[さかだち]		【さかだち】倒立〈名〉
逆転	[ぎゃくてん]		【ぎゃくてん】逆转；反败为胜〈名〉
透き通る	[すきとおる]		【すきとおる】透明；（声）清澈〈动1〉
透明	[とうめい]		【とうめい】透明〈ナ形〉
途上	[とじょう]		【とじょう】途中；（发展）中途〈名〉
途中	[とちゅう]		【とちゅう】途中；中途〈名〉
途端	[とたん]		【とたん】正当……之时（～た途端）〈名〉
途絶える	[とだえる]		【とだえる】中断；断绝〈动2〉
這う	[はう]		【はう】爬；（蛇）游〈动1〉
通	[つう]		【つう】精通；内行；（量）封（信）〈名〉
通う	[かよう]		【かよう】（定期）往来；上学、上班〈动1〉
通じる	[つうじる]		【つうじる】通到；（意思）相通〈动2〉
通す	[とおす]		【とおす】通过；让……通过；坚持到底〈动1〉
通り	[とおり]		【とおり】大街；（按）～那样；情形；～种〈名〉
通りかかる	[とおりかかる]		【とおりかかる】碰巧路过〈动1〉
通り掛かる	[とおりかかる]		【とおりかかる】路过；碰巧经过〈动1〉
通り過ぎる	[とおりすぎる]		【とおりすぎる】走过；通过〈动2〉
通る	[とおる]		【とおる】通过；穿过；（车）经过〈动1〉
通信	[つうしん]		【つうしん】通信；通讯〈名〉
通勤	[つうきん]		【つうきん】通勤；上班〈名〉
通学	[つうがく]		【つうがく】上学（走读）〈名〉
通帳	[つうちょう]		【つうちょう】存折〈名〉
通常	[つうじょう]		【つうじょう】通常；平常〈名〉
通用	[つうよう]		【つうよう】通用；（理由）行得通〈名〉
通知	[つうち]		【つうち】通知〈名〉
通行	[つうこう]		【つうこう】通行〈名〉
通訳	[つうやく]		【つうやく】口译；（当）翻译〈名〉
通貨	[つうか]		【つうか】通货；货币〈名〉
通路	[つうろ]		【つうろ】通路；通道〈名〉
通過	[つうか]		【つうか】通过；经过〈名〉
逞しい	[たくましい]		【たくましい】魁梧；坚强；茁壮〈イ形〉
速い	[はやい]		【はやい】快的；迅速的〈イ形〉
速力	[そくりょく]		【そくりょく】速度〈名〉
速度	[そくど]		【そくど】速度〈名〉
速達	[そくたつ]		【そくたつ】快递；快件〈名〉
造り	[つくり]		【つくり】构造；结构；体格〈名〉
造る	[つくる]		【つくる】制造；建造；酿造〈动1〉
造船	[ぞうせん]		【ぞうせん】造船〈名〉
連なる	[つらなる]		【つらなる】成排；连绵〈动1〉
連ねる	[つらねる]		【つらねる】连成一排；罗列〈动2〉
連れ	[つれ]		【つれ】同伴；同行者〈名〉
連れる	[つれる]		【つれる】带（人）；领着〈动2〉
連中	[れんじゅう]		【れんじゅう】一伙人；同伴〈名〉
連休	[れんきゅう]		【れんきゅう】连休；连续假期〈名〉
連合	[れんごう]		【れんごう】联合；联盟〈名〉
連帯	[れんたい]		【れんたい】团结；连带〈名〉
連想	[れんそう]		【れんそう】联想〈名〉
連日	[れんじつ]		【れんじつ】连日；每天〈名〉
連盟	[れんめい]		【れんめい】联盟〈名〉
連絡	[れんらく]		【れんらく】联系；联络〈名〉
連続	[れんぞく]		【れんぞく】连续；（电视）连续剧〈名〉
連邦	[れんぽう]		【れんぽう】联邦〈名〉
逮捕	[たいほ]		【たいほ】逮捕〈名〉
週	[しゅう]		【しゅう】星期；周〈名〉
週間	[しゅうかん]		【しゅうかん】（量词）周；星期〈名〉
進み	[すすみ]		【すすみ】进展；进步〈名〉
進む	[すすむ]		【すすむ】前进；（技术）进步；（钟表）快〈动1〉
進める	[すすめる]		【すすめる】推进；使前进〈动2〉
進出	[しんしゅつ]		【しんしゅつ】进入；打进（市场）〈名〉
進化	[しんか]		【しんか】进化〈名〉
進呈	[しんてい]		【しんてい】赠送；敬赠〈名〉
進学	[しんがく]		【しんがく】升学〈名〉
進展	[しんてん]		【しんてん】进展；发展〈名〉
進度	[しんど]		【しんど】进度〈名〉
進歩	[しんぽ]		【しんぽ】进步〈名〉
進行	[しんこう]		【しんこう】进行；（病情）发展〈名〉
進路	[しんろ]		【しんろ】前进路线；（升学、就业）出路〈名〉
逸らす	[そらす]		【そらす】（把视线）移开；岔开（话题）；使偏离〈动1〉
逸れる	[それる]		【それる】偏离；（话题）跑偏；（视线）移开〈动2〉
遂げる	[とげる]		【とげる】完成；达到〈动2〉
遂に	[ついに]		【ついに】终于；终究〈副〉
遅い	[おそい]		【おそい】迟的；晚的；慢的〈イ形〉
遅くとも	[おそくとも]		【おそくとも】最迟〈副〉
遅らす	[おくらす]		【おくらす】推迟；延迟〈动1〉
遅れ	[おくれ]		【おくれ】迟延；落后〈名〉
遅れる	[おくれる]		【おくれる】迟到；延误；落后〈动2〉
遅刻	[ちこく]		【ちこく】迟到〈名〉
遊び	[あそび]		【あそび】玩；游戏；消遣〈名〉
遊ぶ	[あそぶ]		【あそぶ】玩；游玩；消遣〈动1〉
遊園地	[ゆうえんち]		【ゆうえんち】游乐园〈名〉
遊牧	[ゆうぼく]		【ゆうぼく】游牧〈名〉
運	[うん]		【うん】运气〈名〉
運ぶ	[はこぶ]		【はこぶ】搬运；运送；进行（顺利）〈动1〉
運動	[うんどう]		【うんどう】运动；体育活动〈名〉
運命	[うんめい]		【うんめい】命运〈名〉
運営	[うんえい]		【うんえい】运营；管理〈名〉
運搬	[うんぱん]		【うんぱん】搬运〈名〉
運河	[うんが]		【うんが】运河〈名〉
運用	[うんよう]		【うんよう】运用；（资金）投资运用〈名〉
運賃	[うんちん]		【うんちん】运费；车费〈名〉
運転	[うんてん]		【うんてんする】驾驶；（机器）运转〈名〉
運転手	[うんてんしゅ]		【うんてんしゅ】司机〈名〉
運輸	[うんゆ]		【うんゆ】运输〈名〉
運送	[うんそう]		【うんそう】运送；货运〈名〉
過ぎ	[すぎ]		【すぎ】（接尾）…之后；超过〈接尾〉
過ぎる	[すぎる]		【すぎる】通过；超过；（时间）流逝；过于〈动2〉
過ごす	[すごす]		【すごす】度过；（时间）过〈动1〉
過ち	[あやまち]		【あやまち】过错；失误〈名〉
過剰	[かじょう]		【かじょう】过剩〈ナ形〉
過労	[かろう]		【かろう】过度劳累〈名〉
過半数	[かはんすう]		【かはんすう】过半数〈名〉
過去	[かこ]		【かこ】过去〈名〉
過多	[かた]		【かた】过多〈ナ形〉
過失	[かしつ]		【かしつ】过失〈名〉
過密	[かみつ]		【かみつ】过密；过于集中〈名〉
過疎	[かそ]		【かそ】（人口）过稀；萧条〈名〉
過程	[かてい]		【かてい】过程〈名〉
道	[みち]		【みち】路；道路；方法〈名〉
道具	[どうぐ]		【どうぐ】工具；器具〈名〉
道場	[どうじょう]		【どうじょう】道场；练功房〈名〉
道徳	[どうとく]		【どうとく】道德〈名〉
道路	[どうろ]		【どうろ】道路；公路〈名〉
道順	[みちじゅん]		【みちじゅん】路线；走法〈名〉
達する	[たっする]		【たっする】达到〈动3〉
達成	[たっせい]		【たっせい】达成；实现〈名〉
達者	[たっしゃ]		【たっしゃ】健康；健壮；（技艺）娴熟〈ナ形〉
違い	[ちがい]		【ちがい】差异；不同〈名〉
違いない	[ちがいない]		【ちがいない】没错；一定〈惯〉
違う	[ちがう]		【ちがう】不同；（回答）不是〈动1〉
違える	[ちがえる]		【ちがえる】弄错；改变；违背〈动2〉
違反	[いはん]		【いはん】违反〈名〉
遠い	[とおい]		【とおい】远的；遥远的；（关系）疏远〈イ形〉
遠く	[とおく]		【とおく】远方；远处〈名〉
遠ざかる	[とおざかる]		【とおざかる】远离；疏远〈动1〉
遠回り	[とおまわり]		【とおまわり】绕远；迂回〈名〉
遠慮	[えんりょする]		【えんりょする】客气；顾虑；谦让〈动3〉
遠方	[えんぽう]		【えんぽう】远方〈名〉
遠足	[えんそく]		【えんそく】远足；郊游〈名〉
遡る	[さかのぼる]		【さかのぼる】逆流而上；追溯〈动1〉
遣い	[つかい]		【つかい】使者；差遣〈名〉
遣り通す	[やりとおす]		【やりとおす】坚持做完；贯彻始终〈动1〉
遣る	[やる]		【やる】做；干；（对晚辈）给〈动1〉
遥か	[はるか]		【はるか】遥远；远远〈ナ形〉
適する	[てきする]		【てきする】适合〈动3〉
適切	[てきせつ]		【てきせつ】恰当；妥当〈ナ形〉
適宜	[てきぎ]		【てきぎ】适宜；酌情〈副〉
適度	[てきど]		【てきど】适度〈ナ形〉
適当	[てきとう]		【てきとう】适当的；合适的；随便〈ナ形〉
適応	[てきおう]		【てきおう】适应〈名〉
適性	[てきせい]		【てきせい】资质；禀性〈名〉
適用	[てきよう]		【てきよう】适用；应用〈名〉
適確	[てきかく]		【てきかく】准确；确切〈ナ形〉
遭う	[あう]		【あう】遭遇；碰上〈动1〉
遭難	[そうなん]		【そうなん】遇难；遭灾〈名〉
遮る	[さえぎる]		【さえぎる】遮挡；拦截；打断〈动1〉
選ぶ	[えらぶ]		【えらぶ】选择；挑选〈动1〉
選手	[せんしゅ]		【せんしゅ】选手；运动员〈名〉
選択	[せんたく]		【せんたく】选择〈名〉
選挙	[せんきょ]		【せんきょ】选举〈名〉
選考	[せんこう]		【せんこう】选拔；挑选〈名〉
遺跡	[いせき]		【いせき】遗迹；遗址〈名〉
避ける	[さける]		【さける】躲避；避开〈动2〉
避難	[ひなん]		【ひなん】避难；逃难〈名〉
還元	[かんげん]		【かんげん】还原；返还〈名〉
還暦	[かんれき]		【かんれき】花甲；六十岁〈名〉
邪魔	[じゃま]		【じゃま】妨碍；打扰〈名〉
邸宅	[ていたく]		【ていたく】宅邸；公馆〈名〉
郊外	[こうがい]		【こうがい】郊外；郊区〈名〉
郡	[ぐん]		【ぐん】郡；（量词）郡〈名〉
部	[ぶ]		【ぶ】部；部门；（量）部〈名〉
部下	[ぶか]		【ぶか】部下；下属〈名〉
部分	[ぶぶん]		【ぶぶん】部分〈名〉
部品	[ぶひん]		【ぶひん】零件；部件〈名〉
部屋	[へや]		【へや】房间；屋子〈名〉
部長	[ぶちょう]		【ぶちょう】部长；部门经理〈名〉
部門	[ぶもん]		【ぶもん】部门；领域〈名〉
部首	[ぶしゅ]		【ぶしゅ】部首〈名〉
郵便	[ゆうびん]		【ゆうびん】邮政；邮件〈名〉
郵便局	[ゆうびんきょく]		【ゆうびんきょく】邮局〈名〉
郵送	[ゆうそう]		【ゆうそう】邮寄〈名〉
郷愁	[きょうしゅう]		【きょうしゅう】乡愁；怀旧〈名〉
郷里	[きょうり]		【きょうり】故乡；老家〈名〉
都	[と・みやこ]		【と・みやこ】首都；京城；都市〈名〉
都会	[とかい]		【とかい】都市；城市〈名〉
都合	[つごう]		【つごう】方便与否；情况；安排〈名〉
都市	[とし]		【とし】城市；都市〈名〉
都心	[としん]		【としん】市中心〈名〉
酌む	[くむ]		【くむ】斟（酒）〈动1〉
配る	[くばる]		【くばる】分发；分配〈动1〉
配偶者	[はいぐうしゃ]		【はいぐうしゃ】配偶〈名〉
配分	[はいぶん]		【はいぶん】分配〈名〉
配列	[はいれつ]		【はいれつ】排列；布置；（编程）数组〈名〉
配布	[はいふ]		【はいふ】分发；散布〈名〉
配慮	[はいりょ]		【はいりょ】关照；考虑〈名〉
配給	[はいきゅう]		【はいきゅう】配给；（影片）发行〈名〉
配置	[はいち]		【はいち】配置；布置；安置〈名〉
配達	[はいたつ]		【はいたつ】投递；配送〈名〉
酒	[さけ]		【さけ】酒；日本酒〈名〉
酒場	[さかば]		【さかば】酒馆；酒场〈名〉
酔う	[よう]		【よう】醉；（车船）晕〈动1〉
酔っ払い	[よっぱらい]		【よっぱらい】醉汉；醉鬼〈名〉
酢	[す]		【す】醋〈名〉
酪農	[らくのう]		【らくのう】奶牛业；乳畜业〈名〉
酷い	[ひどい]		【ひどい】残酷的；糟糕的；严重的〈イ形〉
酸	[さん]		【さん】酸；酸性〈名〉
酸っぱい	[すっぱい]		【すっぱい】酸的〈イ形〉
酸化	[さんか]		【さんか】氧化〈名〉
酸性	[さんせい]		【さんせい】酸性〈名〉
酸素	[さんそ]		【さんそ】氧气〈名〉
醜い	[みにくい]		【みにくい】丑陋的；（行为）丑恶〈イ形〉
醤油	[しょうゆ]		【しょうゆ】酱油〈名〉
重	[え]		【え】（接尾）重；层〈接尾〉
重い	[おもい]		【おもい】重的；（病情）重；（心情）沉重〈イ形〉
重たい	[おもたい]		【おもたい】沉重的；（心情）沉重〈イ形〉
重なる	[かさなる]		【かさなる】重叠；（日期）赶在一块〈动1〉
重ねる	[かさねる]		【かさねる】重复；（东西）摞〈动2〉
重んじる	[おもんじる]		【おもんじる】重视；尊重〈动2〉
重んずる	[おもんずる]		【おもんずる】重视；尊重〈动3〉
重体	[じゅうたい]		【じゅうたい】（病情）危重〈名〉
重力	[じゅうりょく]		【じゅうりょく】重力〈名〉
重大	[じゅうだい]		【じゅうだい】重大；严重〈ナ形〉
重宝	[じゅうほう]		【じゅうほう】珍视；便利（的东西）〈名〉
重役	[じゅうやく]		【じゅうやく】董事；（公司）要员〈名〉
重点	[じゅうてん]		【じゅうてん】重点〈名〉
重複	[じゅうふく]		【じゅうふく】重复；重叠〈名〉
重要	[じゅうよう]		【じゅうよう】重要〈ナ形〉
重視	[じゅうし]		【じゅうし】重视〈名〉
重量	[じゅうりょう]		【じゅうりょう】重量〈名〉
野	[の]		【の】野；原野〈名〉
野党	[やとう]		【やとう】在野党〈名〉
野外	[やがい]		【やがい】野外；露天〈名〉
野心	[やしん]		【やしん】野心；雄心〈名〉
野生	[やせい]		【やせい】野生〈名〉
野菜	[やさい]		【やさい】蔬菜〈名〉
量	[りょう]		【りょう】量；数量〈名〉
量る	[はかる]		【はかる】量；称〈动1〉
金	[かね]		【かね】金子；钱；（将棋）金将〈名〉
金属	[きんぞく]		【きんぞく】金属〈名〉
金庫	[きんこ]		【きんこ】保险柜；金库〈名〉
金持ち	[かねもち]		【かねもち】有钱人〈名〉
金曜	[きんよう]		【きんよう】星期五〈名〉
金曜日	[きんようび]		【きんようび】星期五〈名〉
金槌	[かなづち]		【かなづち】锤子；（俗）不会游泳（的人）〈名〉
金融	[きんゆう]		【きんゆう】金融〈名〉
金銭	[きんせん]		【きんせん】金钱〈名〉
金額	[きんがく]		【きんがく】金额〈名〉
金魚	[きんぎょ]		【きんぎょ】金鱼〈名〉
釘	[くぎ]		【くぎ】钉子〈名〉
釜	[かま]		【かま】锅；釜〈名〉
針	[はり]		【はり】针；（钟表）针〈名〉
針路	[しんろ]		【しんろ】航向；路线〈名〉
針金	[はりがね]		【はりがね】铁丝；金属丝〈名〉
釣り	[つり]		【つり】钓鱼〈名〉
釣り合う	[つりあう]		【つりあう】平衡；般配〈动1〉
釣る	[つる]		【つる】钓（鱼）；引诱〈动1〉
釣鐘	[つりがね]		【つりがね】吊钟；寺院的钟〈名〉
鈍い	[にぶい]		【にぶい】钝的；（感觉）迟钝〈イ形〉
鈍る	[なまる]		【なまる】变迟钝；减退〈动1〉
鈍感	[どんかん]		【どんかん】迟钝（的人）〈ナ形〉
鈴	[すず]		【すず】铃；铃铛〈名〉
鉄	[てつ]		【てつ】铁〈名〉
鉄棒	[かなぼう]		【かなぼう】铁棒；（体操）单杠〈名〉
鉄橋	[てっきょう]		【てっきょう】铁桥；（铁路）桥〈名〉
鉄片	[てっぺん]		【てっぺん】铁片；铁屑〈名〉
鉄砲	[てっぽう]		【てっぽう】枪；火枪〈名〉
鉄道	[てつどう]		【てつどう】铁路〈名〉
鉄鋼	[てっこう]		【てっこう】钢铁〈名〉
鉛	[なまり]		【なまり】铅〈名〉
鉛筆	[えんぴつ]		【えんぴつ】铅笔〈名〉
鉢	[はち]		【はち】钵；花盆〈名〉
鉱山	[こうざん]		【こうざん】矿山〈名〉
鉱業	[こうぎょう]		【こうぎょう】矿业〈名〉
鉱物	[こうぶつ]		【こうぶつ】矿物〈名〉
銀	[ぎん]		【ぎん】银；银色〈名〉
銀行	[ぎんこう]		【ぎんこう】银行〈名〉
銃	[じゅう]		【じゅう】枪；步枪〈名〉
銅	[どう]		【どう】铜；铜器〈名〉
銘々	[めいめい]		【めいめい】各人；分别〈副〉
鋏	[はさみ]		【はさみ】剪刀〈名〉
鋭い	[するどい]		【するどい】锋利的；（感觉）敏锐〈イ形〉
鋸	[のこぎり]		【のこぎり】锯〈名〉
錆	[さび]		【さび】锈〈名〉
錆び	[さび]		【さび】锈〈名〉
錆びる	[さびる]		【さびる】生锈〈动2〉
錯覚	[さっかく]		【さっかく】错觉；误认〈名〉
錯誤	[さくご]		【さくご】错误；错误（认知）〈名〉
録音	[ろくおん]		【ろくおん】录音〈名〉
鍋	[なべ]		【なべ】锅；（火锅）锅〈名〉
鍛える	[きたえる]		【きたえる】锻炼；锻造〈动2〉
鍵	[かぎ]		【かぎ】钥匙；关键〈名〉
鎖	[くさり]		【くさり】链子；锁链〈名〉
鏡	[かがみ]		【かがみ】镜子〈名〉
鐘	[かね]		【かね】钟；大钟〈名〉
鑑賞	[かんしょう]		【かんしょう】鉴赏；欣赏〈名〉
長	[おさ]		【おさ】首领；头目；（接尾）…长〈名〉
長々	[ながなが]		【ながなが】长长地；冗长地〈副〉
長い	[ながい]		【ながい】长的；（时间）长久〈イ形〉
長大	[ちょうだい]		【ちょうだい】长而大；篇幅冗长〈ナ形〉
長女	[ちょうじょ]		【ちょうじょ】长女；大女儿〈名〉
長官	[ちょうかん]		【ちょうかん】长官；署长〈名〉
長引く	[ながびく]		【ながびく】拖长；（病）拖〈动1〉
長所	[ちょうしょ]		【ちょうしょ】长处〈名〉
長方形	[ちょうほうけい]		【ちょうほうけい】长方形〈名〉
長期	[ちょうき]		【ちょうき】长期〈名〉
長男	[ちょうなん]		【ちょうなん】长子；大儿子〈名〉
長短	[ちょうたん]		【ちょうたん】长短；优缺点〈名〉
長編	[ちょうへん]		【ちょうへん】长篇〈名〉
長閑	[のどか]		【のどか】悠闲；宁静〈ナ形〉
門	[もん]		【もん】大门；（校）门〈名〉
閉じる	[とじる]		【とじる】关闭；（书）合上〈动2〉
閉まる	[しまる]		【しまる】（门窗等）关上；闭〈动1〉
閉める	[しめる]		【しめる】把（门、窗等）关上〈动2〉
閉会	[へいかい]		【へいかい】闭会〈名〉
閉口	[へいこう]		【へいこう】闭口；为难；吃不消〈名〉
閉鎖	[へいさ]		【へいさ】关闭；封闭〈名〉
開く	[あく；ひらく]		【あく】（门窗等）开；打开〈动1〉
開ける	[あける]		【あける】打开；开启〈动2〉
開会	[かいかい]		【かいかい】开会；开幕〈名〉
開催	[かいさい]		【かいさい】举办；召开〈名〉
開始	[かいし]		【かいし】开始〈名〉
開拓	[かいたく]		【かいたく】开垦；开拓〈名〉
開放	[かいほう]		【かいほう】开放〈名〉
開発	[かいはつ]		【かいはつ】开发；研制〈名〉
開通	[かいつう]		【かいつう】开通；（路）通车〈名〉
間	[あいだ]		【あいだ】之间；间隔；中间〈名〉
間々	[まま]		【まま】有时；偶尔〈副〉
間に合う	[まにあう]		【まにあう】来得及；赶得上〈动1〉
間もなく	[まもなく]		【まもなく】不久；马上〈副〉
間も無く	[まもなく]		【まもなく】不久；一会儿〈副〉
間接	[かんせつ]		【かんせつ】间接〈ナ形〉
間柄	[あいだがら]		【あいだがら】关系；（亲属）关系〈名〉
間違い	[まちがい]		【まちがい】错误；差错〈名〉
間違う	[まちがう]		【まちがう】弄错；做错〈动1〉
間違える	[まちがえる]		【まちがえる】弄错；搞错〈动2〉
間隔	[かんかく]		【かんかく】间隔〈名〉
関する	[かんする]		【かんする】关于；有关（～に関する）〈动3〉
関与	[かんよ]		【かんよ】参与；干预〈名〉
関係	[かんけい]		【かんけい】关系；关联〈名〉
関心	[かんしん]		【かんしん】关心；兴趣〈名〉
関東	[かんとう]		【かんとう】关东〈名〉
関税	[かんぜい]		【かんぜい】关税〈名〉
関連	[かんれん]		【かんれん】关联；相关〈名〉
閲覧	[えつらん]		【えつらん】阅览；查阅〈名〉
闇	[やみ]		【やみ】黑暗；暗处；黑市〈名〉
防ぐ	[ふせぐ]		【ふせぐ】防；防止；防御〈动1〉
防止	[ぼうし]		【ぼうし】防止〈名〉
防火	[ぼうか]		【ぼうか】防火〈名〉
防犯	[ぼうはん]		【ぼうはん】防盗；预防犯罪〈名〉
防衛	[ぼうえい]		【ぼうえい】防卫；保卫〈名〉
阻む	[はばむ]		【はばむ】阻止；阻挡〈动1〉
阻止	[そし]		【そし】阻止〈名〉
附属	[ふぞく]		【ふぞく】附属〈名〉
降りる	[おりる]		【おりる】下（车、楼梯）；降下〈动2〉
降り出す	[ふりだす]		【ふりだす】（雨等）开始下〈动1〉
降る	[ふる]		【ふる】下（雨、雪）；降〈动1〉
降ろす	[おろす]		【おろす】取下；放下；（车）卸〈动1〉
降伏	[こうふく]		【こうふく】投降〈名〉
降水	[こうすい]		【こうすい】降水〈名〉
限る	[かぎる]		【かぎる】限定；（不）一定（とは限らない）〈动1〉
限定	[げんてい]		【げんてい】限定；限制〈名〉
限度	[げんど]		【げんど】限度〈名〉
限界	[げんかい]		【げんかい】界限；极限〈名〉
除く	[のぞく]		【のぞく】除去；除外〈动1〉
除外	[じょがい]		【じょがい】除外；排除〈名〉
陰	[かげ]		【かげ】影子；阴凉处〈名〉
陰気	[いんき]		【いんき】阴郁；阴沉〈ナ形〉
陳列	[ちんれつ]		【ちんれつ】陈列；展览〈名〉
陶器	[とうき]		【とうき】陶器〈名〉
陸	[りく]		【りく】陆地；陆（海陆空）〈名〉
険しい	[けわしい]		【けわしい】险峻；（眼神）严厉〈イ形〉
陽射	[ひざし]		【ひざし】阳光〈名〉
陽気	[ようき]		【ようき】时节；气氛；开朗〈名・ナ形〉
隅	[すみ]		【すみ】角落；角〈名〉
階	[かい]		【かい】（量）层；楼〈名〉
階層	[かいそう]		【かいそう】阶层；层次〈名〉
階段	[かいだん]		【かいだん】楼梯；台阶〈名〉
階級	[かいきゅう]		【かいきゅう】阶级；等级〈名〉
随分	[ずいぶん]		【ずいぶん】相当；很〈副〉
随筆	[ずいひつ]		【ずいひつ】随笔〈名〉
隔たる	[へだたる]		【へだたる】相隔；（心）有隔阂〈动1〉
隔てる	[へだてる]		【へだてる】隔开；（心）隔阂〈动2〉
隔週	[かくしゅう]		【かくしゅう】每隔一周〈名〉
隙間	[すきま]		【すきま】缝隙；空隙〈名〉
際	[さい]		【さい】……之际；时候〈名〉
障る	[さわる]		【さわる】妨碍；（身体）不适〈动1〉
障子	[しょうじ]		【しょうじ】障子（纸拉门）〈名〉
障害	[しょうがい]		【しょうがい】障碍；（身体）残疾〈名〉
隠す	[かくす]		【かくす】隐藏；隐瞒〈动1〉
隠れる	[かくれる]		【かくれる】躲；隐藏〈动2〉
隠居	[いんきょ]		【いんきょ】隐居；（为让位）隐退〈名〉
隣	[となり]		【となり】隔壁；旁边；邻居〈名〉
雄	[おす]		【おす】雄；公（动物）〈名〉
雅致	[がち]		【がち】雅致；风雅〈名〉
集まり	[あつまり]		【あつまり】集合；聚集；聚会〈名〉
集まる	[あつまる]		【あつまる】聚集；集合〈动1〉
集める	[あつめる]		【あつめる】收集；聚集〈动2〉
集中	[しゅうちゅう]		【しゅうちゅう】集中〈名〉
集会	[しゅうかい]		【しゅうかい】集会〈名〉
集合	[しゅうごう]		【しゅうごう】集合；（数学）集合〈名〉
集団	[しゅうだん]		【しゅうだん】集体；集团〈名〉
集計	[しゅうけい]		【しゅうけい】汇总；合计〈名〉
集金	[しゅうきん]		【しゅうきん】收款；收钱〈名〉
雇う	[やとう]		【やとう】雇用；租（车）〈动1〉
雇用	[こよう]		【こよう】雇用；聘用〈名〉
雌	[めす]		【めす】雌；母（动物）〈名〉
雑	[ざつ]		【ざつ】粗糙；马虎〈ナ形〉
雑巾	[ぞうきん]		【ぞうきん】抹布〈名〉
雑木	[ざつぼく]		【ざつぼく】杂木〈名〉
雑誌	[ざっし]		【ざっし】杂志〈名〉
雑談	[ざつだん]		【ざつだん】闲谈；聊天〈名〉
雑貨	[ざっか]		【ざっか】杂货〈名〉
雑音	[ざつおん]		【ざつおん】噪音；杂音〈名〉
雛	[ひな]		【ひな】雏鸟；（装饰）偶人〈名〉
離す	[はなす]		【はなす】使分开；放开〈动1〉
離れる	[はなれる]		【はなれる】离开；分离；（距离）相隔〈动2〉
離婚	[りこん]		【りこん】离婚〈名〉
難	[なん]		【なん】困难；灾难；（接尾）难于〈名〉
難い	[にくい]		【にくい】难的；难于（做）〈イ形〉
難しい	[むずかしい]		【むずかしい】难的；困难的；（人）难对付〈イ形〉
雨	[あめ]		【あめ】雨〈名〉
雨具	[あまぐ]		【あまぐ】雨具〈名〉
雨天	[うてん]		【うてん】雨天〈名〉
雨戸	[あまど]		【あまど】防雨门；挡雨板〈名〉
雪	[ゆき]		【ゆき】雪〈名〉
雪崩	[なだれ]		【なだれ】雪崩〈名〉
雫	[しずく]		【しずく】水滴；泪滴〈名〉
雰囲気	[ふんいき]		【ふんいき】气氛；氛围〈名〉
雲	[くも]		【くも】云〈名〉
零	[れい]		【れい】零〈数〉
零す	[こぼす]		【こぼす】洒；泼〈动1〉
零れる	[こぼれる]		【こぼれる】溢出；洒落〈动2〉
零点	[れいてん]		【れいてん】零分；零点〈名〉
雷	[かみなり]		【かみなり】雷；雷电〈名〉
電力	[でんりょく]		【でんりょく】电力〈名〉
電報	[でんぽう]		【でんぽう】电报〈名〉
電子	[でんし]		【でんし】电子〈名〉
電柱	[でんちゅう]		【でんちゅう】电线杆〈名〉
電気	[でんき]		【でんき】电；电灯〈名〉
電池	[でんち]		【でんち】电池〈名〉
電波	[でんぱ]		【でんぱ】电波；电讯〈名〉
電流	[でんりゅう]		【でんりゅう】电流〈名〉
電源	[でんげん]		【でんげん】电源〈名〉
電灯	[でんとう]		【でんとう】电灯〈名〉
電球	[でんきゅう]		【でんきゅう】灯泡〈名〉
電線	[でんせん]		【でんせん】电线〈名〉
電話	[でんわ]		【でんわ】电话〈名〉
電車	[でんしゃ]		【でんしゃ】电车；电气火车〈名〉
需要	[じゅよう]		【じゅよう】需求；需要〈名〉
震える	[ふるえる]		【ふるえる】颤抖；发抖〈动2〉
震わせる	[ふるわせる]		【ふるわせる】使颤抖；（声音）发颤〈动2〉
霜	[しも]		【しも】霜〈名〉
霞む	[かすむ]		【かすむ】朦胧；（眼）昏花；（名声）逊色〈动1〉
霧	[きり]		【きり】雾〈名〉
露	[つゆ]		【つゆ】露水；（俗）暂短〈名〉
露骨	[ろこつ]		【ろこつ】露骨；直截了当〈ナ形〉
青	[あお]		【あお】蓝色〈名〉
青い	[あおい]		【あおい】蓝色的；（脸色）苍白〈イ形〉
青少年	[せいしょうねん]		【せいしょうねん】青少年〈名〉
青年	[せいねん]		【せいねん】青年；年轻人〈名〉
青春	[せいしゅん]		【せいしゅん】青春〈名〉
青白い	[あおじろい]		【あおじろい】苍白的；（月色）青白〈イ形〉
静か	[しずか]		【しずか】安静的；静静的〈ナ形〉
静まる	[しずまる]		【しずまる】平息；（心情）平静〈动1〉
静止	[せいし]		【せいし】静止〈名〉
静的	[せいてき]		【せいてき】静止的；静态的〈ナ形〉
非	[ひ]		【ひ】非；不对；缺点〈名〉
非常	[ひじょう]		【ひじょう】非常；（紧急）非常（出口）〈名〉
非常に	[ひじょうに]		【ひじょうに】非常；极其〈副〉
非行	[ひこう]		【ひこう】不良行为；（青少年）犯罪〈名〉
非難	[ひなん]		【ひなん】非难；指责〈名〉
面	[めん]		【めん】面；方面；（假）面具〈名〉
面する	[めんする]		【めんする】面对；面临〈动3〉
面会	[めんかい]		【めんかい】会面；探视〈名〉
面倒	[めんどう]		【めんどう】麻烦；费事；（照顾）照料〈ナ形〉
面倒臭い	[めんどうくさい]		【めんどうくさい】麻烦；懒得〈イ形〉
面接	[めんせつ]		【めんせつ】面试〈名〉
面白い	[おもしろい]		【おもしろい】有趣的；有意思的〈イ形〉
面皰	[にきび]		【にきび】粉刺；青春痘〈名〉
面目	[めんぼく]		【めんぼく】面子；名誉；体面〈名〉
面積	[めんせき]		【めんせき】面积〈名〉
革	[かわ]		【かわ】皮革〈名〉
革命	[かくめい]		【かくめい】革命〈名〉
革新	[かくしん]		【かくしん】革新；创新〈名〉
靴	[くつ]		【くつ】鞋〈名〉
靴下	[くつした]		【くつした】袜子〈名〉
鞠	[まり]		【まり】球；线球〈名〉
音	[おと]		【おと】声音；响声〈名〉
音楽	[おんがく]		【おんがく】音乐〈名〉
音色	[ねいろ]		【ねいろ】音色〈名〉
響き	[ひびき]		【ひびき】响声；回响；音韵〈名〉
響く	[ひびく]		【ひびく】响；（影响）波及〈动1〉
頂	[いただき]		【いただき】顶；顶部〈名〉
頂く	[いただく]		【いただく】领受；吃（もらう、食べる的自谦）〈动1〉
頂上	[ちょうじょう]		【ちょうじょう】山顶；顶点〈名〉
頂点	[ちょうてん]		【ちょうてん】顶点；顶峰〈名〉
頃	[ころ]		【ころ】时候；时期（今頃）〈名〉
項目	[こうもく]		【こうもく】项目〈名〉
順	[じゅん]		【じゅん】顺序；（量词）顺〈名〉
順々	[じゅんじゅん]		【じゅんじゅん】依次〈副〉
順序	[じゅんじょ]		【じゅんじょ】顺序〈名〉
順番	[じゅんばん]		【じゅんばん】顺序；轮次〈名〉
順調	[じゅんちょう]		【じゅんちょう】顺利〈ナ形〉
預かる	[あずかる]		【あずかる】保管；（行李）寄存〈动1〉
預ける	[あずける]		【あずける】寄存；托付〈动2〉
預金	[よきん]		【よきん】存款；存钱〈名〉
頑丈	[がんじょう]		【がんじょう】结实；（身体）健壮〈ナ形〉
頑固	[がんこ]		【がんこ】顽固；固执〈ナ形〉
領事	[りょうじ]		【りょうじ】领事〈名〉
領収	[りょうしゅう]		【りょうしゅう】收到；（发票）收讫〈名〉
領土	[りょうど]		【りょうど】领土〈名〉
領地	[りょうち]		【りょうち】领地〈名〉
領域	[りょういき]		【りょういき】领域；区域〈名〉
領海	[りょうかい]		【りょうかい】领海〈名〉
頬	[ほほ]		【ほほ】脸颊〈名〉
頬っぺた	[ほっぺた]		【ほっぺた】脸颊〈名〉
頭	[あたま]		【あたま】头；脑袋；头脑〈名〉
頭痛	[ずつう]		【ずつう】头痛〈名〉
頭脳	[ずのう]		【ずのう】头脑；智力〈名〉
頻りに	[しきりに]		【しきりに】频繁地；不断地〈副〉
頻繁	[ひんぱん]		【ひんぱん】频繁〈ナ形〉
頼み	[たのみ]		【たのみ】请求；委托〈名〉
頼む	[たのむ]		【たのむ】请求；拜托；点（菜）〈动1〉
頼もしい	[たのもしい]		【たのもしい】可靠的；有出息的；令人放心的〈イ形〉
頼る	[たよる]		【たよる】依赖；依靠〈动1〉
題	[だい]		【だい】题；（接尾）～题〈名〉
題名	[だいめい]		【だいめい】标题；题目〈名〉
額	[がく]		【がく】额头；（数量）额〈名〉
顎	[あご]		【あご】下巴；下颚〈名〉
顔付き	[かおつき]		【かおつき】相貌；表情〈名〉
顕微鏡	[けんびきょう]		【けんびきょう】显微镜〈名〉
願い	[ねがい]		【ねがい】愿望；请求〈名〉
願う	[ねがう]		【ねがう】希望；请求；祈祷〈动1〉
願書	[がんしょ]		【がんしょ】申请书〈名〉
類	[たぐい]		【たぐい】同类；（接尾）…之类〈名〉
類似	[るいじ]		【るいじ】类似；相似〈名〉
類推	[るいすい]		【るいすい】类推〈名〉
顧みる	[かえりみる]		【かえりみる】回顾；回头看；顾及〈动2〉
風	[かぜ]		【かぜ】风；风格〈名〉
風俗	[ふうぞく]		【ふうぞく】风俗；（不良）风俗行业〈名〉
風呂	[ふろ]		【ふろ】浴池；洗澡〈名〉
風呂敷	[ふろしき]		【ふろしき】包袱皮〈名〉
風土	[ふうど]		【ふうど】风土；水土〈名〉
風景	[ふうけい]		【ふうけい】风景；情景〈名〉
風習	[ふうしゅう]		【ふうしゅう】风俗；习惯〈名〉
風船	[ふうせん]		【ふうせん】气球〈名〉
風車	[かざぐるま]		【かざぐるま】风车〈名〉
風邪	[かぜ]		【かぜ】感冒〈名〉
飛ばす	[とばす]		【とばす】使飞；（车速）加快；跳过〈动1〉
飛び出す	[とびだす]		【とびだす】跑出；冲出〈动1〉
飛び込む	[とびこむ]		【とびこむ】跳入；（消息）传进〈动1〉
飛ぶ	[とぶ]		【とぶ】飞；跳；（消息）传开〈动1〉
飛行	[ひこう]		【ひこう】飞行〈名〉
飛行場	[ひこうじょう]		【ひこうじょう】机场〈名〉
飛行機	[ひこうき]		【ひこうき】飞机〈名〉
食い違う	[くいちがう]		【くいちがう】不一致；有分歧〈动1〉
食う	[くう]		【くう】吃（粗俗）；靠……生活〈动1〉
食べる	[たべる]		【たべる】吃〈动2〉
食べ物	[たべもの]		【たべもの】食物；食品〈名〉
食事	[しょくじ]		【しょくじ】吃饭；饭菜〈名〉
食卓	[しょくたく]		【しょくたく】餐桌〈名〉
食品	[しょくひん]		【しょくひん】食品〈名〉
食器	[しょっき]		【しょっき】餐具〈名〉
食堂	[しょくどう]		【しょくどう】食堂；餐馆〈名〉
食塩	[しょくえん]		【しょくえん】食盐〈名〉
食料	[しょくりょう]		【しょくりょう】食物；粮食〈名〉
食料品	[しょくりょうひん]		【しょくりょうひん】食品；食材〈名〉
食欲	[しょくよく]		【しょくよく】食欲〈名〉
食物	[しょくもつ]		【しょくもつ】食物〈名〉
食糧	[しょくりょう]		【しょくりょう】粮食〈名〉
飢える	[うえる]		【うえる】饥饿；渴望〈动2〉
飢饉	[ききん]		【ききん】饥荒〈名〉
飯	[めし]		【めし】饭；（口语）饭食〈名〉
飲み物	[のみもの]		【のみもの】饮料〈名〉
飲み込む	[のみこむ]		【のみこむ】吞下；理解〈动1〉
飲む	[のむ]		【のむ】喝；饮；吞服（药）〈动1〉
飴	[あめ]		【あめ】糖；糖果〈名〉
飼う	[かう]		【かう】饲养；养（动物）〈动1〉
飼育	[しいく]		【しいく】饲养〈名〉
飽きる	[あきる]		【あきる】厌倦；腻〈动2〉
飽くまで	[あくまで]		【あくまで】到底；彻底地〈副〉
飽和	[ほうわ]		【ほうわ】饱和〈名〉
飾り	[かざり]		【かざり】装饰；装饰品〈名〉
飾る	[かざる]		【かざる】装饰；装点〈动1〉
餅	[もち]		【もち】年糕；麻糬〈名〉
養う	[やしなう]		【やしなう】养育；培养；维持〈动1〉
養分	[ようぶん]		【ようぶん】养分〈名〉
養成	[ようせい]		【ようせい】培养；培训〈名〉
養護	[ようご]		【ようご】养护；护理〈名〉
餌	[えさ]		【えさ】饵；饲料〈名〉
館	[かん]		【かん】馆；宅邸；（接尾）…馆〈名〉
饂飩	[うどん]		【うどん】乌冬面〈名〉
首	[くび]		【くび】脖子；（被）解雇〈名〉
首相	[しゅしょう]		【しゅしょう】首相〈名〉
首脳	[しゅのう]		【しゅのう】首脑；领导层〈名〉
首輪	[くびわ]		【くびわ】项圈；（狗的）颈圈〈名〉
首都	[しゅと]		【しゅと】首都〈名〉
首飾り	[くびかざり]		【くびかざり】项链〈名〉
香り	[かおり]		【かおり】香气；芳香〈名〉
香水	[こうすい]		【こうすい】香水〈名〉
香辛料	[こうしんりょう]		【こうしんりょう】香料；调味料〈名〉
馬	[うま]		【うま】马〈名〉
馬鹿	[ばか]		【ばか】傻瓜；愚蠢；（口语）过分〈ナ形〉
馬鹿らしい	[ばからしい]		【ばからしい】愚蠢的；不值当的〈イ形〉
馬鹿馬鹿しい	[ばかばかしい]		【ばかばかしい】愚蠢的；荒唐的〈イ形〉
馴らす	[ならす]		【ならす】驯养；使习惯〈动1〉
馴れる	[なれる]		【なれる】驯服；熟悉；习惯〈动2〉
馴れ馴れしい	[なれなれしい]		【なれなれしい】过于亲昵的；套近乎的〈イ形〉
駄作	[ださく]		【ださく】劣作；拙劣的作品〈名〉
駄目	[だめ]		【だめ】不行；没用〈ナ形〉
駅	[えき]		【えき】车站〈名〉
駆けっこ	[かけっこ]		【かけっこ】赛跑〈名〉
駆ける	[かける]		【かける】奔跑；（马）疾驰〈动2〉
駆け足	[かけあし]		【かけあし】跑步；快跑；（服务）不充分〈名〉
駐車	[ちゅうしゃ]		【ちゅうしゃ】停车〈名〉
駐車場	[ちゅうしゃじょう]		【ちゅうしゃじょう】停车场〈名〉
騒々しい	[そうぞうしい]		【そうぞうしい】吵闹的〈イ形〉
騒がしい	[さわがしい]		【さわがしい】吵闹的；喧嚷〈イ形〉
騒ぎ	[さわぎ]		【さわぎ】吵闹；骚动〈名〉
騒ぐ	[さわぐ]		【さわぐ】吵闹；喧哗；慌乱〈动1〉
騒動	[そうどう]		【そうどう】骚动；动乱〈名〉
騒音	[そうおん]		【そうおん】噪音〈名〉
騙す	[だます]		【だます】骗；欺骗〈动1〉
驚かす	[おどろかす]		【おどろかす】使吃惊；吓唬〈动1〉
驚き	[おどろき]		【おどろき】惊讶；惊奇〈名〉
驚く	[おどろく]		【おどろく】惊讶；吃惊〈动1〉
驚異	[きょうい]		【きょうい】惊异；惊人的事〈名〉
骨	[ほね]		【ほね】骨；骨头〈名〉
骨折	[こっせつ]		【こっせつ】骨折〈名〉
骨董品	[こっとうひん]		【こっとうひん】古董〈名〉
高	[たか]		【たか】（金额、数量）高；数额〈名〉
高い	[たかい]		【たかい】高的；（价格）贵〈イ形〉
高まる	[たかまる]		【たかまる】升高；高涨〈动1〉
高める	[たかめる]		【たかめる】提高；使升高〈动2〉
高価	[こうか]		【こうか】高价；昂贵〈ナ形〉
高原	[こうげん]		【こうげん】高原〈名〉
高尚	[こうしょう]		【こうしょう】高尚；高深〈ナ形〉
高層	[こうそう]		【こうそう】高层〈名〉
高度	[こうど]		【こうど】高度；（技术）高〈名〉
高校	[こうこう]		【こうこう】高中〈名〉
高校生	[こうこうせい]		【こうこうせい】高中生〈名〉
高等	[こうとう]		【こうとう】高等〈ナ形〉
高等学校	[こうとうがっこう]		【こうとうがっこう】高中（正式说法）〈名〉
高級	[こうきゅう]		【こうきゅう】高级〈ナ形〉
高速	[こうそく]		【こうそく】高速；（高速）公路〈名〉
髪	[かみ]		【かみ】头发〈名〉
髪の毛	[かみのけ]		【かみのけ】头发〈名〉
髭	[ひげ]		【ひげ】胡须；胡子〈名〉
鬱陶しい	[うっとうしい]		【うっとうしい】阴沉的；腻烦的〈イ形〉
鬼	[おに]		【おに】鬼；（捉人游戏中的）鬼〈名〉
魂	[たましい]		【たましい】灵魂；魂〈名〉
魅力	[みりょく]		【みりょく】魅力〈名〉
魚	[さかな]		【さかな】鱼〈名〉
鮮やか	[あざやか]		【あざやか】鲜艳；漂亮；出色〈ナ形〉
鳥	[とり]		【とり】鸟；鸡（肉）〈名〉
鳥居	[とりい]		【とりい】鸟居（神社牌坊）〈名〉
鳴く	[なく]		【なく】（鸟兽）叫；鸣；（时钟）报时〈动1〉
鳴らす	[ならす]		【ならす】使响；（知名度）叫响〈动1〉
鳴る	[なる]		【なる】响；（电话）铃响〈动1〉
麓	[ふもと]		【ふもと】山脚；山麓〈名〉
麻	[あさ]		【あさ】麻；亚麻〈名〉
麻痺	[まひ]		【まひ】麻痹；麻木〈名〉
麻酔	[ますい]		【ますい】麻醉〈名〉
黄色	[きいろ]		【きいろ】黄色〈名〉
黄色い	[きいろい]		【きいろい】黄色的〈イ形〉
黄金	[おうごん]		【おうごん】黄金〈名〉
黒	[くろ]		【くろ】黑色〈名〉
黒い	[くろい]		【くろい】黑色的；黑〈イ形〉
黒字	[くろじ]		【くろじ】（账目）盈余；黑字〈名〉
黒板	[こくばん]		【こくばん】黑板〈名〉
黙る	[だまる]		【だまる】沉默；不作声〈动1〉
黴菌	[ばいきん]		【ばいきん】细菌；病菌〈名〉
鼠	[ねずみ]		【ねずみ】老鼠；鼠〈名〉
鼻	[はな]		【はな】鼻子〈名〉
鼾	[いびき]		【いびき】鼾声；打呼噜〈名〉
齎らす	[もたらす]		【もたらす】带来；招致〈动1〉
